season,week,game_id,gameday,home_team,away_team,projected_home_margin,projected_total,actual_home_margin,actual_total
2022,1,2022_01_BAL_NYJ,2022-09-11,NYJ,BAL,-0.1874263313611415,46.30463561721099,-15.0,33.0
2022,1,2022_01_BUF_LA,2022-09-08,LA,BUF,0.7051505188509175,46.41735837938225,-21.0,41.0
2022,1,2022_01_CLE_CAR,2022-09-11,CAR,CLE,0.9566903254292711,44.554744987161584,-2.0,50.0
2022,1,2022_01_DEN_SEA,2022-09-12,SEA,DEN,1.9602748168598225,44.42260284878401,1.0,33.0
2022,1,2022_01_GB_MIN,2022-09-11,MIN,GB,0.9122786195630113,47.07000223184077,16.0,30.0
2022,1,2022_01_IND_HOU,2022-09-11,HOU,IND,-0.9093001369395957,45.82822699897082,0.0,40.0
2022,1,2022_01_JAX_WAS,2022-09-11,WAS,JAX,2.855888390569742,45.09546248905285,6.0,50.0
2022,1,2022_01_KC_ARI,2022-09-11,ARI,KC,1.3929162484324529,46.942300494262184,-23.0,65.0
2022,1,2022_01_LV_LAC,2022-09-11,LAC,LV,2.5281688506554474,47.856608775559536,5.0,43.0
2022,1,2022_01_NE_MIA,2022-09-11,MIA,NE,-0.2527792785962575,45.127775734545295,13.0,27.0
2022,1,2022_01_NO_ATL,2022-09-11,ATL,NO,-0.09763497087316964,45.03970954206464,-1.0,53.0
2022,1,2022_01_NYG_TEN,2022-09-11,TEN,NYG,3.9422877961353002,44.76668164160748,-1.0,41.0
2022,1,2022_01_PHI_DET,2022-09-11,DET,PHI,-0.2970791494484466,46.55581772648627,-3.0,73.0
2022,1,2022_01_PIT_CIN,2022-09-11,CIN,PIT,3.0573650291268315,46.105942601797935,-3.0,43.0
2022,1,2022_01_SF_CHI,2022-09-11,CHI,SF,0.09515102773038464,45.371799582824295,9.0,29.0
2022,1,2022_01_TB_DAL,2022-09-11,DAL,TB,1.8744302557259296,47.95209505432817,-16.0,22.0
2022,2,2022_02_ARI_LV,2022-09-18,LV,ARI,0.9155398850598857,47.00783552302408,-6.0,52.0
2022,2,2022_02_ATL_LA,2022-09-18,LA,ATL,1.2010427359016163,45.86980326313204,4.0,58.0
2022,2,2022_02_CAR_NYG,2022-09-18,NYG,CAR,0.5059364218222981,43.42464844151986,3.0,35.0
2022,2,2022_02_CHI_GB,2022-09-18,GB,CHI,0.20186817740728458,42.02421086143534,17.0,37.0
2022,2,2022_02_CIN_DAL,2022-09-18,DAL,CIN,0.5535732781806679,44.306300509767894,3.0,37.0
2022,2,2022_02_HOU_DEN,2022-09-18,DEN,HOU,2.350203446210255,41.80821715900437,7.0,25.0
2022,2,2022_02_IND_JAX,2022-09-18,JAX,IND,-2.542210841144506,44.828605939146755,24.0,24.0
2022,2,2022_02_LAC_KC,2022-09-15,KC,LAC,3.303457451430056,48.52101676812701,3.0,51.0
2022,2,2022_02_MIA_BAL,2022-09-18,BAL,MIA,0.8794603264750585,41.81555190169563,-4.0,80.0
2022,2,2022_02_MIN_PHI,2022-09-19,PHI,MIN,-0.014578093277354043,47.17185834342578,17.0,31.0
2022,2,2022_02_NE_PIT,2022-09-18,PIT,NE,0.13654648153443816,42.81466018788055,-3.0,31.0
2022,2,2022_02_NYJ_CLE,2022-09-18,CLE,NYJ,3.6485841882705614,44.25852664964651,-1.0,61.0
2022,2,2022_02_SEA_SF,2022-09-18,SF,SEA,0.08577197431444006,42.611162118767155,20.0,34.0
2022,2,2022_02_TB_NO,2022-09-18,NO,TB,-2.1138832025077754,43.70505726769021,-10.0,30.0
2022,2,2022_02_TEN_BUF,2022-09-19,BUF,TEN,4.023320008758901,44.278759597272774,34.0,48.0
2022,2,2022_02_WAS_DET,2022-09-18,DET,WAS,-0.39645382811505314,47.85008176475806,9.0,63.0
2022,3,2022_03_ATL_SEA,2022-09-25,SEA,ATL,2.680226719250186,45.001781161897696,-4.0,50.0
2022,3,2022_03_BAL_NE,2022-09-25,NE,BAL,2.596324804895037,43.8441034917047,-11.0,63.0
2022,3,2022_03_BUF_MIA,2022-09-25,MIA,BUF,-2.4006581387506536,45.68836097786088,2.0,40.0
2022,3,2022_03_CIN_NYJ,2022-09-25,NYJ,CIN,-0.5648644620107888,45.17746705672234,-15.0,39.0
2022,3,2022_03_DAL_NYG,2022-09-26,NYG,DAL,0.7445143021991107,41.25009747775228,-7.0,39.0
2022,3,2022_03_DET_MIN,2022-09-25,MIN,DET,3.4662852710676795,46.74950073106967,4.0,52.0
2022,3,2022_03_GB_TB,2022-09-25,TB,GB,5.6653739371206875,41.262927233700424,-2.0,26.0
2022,3,2022_03_HOU_CHI,2022-09-25,CHI,HOU,3.207036232653003,40.44451012314243,3.0,43.0
2022,3,2022_03_JAX_LAC,2022-09-25,LAC,JAX,3.28441932691225,44.371565237064445,-28.0,48.0
2022,3,2022_03_KC_IND,2022-09-25,IND,KC,-2.0503771822787087,45.77439733898916,3.0,37.0
2022,3,2022_03_LA_ARI,2022-09-25,ARI,LA,2.4245554912879683,48.45694244663311,-8.0,32.0
2022,3,2022_03_LV_TEN,2022-09-25,TEN,LV,1.7615828827247384,45.343057530751025,2.0,46.0
2022,3,2022_03_NO_CAR,2022-09-25,CAR,NO,1.254111877343835,42.69231057068069,8.0,36.0
2022,3,2022_03_PHI_WAS,2022-09-25,WAS,PHI,-0.9047107982500009,48.06974079000799,-16.0,32.0
2022,3,2022_03_PIT_CLE,2022-09-22,CLE,PIT,2.2210561365566512,44.67265474532002,12.0,46.0
2022,3,2022_03_SF_DEN,2022-09-25,DEN,SF,1.4882449777600293,39.36274524886365,1.0,21.0
2022,4,2022_04_ARI_CAR,2022-10-02,CAR,ARI,1.9032102554065276,44.39158891824648,-10.0,42.0
2022,4,2022_04_BUF_BAL,2022-10-02,BAL,BUF,-2.766919505426582,47.316371139865055,-3.0,43.0
2022,4,2022_04_CHI_NYG,2022-10-02,NYG,CHI,0.8631967845323061,40.423160065583374,8.0,32.0
2022,4,2022_04_CLE_ATL,2022-10-02,ATL,CLE,-0.21001733447196358,48.31154209715166,3.0,43.0
2022,4,2022_04_DEN_LV,2022-10-02,LV,DEN,-0.8040953052737834,40.00297752537677,9.0,55.0
2022,4,2022_04_JAX_PHI,2022-10-02,PHI,JAX,2.7700402623631533,43.26724635702279,8.0,50.0
2022,4,2022_04_KC_TB,2022-10-02,TB,KC,2.1259990552137857,43.089637746328805,-10.0,72.0
2022,4,2022_04_LAC_HOU,2022-10-02,HOU,LAC,0.9540756395124781,44.520839860096416,-10.0,58.0
2022,4,2022_04_LA_SF,2022-10-03,SF,LA,2.344544107995471,41.169547775642556,15.0,33.0
2022,4,2022_04_MIA_CIN,2022-09-29,CIN,MIA,0.7885348878021041,44.299858270532596,12.0,42.0
2022,4,2022_04_MIN_NO,2022-10-02,NO,MIN,0.08312543895197066,41.52950390854811,-3.0,53.0
2022,4,2022_04_NE_GB,2022-10-02,GB,NE,2.5538808811310716,40.649514072114144,3.0,51.0
2022,4,2022_04_NYJ_PIT,2022-10-02,PIT,NYJ,3.744154506154185,42.88957459347836,-4.0,44.0
2022,4,2022_04_SEA_DET,2022-10-02,DET,SEA,2.1313938572826103,47.89808480773626,-3.0,93.0
2022,4,2022_04_TEN_IND,2022-10-02,IND,TEN,2.6179999875370576,42.50060525761252,-7.0,41.0
2022,4,2022_04_WAS_DAL,2022-10-02,DAL,WAS,4.290584295291389,43.52718164721638,15.0,35.0
2022,5,2022_05_ATL_TB,2022-10-09,TB,ATL,4.922174718094023,45.2197151168934,6.0,36.0
2022,5,2022_05_CHI_MIN,2022-10-09,MIN,CHI,3.5914685916520206,41.39932709601027,7.0,51.0
2022,5,2022_05_CIN_BAL,2022-10-09,BAL,CIN,0.8968219866434559,47.1185520921058,2.0,36.0
2022,5,2022_05_DAL_LA,2022-10-09,LA,DAL,-1.1352990800823655,42.13940848135394,-12.0,32.0
2022,5,2022_05_DET_NE,2022-10-09,NE,DET,2.3373595516189063,51.79109855167812,29.0,29.0
2022,5,2022_05_HOU_JAX,2022-10-09,JAX,HOU,5.666393608981892,43.1760099178032,-7.0,19.0
2022,5,2022_05_IND_DEN,2022-10-06,DEN,IND,2.4297396679845704,38.00168791256155,-3.0,21.0
2022,5,2022_05_LAC_CLE,2022-10-09,CLE,LAC,2.320603227806746,48.36353656691017,-2.0,58.0
2022,5,2022_05_LV_KC,2022-10-10,KC,LV,5.717335434296793,50.314432772990436,1.0,59.0
2022,5,2022_05_MIA_NYJ,2022-10-09,NYJ,MIA,-2.611829981780083,45.12039368870646,23.0,57.0
2022,5,2022_05_NYG_GB,2022-10-09,GB,NYG,3.5475716149897387,40.27242560712416,-5.0,49.0
2022,5,2022_05_PHI_ARI,2022-10-09,ARI,PHI,-2.6401036272558898,46.30175255407191,-3.0,37.0
2022,5,2022_05_PIT_BUF,2022-10-09,BUF,PIT,8.551322029184746,42.62264838388555,35.0,41.0
2022,5,2022_05_SEA_NO,2022-10-09,NO,SEA,1.4847109789272572,46.08659678496062,7.0,71.0
2022,5,2022_05_SF_CAR,2022-10-09,CAR,SF,-2.2434018684524943,39.21292768299612,-22.0,52.0
2022,5,2022_05_TEN_WAS,2022-10-09,WAS,TEN,-0.10039636874846991,44.648960474158216,-4.0,38.0
2022,6,2022_06_ARI_SEA,2022-10-16,SEA,ARI,0.4522652303576642,48.944087347948965,10.0,28.0
2022,6,2022_06_BAL_NYG,2022-10-16,NYG,BAL,-0.9056177811189627,44.921241555641856,4.0,44.0
2022,6,2022_06_BUF_KC,2022-10-16,KC,BUF,-2.5203847896708105,48.53916934032274,-4.0,44.0
2022,6,2022_06_CAR_LA,2022-10-16,LA,CAR,3.214987508627935,42.79006131084604,14.0,34.0
2022,6,2022_06_CIN_NO,2022-10-16,NO,CIN,-1.276482107423739,43.94087676850113,-4.0,56.0
2022,6,2022_06_DAL_PHI,2022-10-16,PHI,DAL,2.376925500108552,42.09607063768256,9.0,43.0
2022,6,2022_06_DEN_LAC,2022-10-17,LAC,DEN,1.397400359217464,42.420607549691546,3.0,35.0
2022,6,2022_06_JAX_IND,2022-10-16,IND,JAX,0.022200594701569543,38.92445457114975,7.0,61.0
2022,6,2022_06_MIN_MIA,2022-10-16,MIA,MIN,0.5521734118199149,45.71566010633502,-8.0,40.0
2022,6,2022_06_NE_CLE,2022-10-16,CLE,NE,-0.09850296122570867,44.41468401291294,-23.0,53.0
2022,6,2022_06_NYJ_GB,2022-10-16,GB,NYJ,3.6119087954003604,44.33014968578465,-17.0,37.0
2022,6,2022_06_SF_ATL,2022-10-16,ATL,SF,-2.774010241069867,42.37426468844007,14.0,42.0
2022,6,2022_06_TB_PIT,2022-10-16,PIT,TB,-4.135008655377639,41.150449843291256,2.0,38.0
2022,6,2022_06_WAS_CHI,2022-10-13,CHI,WAS,2.816286454044093,42.25273355434628,-5.0,19.0
2022,7,2022_07_ATL_CIN,2022-10-23,CIN,ATL,3.942879694016007,44.80873396287248,18.0,52.0
2022,7,2022_07_CHI_NE,2022-10-24,NE,CHI,6.600318072553986,39.76001058285249,-19.0,47.0
2022,7,2022_07_CLE_BAL,2022-10-23,BAL,CLE,4.8837548581938925,49.20265980479056,3.0,43.0
2022,7,2022_07_DET_DAL,2022-10-23,DAL,DET,6.628542525170172,48.17290901256338,18.0,30.0
2022,7,2022_07_GB_WAS,2022-10-23,WAS,GB,-0.4178773105887501,41.00499696075642,2.0,44.0
2022,7,2022_07_HOU_LV,2022-10-23,LV,HOU,3.1370504854458297,44.795050830086026,18.0,58.0
2022,7,2022_07_IND_TEN,2022-10-23,TEN,IND,1.4302349503093161,42.15246531183644,9.0,29.0
2022,7,2022_07_KC_SF,2022-10-23,SF,KC,0.6027648975044038,45.9722169830209,-21.0,67.0
2022,7,2022_07_NO_ARI,2022-10-20,ARI,NO,1.3589954218658349,45.29554703299841,8.0,76.0
2022,7,2022_07_NYG_JAX,2022-10-23,JAX,NYG,2.3707985201405144,41.65680126680887,-6.0,40.0
2022,7,2022_07_NYJ_DEN,2022-10-23,DEN,NYJ,1.2583101946628013,39.111663728455866,-7.0,25.0
2022,7,2022_07_PIT_MIA,2022-10-23,MIA,PIT,3.514319720318852,43.66920574998104,6.0,26.0
2022,7,2022_07_SEA_LAC,2022-10-23,LAC,SEA,2.1367945083331783,49.87186290217544,-14.0,60.0
2022,7,2022_07_TB_CAR,2022-10-23,CAR,TB,-4.294614042068613,40.95420462972746,18.0,24.0
2022,8,2022_08_ARI_MIN,2022-10-30,MIN,ARI,3.2149459217740457,44.87756429623597,8.0,60.0
2022,8,2022_08_BAL_TB,2022-10-27,TB,BAL,0.899531615299022,43.205865989280085,-5.0,49.0
2022,8,2022_08_CAR_ATL,2022-10-30,ATL,CAR,2.802318240845068,43.1600022257074,3.0,71.0
2022,8,2022_08_CHI_DAL,2022-10-30,DAL,CHI,5.415707147200997,37.877045365158,20.0,78.0
2022,8,2022_08_CIN_CLE,2022-10-31,CLE,CIN,-3.0109315296194232,46.59888187339716,19.0,45.0
2022,8,2022_08_DEN_JAX,2022-10-30,JAX,DEN,2.322546664779022,36.59165330159975,-4.0,38.0
2022,8,2022_08_GB_BUF,2022-10-30,BUF,GB,9.785915103354089,42.35036777563428,10.0,44.0
2022,8,2022_08_LV_NO,2022-10-30,NO,LV,-0.09830453637683689,51.18504609946935,24.0,24.0
2022,8,2022_08_MIA_DET,2022-10-30,DET,MIA,-1.4324520426509686,49.374786010173665,-4.0,58.0
2022,8,2022_08_NE_NYJ,2022-10-30,NYJ,NE,0.6280104162351563,43.54070190578118,-5.0,39.0
2022,8,2022_08_NYG_SEA,2022-10-30,SEA,NYG,0.8535292792122995,45.80288969356549,14.0,40.0
2022,8,2022_08_PIT_PHI,2022-10-30,PHI,PIT,8.124562337225377,42.17937570737458,22.0,48.0
2022,8,2022_08_SF_LA,2022-10-30,LA,SF,-0.06811155084885101,41.25988966477843,-17.0,45.0
2022,8,2022_08_TEN_HOU,2022-10-30,HOU,TEN,-1.4593989982069147,42.09766914070483,-7.0,27.0
2022,8,2022_08_WAS_IND,2022-10-30,IND,WAS,2.8432961217357757,40.11808296049492,-1.0,33.0
2022,9,2022_09_BAL_NO,2022-11-07,NO,BAL,-0.1720635536051951,48.68859010583704,-14.0,40.0
2022,9,2022_09_BUF_NYJ,2022-11-06,NYJ,BUF,-5.81913016227805,43.447308987290704,3.0,37.0
2022,9,2022_09_CAR_CIN,2022-11-06,CIN,CAR,6.013850435971037,43.249793730299565,21.0,63.0
2022,9,2022_09_GB_DET,2022-11-06,DET,GB,-0.9682974048304125,48.55538813976834,6.0,24.0
2022,9,2022_09_IND_NE,2022-11-06,NE,IND,4.52960753115774,40.27839308615718,23.0,29.0
2022,9,2022_09_LAC_ATL,2022-11-06,ATL,LAC,2.3664186824942384,50.792830105812996,-3.0,37.0
2022,9,2022_09_LA_TB,2022-11-06,TB,LA,4.0364800210960325,39.68040280952732,3.0,29.0
2022,9,2022_09_LV_JAX,2022-11-06,JAX,LV,2.112784858886272,45.390544146611006,7.0,47.0
2022,9,2022_09_MIA_CHI,2022-11-06,CHI,MIA,0.5576214015547727,44.105427026061946,-3.0,67.0
2022,9,2022_09_MIN_WAS,2022-11-06,WAS,MIN,-1.729167791711145,42.6343453037815,-3.0,37.0
2022,9,2022_09_PHI_HOU,2022-11-03,HOU,PHI,-6.431803762742749,42.81724295015516,-12.0,46.0
2022,9,2022_09_SEA_ARI,2022-11-06,ARI,SEA,0.6160057394934562,49.03919094261495,-10.0,52.0
2022,9,2022_09_TEN_KC,2022-11-06,KC,TEN,6.0168713233536515,48.44229195957408,3.0,37.0
2022,10,2022_10_ARI_LA,2022-11-13,LA,ARI,1.7308888090283894,44.079009323082175,-10.0,44.0
2022,10,2022_10_ATL_CAR,2022-11-10,CAR,ATL,-0.04876820968235762,46.780174695585686,10.0,40.0
2022,10,2022_10_CLE_MIA,2022-11-13,MIA,CLE,2.0584885870663108,48.07858951627634,22.0,56.0
2022,10,2022_10_DAL_GB,2022-11-13,GB,DAL,-2.758616653991087,40.59812434437259,3.0,59.0
2022,10,2022_10_DEN_TEN,2022-11-13,TEN,DEN,2.689553879394868,35.703650591524394,7.0,27.0
2022,10,2022_10_DET_CHI,2022-11-13,CHI,DET,3.0014180479587296,48.986461675894105,-1.0,61.0
2022,10,2022_10_HOU_NYG,2022-11-13,NYG,HOU,5.374490086237639,39.937513261508755,8.0,40.0
2022,10,2022_10_IND_LV,2022-11-13,LV,IND,2.697185461801894,42.76133462580473,-5.0,45.0
2022,10,2022_10_JAX_KC,2022-11-13,KC,JAX,6.390528908950756,48.90271459008447,10.0,44.0
2022,10,2022_10_LAC_SF,2022-11-13,SF,LAC,5.019055178006379,45.2878614429096,6.0,38.0
2022,10,2022_10_MIN_BUF,2022-11-13,BUF,MIN,7.511677900713021,43.59101373296686,-3.0,63.0
2022,10,2022_10_NO_PIT,2022-11-13,PIT,NO,-0.6622634734842983,43.406884238235634,10.0,30.0
2022,10,2022_10_SEA_TB,2022-11-13,TB,SEA,1.6422988018651914,43.98461568508762,5.0,37.0
2022,10,2022_10_WAS_PHI,2022-11-14,PHI,WAS,8.96116478412177,42.84658429063429,-11.0,53.0
2022,11,2022_11_CAR_BAL,2022-11-20,BAL,CAR,7.493218387847914,46.19604069606456,10.0,16.0
2022,11,2022_11_CHI_ATL,2022-11-20,ATL,CHI,1.9520679988079266,47.35780066984841,3.0,51.0
2022,11,2022_11_CIN_PIT,2022-11-20,PIT,CIN,-3.6272090716869734,42.11292486168216,-7.0,67.0
2022,11,2022_11_CLE_BUF,2022-11-20,BUF,CLE,9.936040125927562,47.150973832901414,8.0,54.0
2022,11,2022_11_DAL_MIN,2022-11-20,MIN,DAL,0.7279706817822955,44.921162131464776,-37.0,43.0
2022,11,2022_11_DET_NYG,2022-11-20,NYG,DET,4.309714485273066,46.39427960769811,-13.0,49.0
2022,11,2022_11_KC_LAC,2022-11-20,LAC,KC,-3.6767453680407307,51.581226847512056,-3.0,57.0
2022,11,2022_11_LA_NO,2022-11-20,NO,LA,2.8062038744009605,42.83193623970753,7.0,47.0
2022,11,2022_11_LV_DEN,2022-11-20,DEN,LV,2.630573938670061,39.69786301744389,-6.0,38.0
2022,11,2022_11_NYJ_NE,2022-11-20,NE,NYJ,3.9859367237410552,41.802243577891524,7.0,13.0
2022,11,2022_11_PHI_IND,2022-11-20,IND,PHI,-3.883813178006619,42.34458856183087,-1.0,33.0
2022,11,2022_11_SF_ARI,2022-11-21,ARI,SF,-0.8432601338951393,44.314547146570206,-28.0,48.0
2022,11,2022_11_TEN_GB,2022-11-17,GB,TEN,1.0078363399090797,39.89766168582459,-10.0,44.0
2022,11,2022_11_WAS_HOU,2022-11-20,HOU,WAS,-1.0261066953552422,40.44612139660076,-13.0,33.0
2022,12,2022_12_ATL_WAS,2022-11-27,WAS,ATL,2.496078031089361,44.23113751375429,6.0,32.0
2022,12,2022_12_BAL_JAX,2022-11-27,JAX,BAL,-2.1821491164477926,43.9405281803477,1.0,55.0
2022,12,2022_12_BUF_DET,2022-11-24,DET,BUF,-6.971252232696834,49.6882990699149,-3.0,53.0
2022,12,2022_12_CHI_NYJ,2022-11-27,NYJ,CHI,3.733476826035531,43.33497432745695,21.0,41.0
2022,12,2022_12_CIN_TEN,2022-11-27,TEN,CIN,-0.7680108731042345,43.99386225519852,-4.0,36.0
2022,12,2022_12_DEN_CAR,2022-11-27,CAR,DEN,-0.08290307496688243,35.90510900105053,13.0,33.0
2022,12,2022_12_GB_PHI,2022-11-27,PHI,GB,6.430862153702908,43.67092065915445,7.0,73.0
2022,12,2022_12_HOU_MIA,2022-11-27,MIA,HOU,7.006825143507971,44.111645887442975,15.0,45.0
2022,12,2022_12_LAC_ARI,2022-11-27,ARI,LAC,0.5589513294996209,49.101400780901606,-1.0,49.0
2022,12,2022_12_LA_KC,2022-11-27,KC,LA,7.839980006735768,47.40540679430164,16.0,36.0
2022,12,2022_12_LV_SEA,2022-11-27,SEA,LV,3.482154617672471,49.16172310053037,-6.0,74.0
2022,12,2022_12_NE_MIN,2022-11-24,MIN,NE,-1.0919200654716157,42.015850960147404,7.0,59.0
2022,12,2022_12_NO_SF,2022-11-27,SF,NO,5.608866516740331,43.44933951303459,13.0,13.0
2022,12,2022_12_NYG_DAL,2022-11-24,DAL,NYG,7.572089002524244,41.59939699195241,8.0,48.0
2022,12,2022_12_PIT_IND,2022-11-28,IND,PIT,2.7843959113941175,38.83869480031768,-7.0,41.0
2022,12,2022_12_TB_CLE,2022-11-27,CLE,TB,-0.6704092304553235,43.591368521037026,6.0,40.0
2022,13,2022_13_BUF_NE,2022-12-01,NE,BUF,-2.2600736772577044,42.78268340264232,-14.0,34.0
2022,13,2022_13_CLE_HOU,2022-12-04,HOU,CLE,-2.668860192889486,44.82847689358087,-13.0,41.0
2022,13,2022_13_DEN_BAL,2022-12-04,BAL,DEN,6.437841636687802,38.239412015939365,1.0,19.0
2022,13,2022_13_GB_CHI,2022-12-04,CHI,GB,0.17152300110748442,45.28716082708745,-9.0,47.0
2022,13,2022_13_IND_DAL,2022-12-04,DAL,IND,8.876639436538937,40.408576786382184,35.0,73.0
2022,13,2022_13_JAX_DET,2022-12-04,DET,JAX,0.6203367846759704,48.64225222719826,26.0,54.0
2022,13,2022_13_KC_CIN,2022-12-04,CIN,KC,0.4043959274154396,50.77128400836335,3.0,51.0
2022,13,2022_13_LAC_LV,2022-12-04,LV,LAC,1.8637121229047509,50.22056713439818,7.0,47.0
2022,13,2022_13_MIA_SF,2022-12-04,SF,MIA,3.7013772275579733,43.182845852616765,16.0,50.0
2022,13,2022_13_NO_TB,2022-12-05,TB,NO,3.7058610821641125,39.89315524788389,1.0,33.0
2022,13,2022_13_NYJ_MIN,2022-12-04,MIN,NYJ,1.1042155318095297,43.424329517751296,5.0,49.0
2022,13,2022_13_PIT_ATL,2022-12-04,ATL,PIT,2.2765717201451316,44.40818522861923,-3.0,35.0
2022,13,2022_13_SEA_LA,2022-12-04,LA,SEA,-1.0773264981225452,46.14700960416864,-4.0,50.0
2022,13,2022_13_TEN_PHI,2022-12-04,PHI,TEN,5.078682681612619,43.63301376932612,25.0,45.0
2022,13,2022_13_WAS_NYG,2022-12-04,NYG,WAS,1.1034798336288638,39.22312928500503,0.0,40.0
2022,14,2022_14_BAL_PIT,2022-12-11,PIT,BAL,-2.8471919483799866,42.33200708097188,-2.0,30.0
2022,14,2022_14_CAR_SEA,2022-12-11,SEA,CAR,4.556177818168408,47.360796078423434,-6.0,54.0
2022,14,2022_14_CLE_CIN,2022-12-11,CIN,CLE,5.642986636138453,48.96600254915129,13.0,33.0
2022,14,2022_14_HOU_DAL,2022-12-11,DAL,HOU,14.03664133751258,42.95535262769047,4.0,50.0
2022,14,2022_14_JAX_TEN,2022-12-11,TEN,JAX,3.363633116212494,41.33294019269067,-14.0,58.0
2022,14,2022_14_KC_DEN,2022-12-11,DEN,KC,-4.317049911509727,40.86101576240424,-6.0,62.0
2022,14,2022_14_LV_LA,2022-12-08,LA,LV,0.2312368407486538,45.338652999977825,1.0,33.0
2022,14,2022_14_MIA_LAC,2022-12-11,LAC,MIA,-0.4582097084921344,49.256749407220056,6.0,40.0
2022,14,2022_14_MIN_DET,2022-12-11,DET,MIN,0.3954336785176906,50.901712772124306,11.0,57.0
2022,14,2022_14_NE_ARI,2022-12-12,ARI,NE,-2.4056146034947474,43.58585894849986,-14.0,40.0
2022,14,2022_14_NYJ_BUF,2022-12-11,BUF,NYJ,7.841843241499134,42.68024949811807,8.0,32.0
2022,14,2022_14_PHI_NYG,2022-12-11,NYG,PHI,-4.097352730617466,44.34327325187898,-26.0,70.0
2022,14,2022_14_TB_SF,2022-12-11,SF,TB,5.1466749146887665,37.23691570230219,28.0,42.0
2022,15,2022_15_ARI_DEN,2022-12-18,DEN,ARI,2.5836440040822524,39.10430869019667,9.0,39.0
2022,15,2022_15_ATL_NO,2022-12-18,NO,ATL,2.3902972648212497,45.11928285554552,3.0,39.0
2022,15,2022_15_BAL_CLE,2022-12-17,CLE,BAL,-1.3386017644969996,46.1690541489521,10.0,16.0
2022,15,2022_15_CIN_TB,2022-12-18,TB,CIN,-2.352080184798414,41.563676124649646,-11.0,57.0
2022,15,2022_15_DAL_JAX,2022-12-18,JAX,DAL,-5.292209600719147,46.21505564640399,6.0,74.0
2022,15,2022_15_DET_NYJ,2022-12-18,NYJ,DET,2.8265680514442835,46.89583348609958,-3.0,37.0
2022,15,2022_15_IND_MIN,2022-12-17,MIN,IND,5.631978960872278,44.03288868913981,3.0,75.0
2022,15,2022_15_KC_HOU,2022-12-18,HOU,KC,-7.982909543421943,47.59852274189272,-6.0,54.0
2022,15,2022_15_LA_GB,2022-12-19,GB,LA,3.7337814527184214,41.33892396525121,12.0,36.0
2022,15,2022_15_MIA_BUF,2022-12-17,BUF,MIA,8.162192480078929,46.48517226450754,3.0,61.0
2022,15,2022_15_NE_LV,2022-12-18,LV,NE,-1.7576577125578083,44.07272568625086,6.0,54.0
2022,15,2022_15_NYG_WAS,2022-12-18,WAS,NYG,3.394869915087785,39.83575648217388,-8.0,32.0
2022,15,2022_15_PHI_CHI,2022-12-18,CHI,PHI,-6.904684656807309,48.608645506977766,-5.0,45.0
2022,15,2022_15_PIT_CAR,2022-12-18,CAR,PIT,1.9329802996034893,40.6631365857471,-8.0,40.0
2022,15,2022_15_SF_SEA,2022-12-15,SEA,SF,-3.1753578172086065,46.33318619218127,-8.0,34.0
2022,15,2022_15_TEN_LAC,2022-12-18,LAC,TEN,1.6634264450458787,44.07267447144693,3.0,31.0
2022,16,2022_16_ATL_BAL,2022-12-24,BAL,ATL,5.893709515950746,43.98175844753099,8.0,26.0
2022,16,2022_16_BUF_CHI,2022-12-24,CHI,BUF,-7.774121698623116,45.957259760666076,-22.0,48.0
2022,16,2022_16_CIN_NE,2022-12-24,NE,CIN,-0.08111798666568149,43.996946892487706,-4.0,40.0
2022,16,2022_16_DEN_LA,2022-12-25,LA,DEN,0.3124193499180592,34.206452277892694,37.0,65.0
2022,16,2022_16_DET_CAR,2022-12-24,CAR,DET,-0.7922499339041664,47.74894551143954,14.0,60.0
2022,16,2022_16_GB_MIA,2022-12-25,MIA,GB,3.0130687487362593,46.69224430800687,-6.0,46.0
2022,16,2022_16_HOU_TEN,2022-12-24,TEN,HOU,5.921229061541506,39.28558976360493,-5.0,33.0
2022,16,2022_16_JAX_NYJ,2022-12-22,NYJ,JAX,3.2384106646017727,43.113957649767634,-16.0,22.0
2022,16,2022_16_LAC_IND,2022-12-26,IND,LAC,-0.29000099973591276,44.57844284443206,-17.0,23.0
2022,16,2022_16_LV_PIT,2022-12-24,PIT,LV,0.7578074810866298,44.64818455092926,3.0,23.0
2022,16,2022_16_NO_CLE,2022-12-24,CLE,NO,3.0030540638051875,44.251508360041946,-7.0,27.0
2022,16,2022_16_NYG_MIN,2022-12-24,MIN,NYG,3.805617787688419,46.26656511189537,3.0,51.0
2022,16,2022_16_PHI_DAL,2022-12-24,DAL,PHI,1.56369889845352,49.71150271235105,6.0,74.0
2022,16,2022_16_SEA_KC,2022-12-24,KC,SEA,6.522542202766047,54.298949574274076,14.0,34.0
2022,16,2022_16_TB_ARI,2022-12-25,ARI,TB,-0.36843943442858773,42.992900791849834,-3.0,35.0
2022,16,2022_16_WAS_SF,2022-12-24,SF,WAS,7.5132976880021225,37.38981055111174,17.0,57.0
2022,17,2022_17_ARI_ATL,2023-01-01,ATL,ARI,2.712665274803051,46.416506993735545,1.0,39.0
2022,17,2022_17_CAR_TB,2023-01-01,TB,CAR,2.950517112044526,40.39687944032599,6.0,54.0
2022,17,2022_17_CHI_DET,2023-01-01,DET,CHI,4.675329174543471,50.07101851174888,31.0,51.0
2022,17,2022_17_CLE_WAS,2023-01-01,WAS,CLE,1.0529864521883745,41.64293562399159,-14.0,34.0
2022,17,2022_17_DAL_TEN,2022-12-29,TEN,DAL,-5.469169965503326,44.43935268034512,-14.0,40.0
2022,17,2022_17_DEN_KC,2023-01-01,KC,DEN,9.447811349738345,43.68145479339043,3.0,51.0
2022,17,2022_17_IND_NYG,2023-01-01,NYG,IND,3.99421847897991,40.949150540238705,28.0,48.0
2022,17,2022_17_JAX_HOU,2023-01-01,HOU,JAX,-3.1227941026446686,42.91692760068725,-28.0,34.0
2022,17,2022_17_LA_LAC,2023-01-01,LAC,LA,2.7428174472175257,43.28738710177899,21.0,41.0
2022,17,2022_17_MIA_NE,2023-01-01,NE,MIA,3.146123205692831,44.842403743258174,2.0,44.0
2022,17,2022_17_MIN_GB,2023-01-01,GB,MIN,1.347846674961989,47.17130673137804,24.0,58.0
2022,17,2022_17_NO_PHI,2023-01-01,PHI,NO,8.081419571976866,46.64123061581584,-10.0,30.0
2022,17,2022_17_NYJ_SEA,2023-01-01,SEA,NYJ,1.2594803914633914,43.909607618540896,17.0,29.0
2022,17,2022_17_PIT_BAL,2023-01-01,BAL,PIT,5.511139073008028,38.61451294062249,-3.0,29.0
2022,17,2022_17_SF_LV,2023-01-01,LV,SF,-4.492729021909259,44.12848485475193,-3.0,71.0
2022,18,2022_18_ARI_SF,2023-01-08,SF,ARI,10.08476107685426,44.197451469390316,25.0,51.0
2022,18,2022_18_BAL_CIN,2023-01-08,CIN,BAL,4.166827418422436,43.853558111269685,11.0,43.0
2022,18,2022_18_CAR_NO,2023-01-08,NO,CAR,3.385584379017889,42.14350804883266,-3.0,17.0
2022,18,2022_18_CLE_PIT,2023-01-08,PIT,CLE,0.42548512340275835,40.72230205864146,14.0,42.0
2022,18,2022_18_DAL_WAS,2023-01-08,WAS,DAL,-5.902886613809326,44.03690649600081,20.0,32.0
2022,18,2022_18_DET_GB,2023-01-08,GB,DET,1.9559603587414713,49.009983681085416,-4.0,36.0
2022,18,2022_18_HOU_IND,2023-01-08,IND,HOU,2.883189615262186,39.97652650946601,-1.0,63.0
2022,18,2022_18_KC_LV,2023-01-07,LV,KC,-3.4063039562639155,52.80195077928738,-18.0,44.0
2022,18,2022_18_LAC_DEN,2023-01-08,DEN,LAC,-1.1462760763836712,39.536789288636754,3.0,59.0
2022,18,2022_18_LA_SEA,2023-01-08,SEA,LA,4.048808940184113,44.99421416655018,3.0,35.0
2022,18,2022_18_MIN_CHI,2023-01-08,CHI,MIN,-2.0038200473745853,49.1664445510156,-16.0,42.0
2022,18,2022_18_NE_BUF,2023-01-08,BUF,NE,7.204411441140657,42.907724081985,12.0,58.0
2022,18,2022_18_NYG_PHI,2023-01-08,PHI,NYG,7.354238715598992,46.631380166998056,6.0,38.0
2022,18,2022_18_NYJ_MIA,2023-01-08,MIA,NYJ,2.897784428990004,42.813703098022245,5.0,17.0
2022,18,2022_18_TB_ATL,2023-01-08,ATL,TB,0.19119892635629654,41.77619475845496,13.0,47.0
2022,18,2022_18_TEN_JAX,2023-01-07,JAX,TEN,4.547741808704021,41.513295959826834,4.0,36.0
2023,1,2023_01_ARI_WAS,2023-09-10,WAS,ARI,2.8714191359651977,43.352838970811774,4.0,36.0
2023,1,2023_01_BUF_NYJ,2023-09-11,NYJ,BUF,0.08080905696306573,42.81815066201166,6.0,38.0
2023,1,2023_01_CAR_ATL,2023-09-10,ATL,CAR,2.028340343792692,43.67923332832519,14.0,34.0
2023,1,2023_01_CIN_CLE,2023-09-10,CLE,CIN,0.7582984571866085,44.270818970098844,21.0,27.0
2023,1,2023_01_DAL_NYG,2023-09-10,NYG,DAL,0.65775247366118,44.32907011052009,-40.0,40.0
2023,1,2023_01_DET_KC,2023-09-07,KC,DET,3.0202289921630587,46.39211202454639,-1.0,41.0
2023,1,2023_01_GB_CHI,2023-09-10,CHI,GB,0.6236330893854998,44.12418454894412,-18.0,58.0
2023,1,2023_01_HOU_BAL,2023-09-10,BAL,HOU,3.722186018029827,42.62712297673289,16.0,34.0
2023,1,2023_01_JAX_IND,2023-09-10,IND,JAX,0.03127052825645649,43.610671617623915,-10.0,52.0
2023,1,2023_01_LA_SEA,2023-09-10,SEA,LA,2.7867265303902187,43.86303194260311,-17.0,43.0
2023,1,2023_01_LV_DEN,2023-09-10,DEN,LV,1.485483352113743,43.47602231788362,-1.0,33.0
2023,1,2023_01_MIA_LAC,2023-09-10,LAC,MIA,2.0044135349756296,44.618749974104375,-2.0,70.0
2023,1,2023_01_PHI_NE,2023-09-10,NE,PHI,0.8639785564304532,44.206483923831726,-5.0,45.0
2023,1,2023_01_SF_PIT,2023-09-10,PIT,SF,-0.06432406466776541,42.670196803903174,-23.0,37.0
2023,1,2023_01_TB_MIN,2023-09-10,MIN,TB,2.3831959983179587,44.095344472090794,-3.0,37.0
2023,1,2023_01_TEN_NO,2023-09-10,NO,TEN,2.397772267521912,42.140846294623984,1.0,31.0
2023,2,2023_02_BAL_CIN,2023-09-17,CIN,BAL,-2.1045109679884817,40.76247790514917,-3.0,51.0
2023,2,2023_02_CHI_TB,2023-09-17,TB,CHI,2.9269669365621027,43.51184842633394,10.0,44.0
2023,2,2023_02_CLE_PIT,2023-09-18,PIT,CLE,-3.5418655654369537,40.443489989023945,4.0,48.0
2023,2,2023_02_GB_ATL,2023-09-17,ATL,GB,-0.2745656505177614,43.62227263367711,1.0,49.0
2023,2,2023_02_IND_HOU,2023-09-17,HOU,IND,-0.15343109690777013,42.491719621068455,-11.0,51.0
2023,2,2023_02_KC_JAX,2023-09-17,JAX,KC,0.3825238223211791,44.85964455962265,-8.0,26.0
2023,2,2023_02_LAC_TEN,2023-09-17,TEN,LAC,-0.30853285230751126,43.80425823839872,3.0,51.0
2023,2,2023_02_LV_BUF,2023-09-17,BUF,LV,1.5739114115794592,43.00229177315093,28.0,48.0
2023,2,2023_02_MIA_NE,2023-09-17,NE,MIA,-0.14767182775389998,45.60821479722945,-7.0,41.0
2023,2,2023_02_MIN_PHI,2023-09-14,PHI,MIN,2.2458673771906774,44.47848557365992,6.0,62.0
2023,2,2023_02_NO_CAR,2023-09-18,CAR,NO,-1.0965271257943385,40.6530580820776,-3.0,37.0
2023,2,2023_02_NYG_ARI,2023-09-17,ARI,NYG,2.2783894496431785,42.55600687598741,-3.0,59.0
2023,2,2023_02_NYJ_DAL,2023-09-17,DAL,NYJ,4.318067151469389,41.666439955319774,20.0,40.0
2023,2,2023_02_SEA_DET,2023-09-17,DET,SEA,2.149821549501361,44.67396555758194,-6.0,68.0
2023,2,2023_02_SF_LA,2023-09-17,LA,SF,-2.4486393884376554,41.87747601312267,-7.0,53.0
2023,2,2023_02_WAS_DEN,2023-09-17,DEN,WAS,-0.6493038427065052,39.77352324939159,-2.0,68.0
2023,3,2023_03_ATL_DET,2023-09-24,DET,ATL,-0.6064171517657577,46.694542644126045,14.0,26.0
2023,3,2023_03_BUF_WAS,2023-09-24,WAS,BUF,-2.4609593534019005,45.149906162615196,-34.0,40.0
2023,3,2023_03_CAR_SEA,2023-09-24,SEA,CAR,1.2244804610250348,45.1406592399446,10.0,64.0
2023,3,2023_03_CHI_KC,2023-09-24,KC,CHI,5.4782769437608145,44.765305197041855,31.0,51.0
2023,3,2023_03_DAL_ARI,2023-09-24,ARI,DAL,-7.052744849176705,45.01537201323434,12.0,44.0
2023,3,2023_03_DEN_MIA,2023-09-24,MIA,DEN,2.423489142128794,46.72134598951535,50.0,90.0
2023,3,2023_03_HOU_JAX,2023-09-24,JAX,HOU,4.512215294757269,42.82034519040617,-20.0,54.0
2023,3,2023_03_IND_BAL,2023-09-24,BAL,IND,3.3957890516712688,44.675863683762216,-3.0,41.0
2023,3,2023_03_LAC_MIN,2023-09-24,MIN,LAC,0.2593713641762747,48.958938919048286,-4.0,52.0
2023,3,2023_03_LA_CIN,2023-09-25,CIN,LA,-0.9991792429844502,44.02293843837904,3.0,35.0
2023,3,2023_03_NE_NYJ,2023-09-24,NYJ,NE,0.650736538474888,41.30219143786351,-5.0,25.0
2023,3,2023_03_NO_GB,2023-09-24,GB,NO,1.7661382967282222,43.63905780159613,1.0,35.0
2023,3,2023_03_NYG_SF,2023-09-21,SF,NYG,7.251138086380131,45.03418954074645,18.0,42.0
2023,3,2023_03_PHI_TB,2023-09-25,TB,PHI,-0.9636672954973946,45.01360930069596,-14.0,36.0
2023,3,2023_03_PIT_LV,2023-09-24,LV,PIT,-0.23643246224012415,43.30932365992342,-5.0,41.0
2023,3,2023_03_TEN_CLE,2023-09-24,CLE,TEN,1.9242563092636011,41.909278910275006,24.0,30.0
2023,4,2023_04_ARI_SF,2023-10-01,SF,ARI,6.927782944830831,44.867320034642184,19.0,51.0
2023,4,2023_04_ATL_JAX,2023-10-01,JAX,ATL,0.6000282238268753,42.33745262390775,16.0,30.0
2023,4,2023_04_BAL_CLE,2023-10-01,CLE,BAL,2.9382672961454546,41.39024741560608,-25.0,31.0
2023,4,2023_04_CIN_TEN,2023-10-01,TEN,CIN,0.07791548751977118,41.20583313939905,24.0,30.0
2023,4,2023_04_DEN_CHI,2023-10-01,CHI,DEN,1.1064775131813533,49.73853326390317,-3.0,59.0
2023,4,2023_04_DET_GB,2023-09-28,GB,DET,1.4858011716838853,46.15728805898216,-14.0,54.0
2023,4,2023_04_KC_NYJ,2023-10-01,NYJ,KC,-2.8440467757813117,40.424576391126124,-3.0,43.0
2023,4,2023_04_LA_IND,2023-10-01,IND,LA,0.08765999449569861,44.164212534890964,-6.0,52.0
2023,4,2023_04_LV_LAC,2023-10-01,LAC,LV,4.272861574050104,46.6413275851285,7.0,41.0
2023,4,2023_04_MIA_BUF,2023-10-01,BUF,MIA,2.4261851996823935,49.92727029760741,28.0,68.0
2023,4,2023_04_MIN_CAR,2023-10-01,CAR,MIN,0.07872637955388839,46.45008348916086,-8.0,34.0
2023,4,2023_04_NE_DAL,2023-10-01,DAL,NE,5.652227670763029,41.907933814034735,35.0,41.0
2023,4,2023_04_PIT_HOU,2023-10-01,HOU,PIT,0.8512213529202839,43.51121679389261,24.0,36.0
2023,4,2023_04_SEA_NYG,2023-10-02,NYG,SEA,-1.9712203878599368,48.58173895563206,-21.0,27.0
2023,4,2023_04_TB_NO,2023-10-01,NO,TB,2.118201538119372,39.36015720507059,-17.0,35.0
2023,4,2023_04_WAS_PHI,2023-10-01,PHI,WAS,6.759821157316143,45.75168665157064,3.0,65.0
2023,5,2023_05_BAL_PIT,2023-10-08,PIT,BAL,-4.018095561080493,41.079907415889075,7.0,27.0
2023,5,2023_05_CAR_DET,2023-10-08,DET,CAR,6.728939601043432,45.448896465491174,18.0,66.0
2023,5,2023_05_CHI_WAS,2023-10-05,WAS,CHI,5.076990855037863,47.87055296676054,-20.0,60.0
2023,5,2023_05_CIN_ARI,2023-10-08,ARI,CIN,2.5240482387990752,43.938696552133585,-14.0,54.0
2023,5,2023_05_DAL_SF,2023-10-08,SF,DAL,0.9941151251754121,44.49978257016785,32.0,52.0
2023,5,2023_05_GB_LV,2023-10-09,LV,GB,-0.879572272162811,44.566024983181144,4.0,30.0
2023,5,2023_05_HOU_ATL,2023-10-08,ATL,HOU,0.09403114414305946,41.136064001347435,2.0,40.0
2023,5,2023_05_JAX_BUF,2023-10-08,BUF,JAX,8.779906530087764,44.62016429379738,-5.0,45.0
2023,5,2023_05_KC_MIN,2023-10-08,MIN,KC,-2.2641526743221725,44.89284560257245,-7.0,47.0
2023,5,2023_05_NO_NE,2023-10-08,NE,NO,1.0049089072837063,38.652363217453654,-34.0,34.0
2023,5,2023_05_NYG_MIA,2023-10-08,MIA,NYG,9.053957928473288,49.887105510775704,15.0,47.0
2023,5,2023_05_NYJ_DEN,2023-10-08,DEN,NYJ,-2.1091182164713516,44.934746280823695,-10.0,52.0
2023,5,2023_05_PHI_LA,2023-10-08,LA,PHI,0.08076134308987193,47.06622161498771,-9.0,37.0
2023,5,2023_05_TEN_IND,2023-10-08,IND,TEN,1.296246480427719,42.68606677072835,7.0,39.0
2023,6,2023_06_ARI_LA,2023-10-15,LA,ARI,4.561039318063592,45.10728466765378,17.0,35.0
2023,6,2023_06_BAL_TEN,2023-10-15,TEN,BAL,-1.6572253739234775,38.307322057557116,-8.0,40.0
2023,6,2023_06_CAR_MIA,2023-10-15,MIA,CAR,7.578465166326897,51.67489070903123,21.0,63.0
2023,6,2023_06_DAL_LAC,2023-10-16,LAC,DAL,-2.1326657933909132,47.35238772256311,-3.0,37.0
2023,6,2023_06_DEN_KC,2023-10-12,KC,DEN,10.630366981875639,48.19248107855294,11.0,27.0
2023,6,2023_06_DET_TB,2023-10-15,TB,DET,-0.6623440627124069,44.829715559476256,-14.0,26.0
2023,6,2023_06_IND_JAX,2023-10-15,JAX,IND,2.942355313897064,44.719014370889184,17.0,57.0
2023,6,2023_06_MIN_CHI,2023-10-15,CHI,MIN,-1.923068397805821,48.8080550654741,-6.0,32.0
2023,6,2023_06_NE_LV,2023-10-15,LV,NE,3.3015899938923248,39.38950046905539,4.0,38.0
2023,6,2023_06_NO_HOU,2023-10-15,HOU,NO,0.7484466448467515,40.79369100805639,7.0,33.0
2023,6,2023_06_NYG_BUF,2023-10-15,BUF,NYG,12.87032853011959,44.184874533078585,5.0,23.0
2023,6,2023_06_PHI_NYJ,2023-10-15,NYJ,PHI,-2.2191497395251574,43.8256585557838,6.0,34.0
2023,6,2023_06_SEA_CIN,2023-10-15,CIN,SEA,-1.0566417393354683,45.70465819134263,4.0,30.0
2023,6,2023_06_SF_CLE,2023-10-15,CLE,SF,-5.311098264654667,42.864005939111806,2.0,36.0
2023,6,2023_06_WAS_ATL,2023-10-15,ATL,WAS,4.0569032183722165,43.017062552887054,-8.0,40.0
2023,7,2023_07_ARI_SEA,2023-10-22,SEA,ARI,5.705396743964471,46.60295100927061,10.0,30.0
2023,7,2023_07_ATL_TB,2023-10-22,TB,ATL,3.220524080601585,37.14496645413129,-3.0,29.0
2023,7,2023_07_BUF_NE,2023-10-22,NE,BUF,-8.844912243696427,40.87797381065255,4.0,54.0
2023,7,2023_07_CLE_IND,2023-10-22,IND,CLE,-0.8690796223309079,43.267935933388294,-1.0,77.0
2023,7,2023_07_DET_BAL,2023-10-22,BAL,DET,0.8260221568742594,43.47789732619247,32.0,44.0
2023,7,2023_07_GB_DEN,2023-10-22,DEN,GB,-3.303823183263404,47.510428478152335,2.0,36.0
2023,7,2023_07_JAX_NO,2023-10-19,NO,JAX,-0.04206895741626937,40.31581617505257,-7.0,55.0
2023,7,2023_07_LAC_KC,2023-10-22,KC,LAC,5.375974605697387,44.38976943153197,14.0,48.0
2023,7,2023_07_LV_CHI,2023-10-22,CHI,LV,-0.18699844326802761,44.79482155295473,18.0,42.0
2023,7,2023_07_MIA_PHI,2023-10-22,PHI,MIA,0.42850310924733037,53.39379227916981,14.0,48.0
2023,7,2023_07_PIT_LA,2023-10-22,LA,PIT,4.551372089162175,40.31115655294754,-7.0,41.0
2023,7,2023_07_SF_MIN,2023-10-23,MIN,SF,-5.943701294418652,44.868621995096916,5.0,39.0
2023,7,2023_07_WAS_NYG,2023-10-22,NYG,WAS,-0.04868351873301435,43.24747950676826,7.0,21.0
2023,8,2023_08_ATL_TEN,2023-10-29,TEN,ATL,2.869143072602064,36.9760698743484,5.0,51.0
2023,8,2023_08_BAL_ARI,2023-10-29,ARI,BAL,-6.173994918858941,41.794112384397394,-7.0,55.0
2023,8,2023_08_CHI_LAC,2023-10-29,LAC,CHI,5.160053525614362,48.883610740641856,17.0,43.0
2023,8,2023_08_CIN_SF,2023-10-29,SF,CIN,9.352748373146007,42.616410108111154,-14.0,48.0
2023,8,2023_08_CLE_SEA,2023-10-29,SEA,CLE,1.8162375484546018,43.68194742605287,4.0,44.0
2023,8,2023_08_HOU_CAR,2023-10-29,CAR,HOU,-2.996632992936462,44.777435990386884,2.0,28.0
2023,8,2023_08_JAX_PIT,2023-10-29,PIT,JAX,-1.1320605632806071,42.24780695687241,-10.0,30.0
2023,8,2023_08_KC_DEN,2023-10-29,DEN,KC,-7.394760995236972,45.13078353134975,15.0,33.0
2023,8,2023_08_LA_DAL,2023-10-29,DAL,LA,5.702224489097912,42.697429126596376,23.0,63.0
2023,8,2023_08_LV_DET,2023-10-30,DET,LV,7.403936128167015,44.17985069636107,12.0,40.0
2023,8,2023_08_MIN_GB,2023-10-29,GB,MIN,1.4497712062701105,43.65235967648468,-14.0,34.0
2023,8,2023_08_NE_MIA,2023-10-29,MIA,NE,8.786248213891746,48.857516922127715,14.0,48.0
2023,8,2023_08_NO_IND,2023-10-29,IND,NO,1.133498523013877,45.059487447875206,-11.0,65.0
2023,8,2023_08_NYJ_NYG,2023-10-29,NYG,NYJ,-2.1445945582589268,37.001069803873364,-3.0,23.0
2023,8,2023_08_PHI_WAS,2023-10-29,WAS,PHI,-4.599511602255905,46.317422880687204,-7.0,69.0
2023,8,2023_08_TB_BUF,2023-10-26,BUF,TB,7.864237174834024,40.60562460597446,6.0,42.0
2023,9,2023_09_ARI_CLE,2023-11-05,CLE,ARI,6.984867640635418,44.35884032498424,27.0,27.0
2023,9,2023_09_BUF_CIN,2023-11-05,CIN,BUF,-2.3614081400122444,43.44936456445769,6.0,42.0
2023,9,2023_09_CHI_NO,2023-11-05,NO,CHI,6.587661523485995,44.884749085944975,7.0,41.0
2023,9,2023_09_DAL_PHI,2023-11-05,PHI,DAL,0.6081807469934759,48.158489044943344,5.0,51.0
2023,9,2023_09_IND_CAR,2023-11-05,CAR,IND,-0.010979411689902463,49.76967224079066,-14.0,40.0
2023,9,2023_09_LAC_NYJ,2023-11-06,NYJ,LAC,1.5990602331994417,41.806738990399765,-21.0,33.0
2023,9,2023_09_LA_GB,2023-11-05,GB,LA,1.2654449649896158,42.742082070622686,17.0,23.0
2023,9,2023_09_MIA_KC,2023-11-05,KC,MIA,2.6528611206932986,49.49560169817627,7.0,35.0
2023,9,2023_09_MIN_ATL,2023-11-05,ATL,MIN,-0.40262830494964064,40.736022358764316,-3.0,59.0
2023,9,2023_09_NYG_LV,2023-11-05,LV,NYG,2.9781983413342346,37.169692691163405,24.0,36.0
2023,9,2023_09_SEA_BAL,2023-11-05,BAL,SEA,5.889506524550704,42.42108889999351,34.0,40.0
2023,9,2023_09_TB_HOU,2023-11-05,HOU,TB,3.1038616370446768,37.64520265987126,2.0,76.0
2023,9,2023_09_TEN_PIT,2023-11-02,PIT,TEN,1.1684042901190068,38.17645219006076,4.0,36.0
2023,9,2023_09_WAS_NE,2023-11-05,NE,WAS,1.8376241388018855,43.306132021289,-3.0,37.0
2023,10,2023_10_ATL_ARI,2023-11-12,ARI,ATL,-0.36693171270285063,42.33727226263205,2.0,48.0
2023,10,2023_10_CAR_CHI,2023-11-09,CHI,CAR,3.7834667916240186,46.221081431559796,3.0,29.0
2023,10,2023_10_CLE_BAL,2023-11-12,BAL,CLE,6.637769329412151,40.20064854244413,-2.0,64.0
2023,10,2023_10_DEN_BUF,2023-11-13,BUF,DEN,10.776880826465938,47.02742740517506,-2.0,46.0
2023,10,2023_10_DET_LAC,2023-11-12,LAC,DET,2.350551758892859,47.40242900073429,-3.0,79.0
2023,10,2023_10_GB_PIT,2023-11-12,PIT,GB,1.6657539103306966,38.72008391004262,4.0,42.0
2023,10,2023_10_HOU_CIN,2023-11-12,CIN,HOU,2.8839043928687538,42.52198512968097,-3.0,57.0
2023,10,2023_10_IND_NE,2023-11-12,NE,IND,-0.811415869989716,45.74716966222198,-4.0,16.0
2023,10,2023_10_NO_MIN,2023-11-12,MIN,NO,2.98427034089309,42.59074713693142,8.0,46.0
2023,10,2023_10_NYG_DAL,2023-11-12,DAL,NYG,12.965674658137472,40.843160227659254,32.0,66.0
2023,10,2023_10_NYJ_LV,2023-11-12,LV,NYJ,1.4507236997381696,37.44482412665341,4.0,28.0
2023,10,2023_10_SF_JAX,2023-11-12,JAX,SF,0.27840224587209406,44.355627416652176,-31.0,37.0
2023,10,2023_10_TEN_TB,2023-11-12,TB,TEN,2.718476588325654,38.92134347912048,14.0,26.0
2023,10,2023_10_WAS_SEA,2023-11-12,SEA,WAS,5.480879369229008,45.896559947319595,3.0,55.0
2023,11,2023_11_ARI_HOU,2023-11-19,HOU,ARI,7.73135289020723,45.13141207039128,5.0,37.0
2023,11,2023_11_CHI_DET,2023-11-19,DET,CHI,8.300337255503141,48.998345024635185,5.0,57.0
2023,11,2023_11_CIN_BAL,2023-11-16,BAL,CIN,7.716629606243693,42.159418200641475,14.0,54.0
2023,11,2023_11_DAL_CAR,2023-11-19,CAR,DAL,-7.915452697689382,45.91781201783365,-23.0,43.0
2023,11,2023_11_LAC_GB,2023-11-19,GB,LAC,0.2564608049089365,45.18734513671798,3.0,43.0
2023,11,2023_11_LV_MIA,2023-11-19,MIA,LV,7.729224987045992,48.07891374117982,7.0,33.0
2023,11,2023_11_MIN_DEN,2023-11-19,DEN,MIN,-2.0961989801053846,46.91033704540198,1.0,41.0
2023,11,2023_11_NYG_WAS,2023-11-19,WAS,NYG,5.652796152195805,42.43092456907133,-12.0,50.0
2023,11,2023_11_NYJ_BUF,2023-11-19,BUF,NYJ,7.740656441431071,39.84871815323753,26.0,38.0
2023,11,2023_11_PHI_KC,2023-11-20,KC,PHI,2.752043088371913,44.35674794207422,-4.0,38.0
2023,11,2023_11_PIT_CLE,2023-11-19,CLE,PIT,6.401495393655097,40.53855185609194,3.0,23.0
2023,11,2023_11_SEA_LA,2023-11-19,LA,SEA,1.9142211502619269,43.34253663334886,1.0,33.0
2023,11,2023_11_TB_SF,2023-11-19,SF,TB,8.846846857746947,41.01644312888637,13.0,41.0
2023,11,2023_11_TEN_JAX,2023-11-19,JAX,TEN,4.6410703379710725,39.781919089042475,20.0,48.0
2023,12,2023_12_BAL_LAC,2023-11-26,LAC,BAL,-2.311422211519936,46.60313728933383,-10.0,30.0
2023,12,2023_12_BUF_PHI,2023-11-26,PHI,BUF,1.6643889951541944,47.50595467242577,3.0,71.0
2023,12,2023_12_CAR_TEN,2023-11-26,TEN,CAR,6.014348196441791,39.682821686259516,7.0,27.0
2023,12,2023_12_CHI_MIN,2023-11-27,MIN,CHI,7.177662938776688,46.09735007431583,-2.0,22.0
2023,12,2023_12_CLE_DEN,2023-11-26,DEN,CLE,-3.136475706728209,44.67786613129246,17.0,41.0
2023,12,2023_12_GB_DET,2023-11-23,DET,GB,4.935543706096496,46.15076667585946,-7.0,51.0
2023,12,2023_12_JAX_HOU,2023-11-26,HOU,JAX,1.178112429181617,44.28607596872427,-3.0,45.0
2023,12,2023_12_KC_LV,2023-11-26,LV,KC,-3.541906032427132,37.730992035670894,-14.0,48.0
2023,12,2023_12_LA_ARI,2023-11-26,ARI,LA,-0.8289290143957366,42.11392264819642,-23.0,51.0
2023,12,2023_12_MIA_NYJ,2023-11-24,NYJ,MIA,-2.7621670963862393,44.80479455900003,-21.0,47.0
2023,12,2023_12_NE_NYG,2023-11-26,NYG,NE,1.1057084850289947,36.82249974912378,3.0,17.0
2023,12,2023_12_NO_ATL,2023-11-26,ATL,NO,0.010839771609401083,40.94147358950153,9.0,39.0
2023,12,2023_12_PIT_CIN,2023-11-26,CIN,PIT,3.81042225246242,39.988509291428045,-6.0,26.0
2023,12,2023_12_SF_SEA,2023-11-23,SEA,SF,-5.214822589995158,44.23150756170383,-18.0,44.0
2023,12,2023_12_TB_IND,2023-11-26,IND,TB,1.4281589844803726,43.92051391663483,7.0,47.0
2023,12,2023_12_WAS_DAL,2023-11-23,DAL,WAS,12.88458606917176,48.988468163980684,35.0,55.0
2023,13,2023_13_ARI_PIT,2023-12-03,PIT,ARI,6.943784630015305,39.757416145171845,-14.0,34.0
2023,13,2023_13_ATL_NYJ,2023-12-03,NYJ,ATL,0.9516671348697798,37.14372581821386,-5.0,21.0
2023,13,2023_13_CAR_TB,2023-12-03,TB,CAR,7.463673867135293,39.44402420100336,3.0,39.0
2023,13,2023_13_CIN_JAX,2023-12-04,JAX,CIN,4.482617083701516,43.05255172108508,-3.0,65.0
2023,13,2023_13_CLE_LA,2023-12-03,LA,CLE,0.43588859767409716,41.19952048825499,17.0,55.0
2023,13,2023_13_DEN_HOU,2023-12-03,HOU,DEN,4.609024778294451,46.19895997157498,5.0,39.0
2023,13,2023_13_DET_NO,2023-12-03,NO,DET,0.48346042157298186,47.064036471859936,-5.0,61.0
2023,13,2023_13_IND_TEN,2023-12-03,TEN,IND,0.9895248950133215,43.4549947444586,-3.0,59.0
2023,13,2023_13_KC_GB,2023-12-03,GB,KC,-1.797983040600915,39.93919615583195,8.0,46.0
2023,13,2023_13_LAC_NE,2023-12-03,NE,LAC,-3.4617379848571694,41.01116936140234,-6.0,6.0
2023,13,2023_13_MIA_WAS,2023-12-03,WAS,MIA,-6.596860244859041,52.696176781713135,-30.0,60.0
2023,13,2023_13_SEA_DAL,2023-11-30,DAL,SEA,10.908696671649185,47.21706380943259,6.0,76.0
2023,13,2023_13_SF_PHI,2023-12-03,PHI,SF,-1.411932758612501,47.935157177059644,-23.0,61.0
2023,14,2023_14_BUF_KC,2023-12-10,KC,BUF,1.1850357532696485,43.87528642427421,-3.0,37.0
2023,14,2023_14_CAR_NO,2023-12-10,NO,CAR,6.8149317013566275,41.5169195826296,22.0,34.0
2023,14,2023_14_DEN_LAC,2023-12-10,LAC,DEN,5.241717160742759,45.911984911556665,-17.0,31.0
2023,14,2023_14_DET_CHI,2023-12-10,CHI,DET,-3.221664347701541,49.7274479657271,15.0,41.0
2023,14,2023_14_GB_NYG,2023-12-11,NYG,GB,-4.521353136941478,38.39919240083434,2.0,46.0
2023,14,2023_14_HOU_NYJ,2023-12-10,NYJ,HOU,-1.8635616019375014,38.33392140137077,24.0,36.0
2023,14,2023_14_IND_CIN,2023-12-10,CIN,IND,2.6995517884322133,48.01645145752937,20.0,48.0
2023,14,2023_14_JAX_CLE,2023-12-10,CLE,JAX,1.024214507261913,44.033438168575685,4.0,58.0
2023,14,2023_14_LA_BAL,2023-12-10,BAL,LA,7.415069800635713,41.706872695621264,6.0,68.0
2023,14,2023_14_MIN_LV,2023-12-10,LV,MIN,-1.8123714924536927,40.85513940216079,-3.0,3.0
2023,14,2023_14_NE_PIT,2023-12-07,PIT,NE,5.032605220847898,32.08056633057509,-3.0,39.0
2023,14,2023_14_PHI_DAL,2023-12-10,DAL,PHI,6.199465682086878,52.82978717033619,20.0,46.0
2023,14,2023_14_SEA_SF,2023-12-10,SF,SEA,11.317831271668197,45.91036695782983,12.0,44.0
2023,14,2023_14_TB_ATL,2023-12-10,ATL,TB,0.7992185188939551,38.426338219326226,-4.0,54.0
2023,14,2023_14_TEN_MIA,2023-12-11,MIA,TEN,8.686162126407936,47.67009000207674,-1.0,55.0
2023,15,2023_15_ATL_CAR,2023-12-17,CAR,ATL,-2.0885419176275626,40.04938554174191,2.0,16.0
2023,15,2023_15_BAL_JAX,2023-12-17,JAX,BAL,-2.5108539260970524,45.3252859168004,-16.0,30.0
2023,15,2023_15_CHI_CLE,2023-12-17,CLE,CHI,5.629150129124323,44.2509041935689,3.0,37.0
2023,15,2023_15_DAL_BUF,2023-12-17,BUF,DAL,-0.9302355944450476,49.85317379543062,21.0,41.0
2023,15,2023_15_DEN_DET,2023-12-16,DET,DEN,4.275500634865438,49.516009631882774,25.0,59.0
2023,15,2023_15_HOU_TEN,2023-12-17,TEN,HOU,0.8996093366336915,41.02877101556332,-3.0,35.0
2023,15,2023_15_KC_NE,2023-12-17,NE,KC,-5.78585637353666,35.25610844763425,-10.0,44.0
2023,15,2023_15_LAC_LV,2023-12-14,LV,LAC,-1.0810456076639596,39.85363936448798,42.0,84.0
2023,15,2023_15_MIN_CIN,2023-12-16,CIN,MIN,1.9199518259291963,41.78070749781467,3.0,51.0
2023,15,2023_15_NYG_NO,2023-12-17,NO,NYG,7.60057468543952,39.113250040159706,18.0,30.0
2023,15,2023_15_NYJ_MIA,2023-12-17,MIA,NYJ,8.594486030606177,45.39453908728193,30.0,30.0
2023,15,2023_15_PHI_SEA,2023-12-18,SEA,PHI,-1.2929272840739259,49.136053005982966,3.0,37.0
2023,15,2023_15_PIT_IND,2023-12-16,IND,PIT,2.574096944320374,42.863431000430374,17.0,43.0
2023,15,2023_15_SF_ARI,2023-12-17,ARI,SF,-10.858944937360189,44.231262206139846,-16.0,74.0
2023,15,2023_15_TB_GB,2023-12-17,GB,TB,2.750709457484053,40.88553600382055,-14.0,54.0
2023,15,2023_15_WAS_LA,2023-12-17,LA,WAS,8.881311565979136,46.94235716859093,8.0,48.0
2023,16,2023_16_ARI_CHI,2023-12-24,CHI,ARI,4.837161779489101,45.069507366416524,11.0,43.0
2023,16,2023_16_BAL_SF,2023-12-25,SF,BAL,4.545703458860171,44.90154074807691,-14.0,52.0
2023,16,2023_16_BUF_LAC,2023-12-23,LAC,BUF,-4.466149886290854,47.072856271158074,-2.0,46.0
2023,16,2023_16_CIN_PIT,2023-12-23,PIT,CIN,-0.9367899323836539,39.483254170497545,23.0,45.0
2023,16,2023_16_CLE_HOU,2023-12-24,HOU,CLE,1.0099081171177637,43.17035459927864,-14.0,58.0
2023,16,2023_16_DAL_MIA,2023-12-24,MIA,DAL,0.824142599888372,54.266192682058175,2.0,42.0
2023,16,2023_16_DET_MIN,2023-12-24,MIN,DET,1.5558481736703271,47.167923847645206,-6.0,54.0
2023,16,2023_16_GB_CAR,2023-12-24,CAR,GB,-2.8457059239729716,40.646699806988515,-3.0,63.0
2023,16,2023_16_IND_ATL,2023-12-24,ATL,IND,1.3231279217095597,44.91086139809359,19.0,39.0
2023,16,2023_16_JAX_TB,2023-12-24,TB,JAX,1.9232627241772633,43.22341075427053,18.0,42.0
2023,16,2023_16_LV_KC,2023-12-25,KC,LV,7.322191689121361,39.6193814477506,-6.0,34.0
2023,16,2023_16_NE_DEN,2023-12-24,DEN,NE,4.965362136008437,38.959309698730486,-3.0,49.0
2023,16,2023_16_NO_LA,2023-12-21,LA,NO,2.478963289921161,42.7350430270729,8.0,52.0
2023,16,2023_16_NYG_PHI,2023-12-25,PHI,NYG,10.476865154931993,43.190509401604075,8.0,58.0
2023,16,2023_16_SEA_TEN,2023-12-24,TEN,SEA,1.2680546643438149,41.479327748252224,-3.0,37.0
2023,16,2023_16_WAS_NYJ,2023-12-24,NYJ,WAS,5.3832155908909485,40.700780216074264,2.0,58.0
2023,17,2023_17_ARI_PHI,2023-12-31,PHI,ARI,9.450437080632522,48.99027055076415,-4.0,66.0
2023,17,2023_17_ATL_CHI,2023-12-31,CHI,ATL,1.6923598974221399,40.54215167371434,20.0,54.0
2023,17,2023_17_CAR_JAX,2023-12-31,JAX,CAR,8.333902601902803,42.789916010781454,26.0,26.0
2023,17,2023_17_CIN_KC,2023-12-31,KC,CIN,5.607588250178278,42.36896461810021,8.0,42.0
2023,17,2023_17_DET_DAL,2023-12-30,DAL,DET,6.769061308849697,52.44336098194424,1.0,39.0
2023,17,2023_17_GB_MIN,2023-12-31,MIN,GB,3.3966871691596836,42.77324308586004,-23.0,43.0
2023,17,2023_17_LAC_DEN,2023-12-31,DEN,LAC,1.3668560610111555,47.19899838112427,7.0,25.0
2023,17,2023_17_LA_NYG,2023-12-31,NYG,LA,-4.127852089905975,40.61163765477018,-1.0,51.0
2023,17,2023_17_LV_IND,2023-12-31,IND,LV,1.593618969239838,44.79730897004467,3.0,43.0
2023,17,2023_17_MIA_BAL,2023-12-31,BAL,MIA,4.590620048628821,49.26036666647467,37.0,75.0
2023,17,2023_17_NE_BUF,2023-12-31,BUF,NE,12.06912377296599,39.49428678832769,6.0,48.0
2023,17,2023_17_NO_TB,2023-12-31,TB,NO,3.097731476247457,41.25645128626813,-10.0,36.0
2023,17,2023_17_NYJ_CLE,2023-12-28,CLE,NYJ,7.160411060956692,38.3616549903345,17.0,57.0
2023,17,2023_17_PIT_SEA,2023-12-31,SEA,PIT,3.3637557874662214,39.39628683513037,-7.0,53.0
2023,17,2023_17_SF_WAS,2023-12-31,WAS,SF,-11.405511011824064,49.752137774022174,-17.0,37.0
2023,17,2023_17_TEN_HOU,2023-12-31,HOU,TEN,3.4211143654153275,41.07564440920062,23.0,29.0
2023,18,2023_18_ATL_NO,2024-01-07,NO,ATL,5.423647114883245,40.177838278634354,31.0,65.0
2023,18,2023_18_BUF_MIA,2024-01-07,MIA,BUF,1.256257632487081,52.36907900625053,-7.0,35.0
2023,18,2023_18_CHI_GB,2024-01-07,GB,CHI,4.664731900176747,44.96301763948914,8.0,26.0
2023,18,2023_18_CLE_CIN,2024-01-07,CIN,CLE,0.5962671543859486,45.111779613135546,17.0,45.0
2023,18,2023_18_DAL_WAS,2024-01-07,WAS,DAL,-9.939399732547763,49.63057819884322,-28.0,48.0
2023,18,2023_18_DEN_LV,2024-01-07,LV,DEN,3.9453006993993753,41.844674194672656,13.0,41.0
2023,18,2023_18_HOU_IND,2024-01-06,IND,HOU,1.6177102771494098,47.31484464269407,-4.0,42.0
2023,18,2023_18_JAX_TEN,2024-01-07,TEN,JAX,-1.372240728908782,40.441615758802584,8.0,48.0
2023,18,2023_18_KC_LAC,2024-01-07,LAC,KC,-2.075076699408381,42.6663160205821,-1.0,25.0
2023,18,2023_18_LA_SF,2024-01-07,SF,LA,9.904608169860904,46.031674944546424,-1.0,41.0
2023,18,2023_18_MIN_DET,2024-01-07,DET,MIN,5.382883466156166,47.14624212947203,10.0,50.0
2023,18,2023_18_NYJ_NE,2024-01-07,NE,NYJ,2.270932610493306,33.53943508176899,-14.0,20.0
2023,18,2023_18_PHI_NYG,2024-01-07,NYG,PHI,-4.535998802145063,45.37937829088804,17.0,37.0
2023,18,2023_18_PIT_BAL,2024-01-06,BAL,PIT,12.140910328984688,40.08230495948794,-7.0,27.0
2023,18,2023_18_SEA_ARI,2024-01-07,ARI,SEA,-0.7187510575075606,46.22361632988834,-1.0,41.0
2023,18,2023_18_TB_CAR,2024-01-07,CAR,TB,-4.331154698475672,39.484377671540344,-9.0,9.0
2024,1,2024_01_ARI_BUF,2024-09-08,BUF,ARI,5.267674633090056,44.2056755210147,6.0,62.0
2024,1,2024_01_BAL_KC,2024-09-05,KC,BAL,1.347349308174966,42.963088561201744,7.0,47.0
2024,1,2024_01_CAR_NO,2024-09-08,NO,CAR,5.20022274033774,42.553784671627554,37.0,57.0
2024,1,2024_01_DAL_CLE,2024-09-08,CLE,DAL,1.0642585699422398,44.55339748679525,-16.0,50.0
2024,1,2024_01_DEN_SEA,2024-09-08,SEA,DEN,2.930898373953582,44.09065485700977,6.0,46.0
2024,1,2024_01_GB_PHI,2024-09-06,PHI,GB,2.3999122948379323,44.73056377375863,5.0,63.0
2024,1,2024_01_HOU_IND,2024-09-08,IND,HOU,2.258120901177392,44.254096543242866,-2.0,56.0
2024,1,2024_01_JAX_MIA,2024-09-08,MIA,JAX,3.6207536020715914,45.21355051375622,3.0,37.0
2024,1,2024_01_LA_DET,2024-09-08,DET,LA,3.07173370849414,45.13412328840083,6.0,46.0
2024,1,2024_01_LV_LAC,2024-09-08,LAC,LV,2.1926710216606757,42.82433139588788,12.0,32.0
2024,1,2024_01_MIN_NYG,2024-09-08,NYG,MIN,1.4096954581032328,42.421983289266905,-22.0,34.0
2024,1,2024_01_NE_CIN,2024-09-08,CIN,NE,3.881836388303256,42.20279073115026,-6.0,26.0
2024,1,2024_01_NYJ_SF,2024-09-09,SF,NYJ,5.598381129505761,42.787406205330775,13.0,51.0
2024,1,2024_01_PIT_ATL,2024-09-08,ATL,PIT,2.306151842890504,41.923508111735856,-8.0,28.0
2024,1,2024_01_TEN_CHI,2024-09-08,CHI,TEN,3.1368740731731783,42.81484221429507,7.0,41.0
2024,1,2024_01_WAS_TB,2024-09-08,TB,WAS,4.856285140713133,43.91443812964082,17.0,57.0
2024,2,2024_02_ATL_PHI,2024-09-16,PHI,ATL,4.710894295843669,45.036729328883325,-1.0,43.0
2024,2,2024_02_BUF_MIA,2024-09-12,MIA,BUF,2.472975282038231,46.66540530292352,-21.0,41.0
2024,2,2024_02_CHI_HOU,2024-09-15,HOU,CHI,3.3764416858839574,44.719292046662034,6.0,32.0
2024,2,2024_02_CIN_KC,2024-09-15,KC,CIN,5.212475554017686,42.32589165148046,1.0,51.0
2024,2,2024_02_CLE_JAX,2024-09-15,JAX,CLE,4.269849205104517,44.058690298805814,-5.0,31.0
2024,2,2024_02_IND_GB,2024-09-15,GB,IND,3.821408141410764,47.408307417715754,6.0,26.0
2024,2,2024_02_LAC_CAR,2024-09-15,CAR,LAC,-1.7321748807597999,43.453464419894814,-23.0,29.0
2024,2,2024_02_LA_ARI,2024-09-15,ARI,LA,1.5856102845416657,46.33916367114255,31.0,51.0
2024,2,2024_02_LV_BAL,2024-09-15,BAL,LV,5.399580829140181,42.923102723162685,-3.0,49.0
2024,2,2024_02_NO_DAL,2024-09-15,DAL,NO,2.959104308051188,46.429673951358176,-25.0,63.0
2024,2,2024_02_NYG_WAS,2024-09-15,WAS,NYG,3.4423108955283688,44.63722461022657,3.0,39.0
2024,2,2024_02_NYJ_TEN,2024-09-15,TEN,NYJ,3.553405043645661,42.64999615546842,-7.0,41.0
2024,2,2024_02_PIT_DEN,2024-09-15,DEN,PIT,1.4853587702694995,42.17878651951119,-7.0,19.0
2024,2,2024_02_SEA_NE,2024-09-15,NE,SEA,2.661013253880949,41.50237573098133,-3.0,43.0
2024,2,2024_02_SF_MIN,2024-09-15,MIN,SF,2.2804312244354463,44.0722960389153,6.0,40.0
2024,2,2024_02_TB_DET,2024-09-15,DET,TB,2.6965606119410985,45.673674206940575,-4.0,36.0
2024,3,2024_03_BAL_DAL,2024-09-22,DAL,BAL,1.6777730763094212,47.07582264382485,-3.0,53.0
2024,3,2024_03_CAR_LV,2024-09-22,LV,CAR,7.096055630142562,41.420018952115896,-14.0,58.0
2024,3,2024_03_CHI_IND,2024-09-22,IND,CHI,0.7231244439795397,42.430470496668875,5.0,37.0
2024,3,2024_03_DEN_TB,2024-09-22,TB,DEN,4.687316415195578,41.75229959874001,-19.0,33.0
2024,3,2024_03_DET_ARI,2024-09-22,ARI,DET,2.0324968875081275,46.237821888548595,-7.0,33.0
2024,3,2024_03_GB_TEN,2024-09-22,TEN,GB,-0.729414064322647,42.45871863451967,-16.0,44.0
2024,3,2024_03_HOU_MIN,2024-09-22,MIN,HOU,2.900645401305759,42.148248215712215,27.0,41.0
2024,3,2024_03_JAX_BUF,2024-09-23,BUF,JAX,5.610943896792474,43.11065902013921,37.0,57.0
2024,3,2024_03_KC_ATL,2024-09-22,ATL,KC,-0.632225625039954,41.975538298741554,-5.0,39.0
2024,3,2024_03_LAC_PIT,2024-09-22,PIT,LAC,0.5115373641576682,37.18344339151719,10.0,30.0
2024,3,2024_03_MIA_SEA,2024-09-22,SEA,MIA,2.3359212614636355,44.49115899806273,21.0,27.0
2024,3,2024_03_NE_NYJ,2024-09-19,NYJ,NE,1.306314691443088,39.9828992147697,21.0,27.0
2024,3,2024_03_NYG_CLE,2024-09-22,CLE,NYG,4.158344230237283,40.918992402084015,-6.0,36.0
2024,3,2024_03_PHI_NO,2024-09-22,NO,PHI,6.7654672104852835,48.72700482355042,-3.0,27.0
2024,3,2024_03_SF_LA,2024-09-22,LA,SF,-3.3709429632026193,45.01341455353089,3.0,51.0
2024,3,2024_03_WAS_CIN,2024-09-23,CIN,WAS,3.7308189624756203,44.587002380986476,-5.0,71.0
2024,4,2024_04_BUF_BAL,2024-09-29,BAL,BUF,-2.8464666588020187,47.189601683590695,25.0,45.0
2024,4,2024_04_CIN_CAR,2024-09-29,CAR,CIN,-1.5597535264440126,45.18559828920796,-10.0,58.0
2024,4,2024_04_CLE_LV,2024-09-29,LV,CLE,1.4106647481766537,42.560746346237636,4.0,36.0
2024,4,2024_04_DAL_NYG,2024-09-26,NYG,DAL,-1.6212928595859246,43.99795750010645,-5.0,35.0
2024,4,2024_04_DEN_NYJ,2024-09-29,NYJ,DEN,1.4289495482996912,39.84128498673558,-1.0,19.0
2024,4,2024_04_JAX_HOU,2024-09-29,HOU,JAX,3.7149509637803035,42.86014602723143,4.0,44.0
2024,4,2024_04_KC_LAC,2024-09-29,LAC,KC,1.5142611235435588,40.35378303533871,-7.0,27.0
2024,4,2024_04_LA_CHI,2024-09-29,CHI,LA,2.8622805027853246,43.08740220498267,6.0,42.0
2024,4,2024_04_MIN_GB,2024-09-29,GB,MIN,-0.8991437538642977,42.04735015810657,-2.0,60.0
2024,4,2024_04_NE_SF,2024-09-29,SF,NE,5.896697070840975,40.791572062969706,17.0,43.0
2024,4,2024_04_NO_ATL,2024-09-29,ATL,NO,-4.34967444755053,42.389263930164134,2.0,50.0
2024,4,2024_04_PHI_TB,2024-09-29,TB,PHI,0.8604825977966044,43.27800215159833,17.0,49.0
2024,4,2024_04_PIT_IND,2024-09-29,IND,PIT,-1.0294979158721596,38.336917795708956,3.0,51.0
2024,4,2024_04_SEA_DET,2024-09-30,DET,SEA,1.1070483720323558,42.26184048391555,13.0,71.0
2024,4,2024_04_TEN_MIA,2024-09-30,MIA,TEN,2.434207520513141,41.60622300144982,-19.0,43.0
2024,4,2024_04_WAS_ARI,2024-09-29,ARI,WAS,4.566617379651639,48.29741672563359,-28.0,56.0
2024,5,2024_05_ARI_SF,2024-10-06,SF,ARI,6.1807566240141085,46.50701746748327,-1.0,47.0
2024,5,2024_05_BAL_CIN,2024-10-06,CIN,BAL,-2.079129614031462,47.10174049927164,-3.0,79.0
2024,5,2024_05_BUF_HOU,2024-10-06,HOU,BUF,-2.6469592597617684,45.84569248941304,3.0,43.0
2024,5,2024_05_CAR_CHI,2024-10-06,CHI,CAR,6.531448268601316,43.08004271142032,26.0,46.0
2024,5,2024_05_CLE_WAS,2024-10-06,WAS,CLE,3.3866637901456187,46.48377958956291,21.0,47.0
2024,5,2024_05_DAL_PIT,2024-10-06,PIT,DAL,2.2578196263084465,42.42762412420797,-3.0,37.0
2024,5,2024_05_GB_LA,2024-10-06,LA,GB,-2.10660600122176,45.88550068201404,-5.0,43.0
2024,5,2024_05_IND_JAX,2024-10-06,JAX,IND,-1.4727134842944487,43.6206692763583,3.0,71.0
2024,5,2024_05_LV_DEN,2024-10-06,DEN,LV,3.856207946303531,39.84247610437434,16.0,52.0
2024,5,2024_05_MIA_NE,2024-10-06,NE,MIA,2.4674999847016927,38.7416067603275,-5.0,25.0
2024,5,2024_05_NO_KC,2024-10-07,KC,NO,-0.3944253457104061,43.6705779633064,13.0,39.0
2024,5,2024_05_NYG_SEA,2024-10-06,SEA,NYG,4.779151497060198,41.678627827758056,-9.0,49.0
2024,5,2024_05_NYJ_MIN,2024-10-06,MIN,NYJ,5.620493460949383,40.296197332399004,6.0,40.0
2024,5,2024_05_TB_ATL,2024-10-03,ATL,TB,-0.6147494198942915,41.374376511512196,6.0,66.0
2024,6,2024_06_ARI_GB,2024-10-13,GB,ARI,4.992260212798726,46.385823429286354,21.0,47.0
2024,6,2024_06_ATL_CAR,2024-10-13,CAR,ATL,-3.9984703069965697,45.447911973964494,-18.0,58.0
2024,6,2024_06_BUF_NYJ,2024-10-14,NYJ,BUF,-0.823809727762761,42.791356845244636,-3.0,43.0
2024,6,2024_06_CIN_NYG,2024-10-13,NYG,CIN,1.2265639602007319,45.4602113373585,-10.0,24.0
2024,6,2024_06_CLE_PHI,2024-10-13,PHI,CLE,4.619973799381832,43.38375715001503,4.0,36.0
2024,6,2024_06_DET_DAL,2024-10-13,DAL,DET,1.6412457457034044,47.24253441870779,-38.0,56.0
2024,6,2024_06_HOU_NE,2024-10-13,NE,HOU,-0.9475534854377159,38.45234491903529,-20.0,62.0
2024,6,2024_06_IND_TEN,2024-10-13,TEN,IND,1.2331449603381976,45.50217686972606,-3.0,37.0
2024,6,2024_06_JAX_CHI,2024-10-13,CHI,JAX,6.2452695703631065,43.56542846290657,19.0,51.0
2024,6,2024_06_LAC_DEN,2024-10-13,DEN,LAC,2.7017682619758325,37.29578020892616,-7.0,39.0
2024,6,2024_06_PIT_LV,2024-10-13,LV,PIT,-1.7589509913139523,39.845263133513605,-19.0,45.0
2024,6,2024_06_SF_SEA,2024-10-10,SEA,SF,-0.5772910801330511,47.28779301271377,-12.0,60.0
2024,6,2024_06_TB_NO,2024-10-13,NO,TB,4.217893424490015,45.37289875539537,-24.0,78.0
2024,6,2024_06_WAS_BAL,2024-10-13,BAL,WAS,3.9558391976531233,51.23420674989488,7.0,53.0
2024,7,2024_07_BAL_TB,2024-10-21,TB,BAL,0.8231575672902061,50.10218069402177,-10.0,72.0
2024,7,2024_07_CAR_WAS,2024-10-20,WAS,CAR,9.079030986002465,50.19685611911652,33.0,47.0
2024,7,2024_07_CIN_CLE,2024-10-20,CLE,CIN,-2.0896049945192274,44.964103990075664,-7.0,35.0
2024,7,2024_07_DEN_NO,2024-10-17,NO,DEN,1.675065317713095,43.82804177618581,-23.0,43.0
2024,7,2024_07_DET_MIN,2024-10-20,MIN,DET,1.0215460241380363,45.28626857880346,-2.0,60.0
2024,7,2024_07_HOU_GB,2024-10-20,GB,HOU,3.1756332784606727,45.963381483013514,2.0,46.0
2024,7,2024_07_KC_SF,2024-10-20,SF,KC,0.6878967590206955,44.25114043543627,-10.0,46.0
2024,7,2024_07_LAC_ARI,2024-10-21,ARI,LAC,-2.160654839457962,41.87968464042047,2.0,32.0
2024,7,2024_07_LV_LA,2024-10-20,LA,LV,2.3577037142846535,45.50885321062515,5.0,35.0
2024,7,2024_07_MIA_IND,2024-10-20,IND,MIA,4.377238608463415,43.368520072220115,6.0,26.0
2024,7,2024_07_NE_JAX,2024-10-20,JAX,NE,1.605688992326339,42.48608179274615,16.0,48.0
2024,7,2024_07_NYJ_PIT,2024-10-20,PIT,NYJ,3.1069314633787286,36.783872255926134,22.0,52.0
2024,7,2024_07_PHI_NYG,2024-10-20,NYG,PHI,-1.507008777741916,40.256041543975556,-25.0,31.0
2024,7,2024_07_SEA_ATL,2024-10-20,ATL,SEA,2.3721664248499295,47.58192894110959,-20.0,48.0
2024,7,2024_07_TEN_BUF,2024-10-20,BUF,TEN,5.35229519492329,44.7250624819801,24.0,44.0
2024,8,2024_08_ARI_MIA,2024-10-27,MIA,ARI,-1.2026816608936386,41.728253102458204,-1.0,55.0
2024,8,2024_08_ATL_TB,2024-10-27,TB,ATL,4.0837278993766795,48.56458723051723,-5.0,57.0
2024,8,2024_08_BAL_CLE,2024-10-27,CLE,BAL,-6.465683559311341,46.36528544402796,5.0,53.0
2024,8,2024_08_BUF_SEA,2024-10-27,SEA,BUF,-2.855430336614468,48.59603131970398,-21.0,41.0
2024,8,2024_08_CAR_DEN,2024-10-27,DEN,CAR,12.00801733706391,42.79080292803717,14.0,42.0
2024,8,2024_08_CHI_WAS,2024-10-27,WAS,CHI,1.1560597132082577,46.84090905456335,3.0,33.0
2024,8,2024_08_DAL_SF,2024-10-27,SF,DAL,4.373990157806599,48.76576566645889,6.0,54.0
2024,8,2024_08_GB_JAX,2024-10-27,JAX,GB,-5.124740860913633,47.54074962317554,-3.0,57.0
2024,8,2024_08_IND_HOU,2024-10-27,HOU,IND,1.5791317723313973,45.24382489606276,3.0,43.0
2024,8,2024_08_KC_LV,2024-10-27,LV,KC,-6.387730072584549,42.2948435501626,-7.0,47.0
2024,8,2024_08_MIN_LA,2024-10-24,LA,MIN,-5.187286175261558,44.61492844148172,10.0,50.0
2024,8,2024_08_NO_LAC,2024-10-27,LAC,NO,1.8323959196478654,42.337527288481226,18.0,34.0
2024,8,2024_08_NYG_PIT,2024-10-28,PIT,NYG,7.831928288645694,36.31220957284239,8.0,44.0
2024,8,2024_08_NYJ_NE,2024-10-27,NE,NYJ,-3.5713286758969183,38.73355215061055,3.0,47.0
2024,8,2024_08_PHI_CIN,2024-10-27,CIN,PHI,-0.1724659814786662,46.07932825222001,-20.0,54.0
2024,8,2024_08_TEN_DET,2024-10-27,DET,TEN,8.126727894094703,45.36095301917558,38.0,66.0
2024,9,2024_09_CHI_ARI,2024-11-03,ARI,CHI,-1.859889941673515,43.73691958200223,20.0,38.0
2024,9,2024_09_DAL_ATL,2024-11-03,ATL,DAL,1.9830229392500236,48.016311897343215,6.0,48.0
2024,9,2024_09_DEN_BAL,2024-11-03,BAL,DEN,2.206722562090473,46.227632023522844,31.0,51.0
2024,9,2024_09_DET_GB,2024-11-03,GB,DET,-2.400440536737854,49.30725718469535,-10.0,38.0
2024,9,2024_09_HOU_NYJ,2024-10-31,NYJ,HOU,-1.0642884576243823,42.87009206743133,8.0,34.0
2024,9,2024_09_IND_MIN,2024-11-03,MIN,IND,4.707126075784881,44.9872256933693,8.0,34.0
2024,9,2024_09_JAX_PHI,2024-11-03,PHI,JAX,6.356469852778552,47.115047612064465,5.0,51.0
2024,9,2024_09_LAC_CLE,2024-11-03,CLE,LAC,-3.572489596720388,37.027519674890584,-17.0,37.0
2024,9,2024_09_LA_SEA,2024-11-03,SEA,LA,1.6263224279653308,46.644934782081876,-6.0,46.0
2024,9,2024_09_LV_CIN,2024-11-03,CIN,LV,3.61196753972359,47.104879121826386,17.0,65.0
2024,9,2024_09_MIA_BUF,2024-11-03,BUF,MIA,9.793235077849104,42.71897768843715,3.0,57.0
2024,9,2024_09_NE_TEN,2024-11-03,TEN,NE,2.105790153122225,41.57517856436681,3.0,37.0
2024,9,2024_09_NO_CAR,2024-11-03,CAR,NO,-7.120803983006457,48.11630008284227,1.0,45.0
2024,9,2024_09_TB_KC,2024-11-04,KC,TB,2.760790077928231,46.81647719576564,6.0,54.0
2024,9,2024_09_WAS_NYG,2024-11-03,NYG,WAS,-4.804983003330186,43.140420921392455,-5.0,49.0
2024,10,2024_10_ATL_NO,2024-11-10,NO,ATL,0.5254696910525176,47.18019886177531,3.0,37.0
2024,10,2024_10_BUF_IND,2024-11-10,IND,BUF,-3.7953158126739197,45.666237380863166,-10.0,50.0
2024,10,2024_10_CIN_BAL,2024-11-07,BAL,CIN,6.566883293014488,52.958800881099776,1.0,69.0
2024,10,2024_10_DEN_KC,2024-11-10,KC,DEN,4.604933264968476,40.01379048836023,2.0,30.0
2024,10,2024_10_DET_HOU,2024-11-10,HOU,DET,-5.021276654302721,47.4776446706628,-3.0,49.0
2024,10,2024_10_MIA_LA,2024-11-11,LA,MIA,4.187949273465865,42.71326880868685,-8.0,38.0
2024,10,2024_10_MIN_JAX,2024-11-10,JAX,MIN,-5.113185762111929,47.39349444922219,-5.0,19.0
2024,10,2024_10_NE_CHI,2024-11-10,CHI,NE,7.273901279660814,38.86700072530626,-16.0,22.0
2024,10,2024_10_NYG_CAR,2024-11-10,CAR,NYG,-3.445197475696755,41.889519977984065,3.0,37.0
2024,10,2024_10_NYJ_ARI,2024-11-10,ARI,NYJ,2.4224238155363977,43.136780944344444,25.0,37.0
2024,10,2024_10_PHI_DAL,2024-11-10,DAL,PHI,-1.9171209464149364,47.20091752487801,-28.0,40.0
2024,10,2024_10_PIT_WAS,2024-11-10,WAS,PIT,0.5444634145001785,44.82717583727552,-1.0,55.0
2024,10,2024_10_SF_TB,2024-11-10,TB,SF,0.9424685688769756,51.23852445743891,-3.0,43.0
2024,10,2024_10_TEN_LAC,2024-11-10,LAC,TEN,8.444997310038346,39.09483860883164,10.0,44.0
2024,11,2024_11_ATL_DEN,2024-11-17,DEN,ATL,2.4517125171719023,41.43841497860143,32.0,44.0
2024,11,2024_11_BAL_PIT,2024-11-17,PIT,BAL,-0.14825798485920672,47.88506107348829,2.0,34.0
2024,11,2024_11_CIN_LAC,2024-11-17,LAC,CIN,3.912893186011967,43.851293027923504,7.0,61.0
2024,11,2024_11_CLE_NO,2024-11-17,NO,CLE,3.5358232691438616,43.22314094281727,21.0,49.0
2024,11,2024_11_GB_CHI,2024-11-17,CHI,GB,-1.7794982321316795,42.13237286215903,-1.0,39.0
2024,11,2024_11_HOU_DAL,2024-11-18,DAL,HOU,-1.653963756853063,46.990318915708855,-24.0,44.0
2024,11,2024_11_IND_NYJ,2024-11-17,NYJ,IND,-0.0191260311175796,41.48386255524927,-1.0,55.0
2024,11,2024_11_JAX_DET,2024-11-17,DET,JAX,10.688408624340497,49.03677716840079,46.0,58.0
2024,11,2024_11_KC_BUF,2024-11-17,BUF,KC,2.4985982685569468,44.397795524510144,9.0,51.0
2024,11,2024_11_LA_NE,2024-11-17,NE,LA,-1.8147525793310813,40.58748598924183,-6.0,50.0
2024,11,2024_11_LV_MIA,2024-11-17,MIA,LV,2.8247071891138553,43.26318614489058,15.0,53.0
2024,11,2024_11_MIN_TEN,2024-11-17,TEN,MIN,-6.59240387927634,42.95428259616865,-10.0,36.0
2024,11,2024_11_SEA_SF,2024-11-17,SF,SEA,4.645735467066203,48.51164000755901,-3.0,37.0
2024,11,2024_11_WAS_PHI,2024-11-14,PHI,WAS,2.4182263952142513,48.083091330425134,8.0,44.0
2024,12,2024_12_ARI_SEA,2024-11-24,SEA,ARI,0.1905264721781137,46.63377436409577,10.0,22.0
2024,12,2024_12_BAL_LAC,2024-11-25,LAC,BAL,0.2256236588374705,45.60167249464627,-7.0,53.0
2024,12,2024_12_DAL_WAS,2024-11-24,WAS,DAL,7.2273523553102805,50.21770784241476,-8.0,60.0
2024,12,2024_12_DEN_LV,2024-11-24,LV,DEN,-5.3377492124027945,42.391627838089676,-10.0,48.0
2024,12,2024_12_DET_IND,2024-11-24,IND,DET,-7.309404779271521,48.52903826598961,-18.0,30.0
2024,12,2024_12_KC_CAR,2024-11-24,CAR,KC,-10.359307182571264,43.88673983292866,-3.0,57.0
2024,12,2024_12_MIN_CHI,2024-11-24,CHI,MIN,-2.6719560558411217,39.014109221760364,-3.0,57.0
2024,12,2024_12_NE_MIA,2024-11-24,MIA,NE,4.021144080079857,39.21841027845465,19.0,49.0
2024,12,2024_12_PHI_LA,2024-11-24,LA,PHI,-2.651274387548032,44.58816110524198,-17.0,57.0
2024,12,2024_12_PIT_CLE,2024-11-21,CLE,PIT,-5.964657683959519,38.928144323037614,5.0,43.0
2024,12,2024_12_SF_GB,2024-11-24,GB,SF,1.9139866706219593,46.84707809535786,28.0,48.0
2024,12,2024_12_TB_NYG,2024-11-24,NYG,TB,-4.336209513685322,44.318160342947564,-23.0,37.0
2024,12,2024_12_TEN_HOU,2024-11-24,HOU,TEN,7.3371057747207225,44.026543100501584,-5.0,59.0
2024,13,2024_13_ARI_MIN,2024-12-01,MIN,ARI,4.627875895071703,43.037537132871385,1.0,45.0
2024,13,2024_13_CHI_DET,2024-11-28,DET,CHI,11.08199316231692,44.427637176043106,3.0,43.0
2024,13,2024_13_CLE_DEN,2024-12-02,DEN,CLE,7.98336758144924,39.06644202682526,9.0,73.0
2024,13,2024_13_HOU_JAX,2024-12-01,JAX,HOU,-3.6921316186648383,47.14923233752027,-3.0,43.0
2024,13,2024_13_IND_NE,2024-12-01,NE,IND,-2.462097155074847,40.806892488544364,-1.0,49.0
2024,13,2024_13_LAC_ATL,2024-12-01,ATL,LAC,-2.6044844003073706,41.58228220486808,-4.0,30.0
2024,13,2024_13_LA_NO,2024-12-01,NO,LA,2.8151527820200855,47.13016700850408,-7.0,35.0
2024,13,2024_13_LV_KC,2024-11-29,KC,LV,9.617449154201932,44.82127357338241,2.0,36.0
2024,13,2024_13_MIA_GB,2024-11-28,GB,MIA,6.536708551496595,44.178745012477954,13.0,47.0
2024,13,2024_13_NYG_DAL,2024-11-28,DAL,NYG,3.483950414402784,42.330881757116885,7.0,47.0
2024,13,2024_13_PHI_BAL,2024-12-01,BAL,PHI,2.0397101513669433,50.00384563282529,-5.0,43.0
2024,13,2024_13_PIT_CIN,2024-12-01,CIN,PIT,-1.2759481291839059,46.39626852149773,-6.0,82.0
2024,13,2024_13_SEA_NYJ,2024-12-01,NYJ,SEA,-0.5277426944849353,42.595447426403574,-5.0,47.0
2024,13,2024_13_SF_BUF,2024-12-01,BUF,SF,6.125355071259573,48.35857741380697,25.0,45.0
2024,13,2024_13_TB_CAR,2024-12-01,CAR,TB,-9.195182008794614,49.971588214117304,-3.0,49.0
2024,13,2024_13_TEN_WAS,2024-12-01,WAS,TEN,6.540934103501726,48.72463866011765,23.0,61.0
2024,14,2024_14_ATL_MIN,2024-12-08,MIN,ATL,6.587310243888155,43.781220221524855,21.0,63.0
2024,14,2024_14_BUF_LA,2024-12-08,LA,BUF,-5.802295971545082,47.283975238619036,2.0,86.0
2024,14,2024_14_CAR_PHI,2024-12-08,PHI,CAR,13.931724670497164,46.0366430650957,6.0,38.0
2024,14,2024_14_CHI_SF,2024-12-08,SF,CHI,1.9762675936004435,43.12601042574285,25.0,51.0
2024,14,2024_14_CIN_DAL,2024-12-09,DAL,CIN,-0.9930065298643527,53.793778200938505,-7.0,47.0
2024,14,2024_14_CLE_PIT,2024-12-08,PIT,CLE,8.316898388889538,42.28251489965898,13.0,41.0
2024,14,2024_14_GB_DET,2024-12-05,DET,GB,6.159420979819608,48.22079663905426,3.0,65.0
2024,14,2024_14_JAX_TEN,2024-12-08,TEN,JAX,1.402637573356845,46.83868295611727,-4.0,16.0
2024,14,2024_14_LAC_KC,2024-12-08,KC,LAC,1.7521094802358874,38.65669638663713,2.0,36.0
2024,14,2024_14_LV_TB,2024-12-08,TB,LV,8.371154497540271,49.14531937416986,15.0,41.0
2024,14,2024_14_NO_NYG,2024-12-08,NYG,NO,-2.875819159398315,40.70364977737893,-3.0,25.0
2024,14,2024_14_NYJ_MIA,2024-12-08,MIA,NYJ,2.4086529569328192,41.345763028609404,6.0,58.0
2024,14,2024_14_SEA_ARI,2024-12-08,ARI,SEA,2.2411730693644287,44.63925813649052,-12.0,48.0
2024,15,2024_15_ATL_LV,2024-12-16,LV,ATL,-0.9284147750673881,46.10865912822724,-6.0,24.0
2024,15,2024_15_BAL_NYG,2024-12-15,NYG,BAL,-7.816765718249542,43.93329244963003,-21.0,49.0
2024,15,2024_15_BUF_DET,2024-12-15,DET,BUF,4.014563702218933,51.714669228271575,-6.0,90.0
2024,15,2024_15_CHI_MIN,2024-12-16,MIN,CHI,6.883489920840024,41.8733319300181,18.0,42.0
2024,15,2024_15_CIN_TEN,2024-12-15,TEN,CIN,-2.9662202853766786,50.039053157985926,-10.0,64.0
2024,15,2024_15_DAL_CAR,2024-12-15,CAR,DAL,-2.7153247286373237,48.47470583731422,-16.0,44.0
2024,15,2024_15_GB_SEA,2024-12-15,SEA,GB,-1.6670050771972384,46.58924272512407,-17.0,43.0
2024,15,2024_15_IND_DEN,2024-12-15,DEN,IND,5.372187685393069,42.58796624075754,18.0,44.0
2024,15,2024_15_KC_CLE,2024-12-15,CLE,KC,-5.35117505761394,42.26801934382617,-14.0,28.0
2024,15,2024_15_LA_SF,2024-12-12,SF,LA,3.5543035344859355,48.403382504230905,-6.0,18.0
2024,15,2024_15_MIA_HOU,2024-12-15,HOU,MIA,3.7643593322047586,44.69878720152752,8.0,32.0
2024,15,2024_15_NE_ARI,2024-12-15,ARI,NE,6.897222756418785,41.1404399016006,13.0,47.0
2024,15,2024_15_NYJ_JAX,2024-12-15,JAX,NYJ,-0.07527380301960207,43.22771512032939,-7.0,57.0
2024,15,2024_15_PIT_PHI,2024-12-15,PHI,PIT,2.867401142198265,42.44096133522484,14.0,40.0
2024,15,2024_15_TB_LAC,2024-12-15,LAC,TB,1.7231047160816289,43.58266528668361,-23.0,57.0
2024,15,2024_15_WAS_NO,2024-12-15,NO,WAS,-0.876481715663143,49.32527187455577,-1.0,39.0
2024,16,2024_16_ARI_CAR,2024-12-22,CAR,ARI,-7.091475153133793,45.64191389871137,6.0,66.0
2024,16,2024_16_CLE_CIN,2024-12-22,CIN,CLE,5.976842825277654,50.26431574083976,18.0,30.0
2024,16,2024_16_DEN_LAC,2024-12-19,LAC,DEN,0.01425269573988075,39.33140055582231,7.0,61.0
2024,16,2024_16_DET_CHI,2024-12-22,CHI,DET,-8.382113862466262,46.97792594080967,-17.0,51.0
2024,16,2024_16_HOU_KC,2024-12-21,KC,HOU,3.757428716903764,42.131767910677624,8.0,46.0
2024,16,2024_16_JAX_LV,2024-12-22,LV,JAX,0.9451720912637427,44.74995461618464,5.0,33.0
2024,16,2024_16_LA_NYJ,2024-12-22,NYJ,LA,-0.5272778094333113,44.648527193422225,-10.0,28.0
2024,16,2024_16_MIN_SEA,2024-12-22,SEA,MIN,-2.902392884797788,44.64258792213539,-3.0,51.0
2024,16,2024_16_NE_BUF,2024-12-22,BUF,NE,13.153860794805013,47.41576427302507,3.0,45.0
2024,16,2024_16_NO_GB,2024-12-23,GB,NO,6.648291649860671,45.96785587541822,34.0,34.0
2024,16,2024_16_NYG_ATL,2024-12-22,ATL,NYG,5.023063584271473,39.653483309622985,27.0,41.0
2024,16,2024_16_PHI_WAS,2024-12-22,WAS,PHI,-1.4748602777391007,48.0924745229361,3.0,69.0
2024,16,2024_16_PIT_BAL,2024-12-21,BAL,PIT,3.8968341136674347,47.83625788676065,17.0,51.0
2024,16,2024_16_SF_MIA,2024-12-22,MIA,SF,-1.0869128226125895,43.771533617170235,12.0,46.0
2024,16,2024_16_TB_DAL,2024-12-22,DAL,TB,-4.890954656985812,50.960237353381395,2.0,50.0
2024,16,2024_16_TEN_IND,2024-12-22,IND,TEN,4.799176370673887,43.78661084805181,8.0,68.0
2024,17,2024_17_ARI_LA,2024-12-28,LA,ARI,1.8355882835842543,45.450242809840546,4.0,22.0
2024,17,2024_17_ATL_WAS,2024-12-29,WAS,ATL,4.775521742945369,49.64186330934919,6.0,54.0
2024,17,2024_17_BAL_HOU,2024-12-25,HOU,BAL,-2.9277808855545473,49.56096849748223,-29.0,33.0
2024,17,2024_17_CAR_TB,2024-12-29,TB,CAR,12.77884834976416,50.56851849692488,34.0,62.0
2024,17,2024_17_DAL_PHI,2024-12-29,PHI,DAL,8.883266641803655,47.17269864244099,34.0,48.0
2024,17,2024_17_DEN_CIN,2024-12-28,CIN,DEN,-0.4346127371531203,49.97483499947056,6.0,54.0
2024,17,2024_17_DET_SF,2024-12-30,SF,DET,-6.2772102364452245,50.150003894311,-6.0,74.0
2024,17,2024_17_GB_MIN,2024-12-29,MIN,GB,0.510876281400261,45.66029004159381,2.0,52.0
2024,17,2024_17_IND_NYG,2024-12-29,NYG,IND,-3.0673362921547955,40.030809787600276,12.0,78.0
2024,17,2024_17_KC_PIT,2024-12-25,PIT,KC,0.3909635314717299,40.99355520119384,-19.0,39.0
2024,17,2024_17_LAC_NE,2024-12-28,NE,LAC,-5.0698527179095265,38.9484992756218,-33.0,47.0
2024,17,2024_17_LV_NO,2024-12-29,NO,LV,4.805835748622965,42.88633571094863,-15.0,35.0
2024,17,2024_17_MIA_CLE,2024-12-29,CLE,MIA,-2.2145240275548836,41.50924193483189,-17.0,23.0
2024,17,2024_17_NYJ_BUF,2024-12-29,BUF,NYJ,10.463845595301066,48.20391155666126,26.0,54.0
2024,17,2024_17_SEA_CHI,2024-12-26,CHI,SEA,-0.2812702302552381,42.49600264976075,-3.0,9.0
2024,17,2024_17_TEN_JAX,2024-12-29,JAX,TEN,2.332107750317803,45.26719325184998,7.0,33.0
2024,18,2024_18_BUF_NE,2025-01-05,NE,BUF,-10.955383866676868,47.93704258752827,7.0,39.0
2024,18,2024_18_CAR_ATL,2025-01-05,ATL,CAR,8.946396395973174,47.44998811430929,-6.0,82.0
2024,18,2024_18_CHI_GB,2025-01-05,GB,CHI,9.492662302485336,41.95597080730458,-2.0,46.0
2024,18,2024_18_CIN_PIT,2025-01-04,PIT,CIN,2.196720835117805,49.20748088576204,-2.0,36.0
2024,18,2024_18_CLE_BAL,2025-01-04,BAL,CLE,13.735580129353043,46.14671048449195,25.0,45.0
2024,18,2024_18_HOU_TEN,2025-01-05,TEN,HOU,-3.4037140509975323,43.82045091115374,-9.0,37.0
2024,18,2024_18_JAX_IND,2025-01-05,IND,JAX,3.922850747769182,46.35773801069989,3.0,49.0
2024,18,2024_18_KC_DEN,2025-01-05,DEN,KC,0.07789582906715253,41.90843982827847,38.0,38.0
2024,18,2024_18_LAC_LV,2025-01-05,LV,LAC,-5.106093838070976,40.84118009916588,-14.0,54.0
2024,18,2024_18_MIA_NYJ,2025-01-05,NYJ,MIA,-1.0718079688568913,41.42920996546685,12.0,52.0
2024,18,2024_18_MIN_DET,2025-01-05,DET,MIN,5.688784871110208,51.15542793409234,22.0,40.0
2024,18,2024_18_NO_TB,2025-01-05,TB,NO,8.27638695664118,47.61061188865199,8.0,46.0
2024,18,2024_18_NYG_PHI,2025-01-05,PHI,NYG,13.08767304499805,41.33549418949187,7.0,33.0
2024,18,2024_18_SEA_LA,2025-01-05,LA,SEA,1.638144073551267,43.02931059124893,-5.0,55.0
2024,18,2024_18_SF_ARI,2025-01-05,ARI,SF,1.1226502385163677,45.914002752868484,23.0,71.0
2024,18,2024_18_WAS_DAL,2025-01-05,DAL,WAS,-3.7111141698289103,51.765347729147514,-4.0,42.0
2025,1,2025_01_ARI_NO,2025-09-07,NO,ARI,0.9824828768004821,45.35467991480729,-7.0,33.0
2025,1,2025_01_BAL_BUF,2025-09-07,BUF,BAL,1.798642161121336,48.05921434142375,1.0,81.0
2025,1,2025_01_CAR_JAX,2025-09-07,JAX,CAR,2.6590379075907435,46.585176466249116,16.0,36.0
2025,1,2025_01_CIN_CLE,2025-09-07,CLE,CIN,-0.2880825099612849,46.27230386629022,-1.0,33.0
2025,1,2025_01_DAL_PHI,2025-09-04,PHI,DAL,4.6447437183370965,46.01580983175854,4.0,44.0
2025,1,2025_01_DET_GB,2025-09-07,GB,DET,0.8371631001726456,47.344372521318796,14.0,40.0
2025,1,2025_01_HOU_LA,2025-09-07,LA,HOU,1.6699241505359126,45.20186323591036,5.0,23.0
2025,1,2025_01_KC_LAC,2025-09-05,LAC,KC,2.2427528071871805,44.337321006457046,6.0,48.0
2025,1,2025_01_LV_NE,2025-09-07,NE,LV,1.7812455436887724,44.729610674902716,-7.0,33.0
2025,1,2025_01_MIA_IND,2025-09-07,IND,MIA,1.5789097881277243,45.41098051140253,25.0,41.0
2025,1,2025_01_MIN_CHI,2025-09-08,CHI,MIN,0.24097804726070748,44.618896232137544,-3.0,51.0
2025,1,2025_01_NYG_WAS,2025-09-07,WAS,NYG,4.215323161181445,45.8318331955541,15.0,27.0
2025,1,2025_01_PIT_NYJ,2025-09-07,NYJ,PIT,0.8218468020495173,44.91612878273219,-2.0,66.0
2025,1,2025_01_SF_SEA,2025-09-07,SEA,SF,2.3888292746065147,45.944638824106335,-4.0,30.0
2025,1,2025_01_TB_ATL,2025-09-07,ATL,TB,0.310354896057337,47.250397792260486,-3.0,43.0
2025,1,2025_01_TEN_DEN,2025-09-07,DEN,TEN,4.529776342125103,45.30324339092078,8.0,32.0
2025,2,2025_02_ATL_MIN,2025-09-14,MIN,ATL,4.723393880509601,45.352119834888825,-16.0,28.0
2025,2,2025_02_BUF_NYJ,2025-09-14,NYJ,BUF,0.19232309998896824,50.38570926491046,-20.0,40.0
2025,2,2025_02_CAR_ARI,2025-09-14,ARI,CAR,6.620595869105532,43.98946975982015,5.0,49.0
2025,2,2025_02_CHI_DET,2025-09-14,DET,CHI,4.809150985372785,45.16318464628591,31.0,73.0
2025,2,2025_02_CLE_BAL,2025-09-14,BAL,CLE,6.303693505247104,46.69176566625572,24.0,58.0
2025,2,2025_02_DEN_IND,2025-09-14,IND,DEN,2.59316067835665,43.217800720158735,1.0,57.0
2025,2,2025_02_JAX_CIN,2025-09-14,CIN,JAX,3.2297324783359898,43.94492084966468,4.0,58.0
2025,2,2025_02_LAC_LV,2025-09-15,LV,LAC,0.8860590958077026,43.10770589852134,-11.0,29.0
2025,2,2025_02_LA_TEN,2025-09-14,TEN,LA,0.9236942425862864,41.547096820935316,-14.0,52.0
2025,2,2025_02_NE_MIA,2025-09-14,MIA,NE,2.6050286380937173,42.041440568361296,-6.0,60.0
2025,2,2025_02_NYG_DAL,2025-09-14,DAL,NYG,3.811856274825768,42.54059445447652,3.0,77.0
2025,2,2025_02_PHI_KC,2025-09-14,KC,PHI,1.5676149544869702,44.198014545629704,-3.0,37.0
2025,2,2025_02_SEA_PIT,2025-09-14,PIT,SEA,3.8764524612215894,44.44185099542002,-14.0,48.0
2025,2,2025_02_SF_NO,2025-09-14,NO,SF,1.0836082083360346,42.56327111076803,-5.0,47.0
2025,2,2025_02_TB_HOU,2025-09-15,HOU,TB,0.9443702957208657,43.33147914945345,-1.0,39.0
2025,2,2025_02_WAS_GB,2025-09-11,GB,WAS,3.20711256068612,43.92802015889213,9.0,45.0
2025,3,2025_03_ARI_SF,2025-09-21,SF,ARI,1.4333423108086905,44.375156044733416,1.0,31.0
2025,3,2025_03_ATL_CAR,2025-09-21,CAR,ATL,-2.346226708855024,44.770629839731015,30.0,30.0
2025,3,2025_03_CIN_MIN,2025-09-21,MIN,CIN,0.8126801235893986,45.61285172088135,38.0,58.0
2025,3,2025_03_DAL_CHI,2025-09-21,CHI,DAL,-0.31337461998042215,50.53420124292005,17.0,45.0
2025,3,2025_03_DEN_LAC,2025-09-21,LAC,DEN,2.373486485600697,43.63461150925541,3.0,43.0
2025,3,2025_03_DET_BAL,2025-09-22,BAL,DET,1.5686543194250326,53.32909114692018,-8.0,68.0
2025,3,2025_03_GB_CLE,2025-09-21,CLE,GB,-4.752111226390323,43.830122386369055,3.0,23.0
2025,3,2025_03_HOU_JAX,2025-09-21,JAX,HOU,1.6739867077224737,42.77881166964167,7.0,27.0
2025,3,2025_03_IND_TEN,2025-09-21,TEN,IND,-2.5634340714038935,45.968396681444844,-21.0,61.0
2025,3,2025_03_KC_NYG,2025-09-21,NYG,KC,-0.9489169512710021,44.957042734449566,-13.0,31.0
2025,3,2025_03_LA_PHI,2025-09-21,PHI,LA,2.2752416556255106,43.18244689715617,7.0,59.0
2025,3,2025_03_LV_WAS,2025-09-21,WAS,LV,4.21723121260775,42.21130212082503,17.0,65.0
2025,3,2025_03_MIA_BUF,2025-09-18,BUF,MIA,7.642754786807803,48.97887281930129,10.0,52.0
2025,3,2025_03_NO_SEA,2025-09-21,SEA,NO,4.252168787419727,43.04080174235719,31.0,57.0
2025,3,2025_03_NYJ_TB,2025-09-21,TB,NYJ,5.829348502697677,46.76377789990074,2.0,56.0
2025,3,2025_03_PIT_NE,2025-09-21,NE,PIT,0.9361265635942146,46.950802463030634,-7.0,35.0
2025,4,2025_04_BAL_KC,2025-09-28,KC,BAL,1.3629674488103873,49.8265847462929,17.0,57.0
2025,4,2025_04_CAR_NE,2025-09-28,NE,CAR,1.2317612908135693,43.92808098596106,29.0,55.0
2025,4,2025_04_CHI_LV,2025-09-28,LV,CHI,2.1191635282871637,46.153025546284,-1.0,49.0
2025,4,2025_04_CIN_DEN,2025-09-29,DEN,CIN,6.460151497528834,47.259704727737805,25.0,31.0
2025,4,2025_04_CLE_DET,2025-09-28,DET,CLE,10.2259843362455,46.79339532546345,24.0,44.0
2025,4,2025_04_GB_DAL,2025-09-28,DAL,GB,-2.1840589531835946,45.994500632097456,0.0,80.0
2025,4,2025_04_IND_LA,2025-09-28,LA,IND,1.0402844311606927,47.58232918447944,7.0,47.0
2025,4,2025_04_JAX_SF,2025-09-28,SF,JAX,3.4507991937328306,42.715842462147535,-5.0,47.0
2025,4,2025_04_LAC_NYG,2025-09-28,NYG,LAC,-2.580730528453657,43.05179250079122,3.0,39.0
2025,4,2025_04_MIN_PIT,2025-09-28,PIT,MIN,0.5564268675050066,46.096243749123374,3.0,45.0
2025,4,2025_04_NO_BUF,2025-09-28,BUF,NO,9.787919272636326,48.92386585244196,12.0,50.0
2025,4,2025_04_NYJ_MIA,2025-09-29,MIA,NYJ,2.1685074035195626,47.54601248735434,6.0,48.0
2025,4,2025_04_PHI_TB,2025-09-28,TB,PHI,2.059651685288518,47.185974588622244,-6.0,56.0
2025,4,2025_04_SEA_ARI,2025-09-25,ARI,SEA,1.0210246256514566,43.747100144169615,-3.0,43.0
2025,4,2025_04_TEN_HOU,2025-09-28,HOU,TEN,6.501158705601796,42.0678856520515,26.0,26.0
2025,4,2025_04_WAS_ATL,2025-09-28,ATL,WAS,-0.31944946672797414,44.19149120221492,7.0,61.0
2025,5,2025_05_DAL_NYJ,2025-10-05,NYJ,DAL,3.5258312901473374,52.171225883427965,-15.0,59.0
2025,5,2025_05_DEN_PHI,2025-10-05,PHI,DEN,3.8662888363956007,44.522431445139404,-4.0,38.0
2025,5,2025_05_DET_CIN,2025-10-05,CIN,DET,-4.700275552230565,50.76850734552902,-13.0,61.0
2025,5,2025_05_HOU_BAL,2025-10-05,BAL,HOU,4.459957500970564,47.124201732540484,-34.0,54.0
2025,5,2025_05_KC_JAX,2025-10-06,JAX,KC,2.1888799212522407,43.74926264040516,3.0,59.0
2025,5,2025_05_LV_IND,2025-10-05,IND,LV,8.458499931191497,47.26307445013762,34.0,46.0
2025,5,2025_05_MIA_CAR,2025-10-05,CAR,MIA,3.870667681367319,46.49752348018167,3.0,51.0
2025,5,2025_05_MIN_CLE,2025-10-05,CLE,MIN,-2.4332230436914983,42.345099981062795,-4.0,38.0
2025,5,2025_05_NE_BUF,2025-10-05,BUF,NE,7.497625849154996,48.57378682957527,-3.0,43.0
2025,5,2025_05_NYG_NO,2025-10-05,NO,NYG,2.705879921195301,44.30275479847039,12.0,40.0
2025,5,2025_05_SF_LA,2025-10-02,LA,SF,4.9833102129795925,44.35264311030629,-3.0,49.0
2025,5,2025_05_TB_SEA,2025-10-05,SEA,TB,6.090270676087073,47.552595422014356,-3.0,73.0
2025,5,2025_05_TEN_ARI,2025-10-05,ARI,TEN,9.89628530128114,43.54999133208022,-1.0,43.0
2025,5,2025_05_WAS_LAC,2025-10-05,LAC,WAS,4.304366460190696,46.180052314577,-17.0,37.0
2025,6,2025_06_ARI_IND,2025-10-12,IND,ARI,7.029328521155758,46.05380929826896,4.0,58.0
2025,6,2025_06_BUF_ATL,2025-10-13,ATL,BUF,-0.3369159938189128,47.15241581839695,10.0,38.0
2025,6,2025_06_CHI_WAS,2025-10-13,WAS,CHI,6.733378026636519,48.828060894626674,-1.0,49.0
2025,6,2025_06_CIN_GB,2025-10-12,GB,CIN,9.58102885539937,47.89638459393649,9.0,45.0
2025,6,2025_06_CLE_PIT,2025-10-12,PIT,CLE,7.5550701112795835,42.61156779081316,14.0,32.0
2025,6,2025_06_DAL_CAR,2025-10-12,CAR,DAL,1.5224289358380148,51.881832218272244,3.0,57.0
2025,6,2025_06_DEN_NYJ,2025-10-12,NYJ,DEN,-3.628844042608641,45.51768454227791,-2.0,24.0
2025,6,2025_06_DET_KC,2025-10-12,KC,DET,-0.8086008254862804,50.067749677982675,13.0,47.0
2025,6,2025_06_LAC_MIA,2025-10-12,MIA,LAC,0.14194263107290084,44.3978735579526,-2.0,56.0
2025,6,2025_06_LA_BAL,2025-10-12,BAL,LA,0.7350261217443439,53.309536158562395,-14.0,20.0
2025,6,2025_06_NE_NO,2025-10-12,NO,NE,-0.5906320239753207,44.86766273798814,-6.0,44.0
2025,6,2025_06_PHI_NYG,2025-10-09,NYG,PHI,-2.8189787357969465,43.780208687593685,17.0,51.0
2025,6,2025_06_SEA_JAX,2025-10-12,JAX,SEA,1.2249223412593793,47.467104861404444,-8.0,32.0
2025,6,2025_06_SF_TB,2025-10-12,TB,SF,3.7590096196289906,48.269642299248396,11.0,49.0
2025,6,2025_06_TEN_LV,2025-10-12,LV,TEN,3.365622844159084,44.74619653859441,10.0,30.0
2025,7,2025_07_ATL_SF,2025-10-19,SF,ATL,3.4968183726765716,42.422397007625705,10.0,30.0
2025,7,2025_07_CAR_NYJ,2025-10-19,NYJ,CAR,2.028015429664073,46.94251246603452,-7.0,19.0
2025,7,2025_07_GB_ARI,2025-10-19,ARI,GB,0.9084796197696967,44.430624673289714,-4.0,50.0
2025,7,2025_07_HOU_SEA,2025-10-20,SEA,HOU,3.074488008106197,41.49146651440475,8.0,46.0
2025,7,2025_07_IND_LAC,2025-10-19,LAC,IND,-0.102703544810133,47.32282741860846,-14.0,62.0
2025,7,2025_07_LA_JAX,2025-10-19,JAX,LA,1.5258176486390873,43.15723447477593,-28.0,42.0
2025,7,2025_07_LV_KC,2025-10-19,KC,LV,9.250061852563721,43.7216557652759,31.0,31.0
2025,7,2025_07_MIA_CLE,2025-10-19,CLE,MIA,0.7042304316258736,43.13282719357126,25.0,37.0
2025,7,2025_07_NE_TEN,2025-10-19,TEN,NE,-2.1237135814604216,43.583187906415276,-18.0,44.0
2025,7,2025_07_NO_CHI,2025-10-19,CHI,NO,6.091956880517429,46.83052704294499,12.0,40.0
2025,7,2025_07_NYG_DEN,2025-10-19,DEN,NYG,8.326980153166666,40.60350871257902,1.0,65.0
2025,7,2025_07_PHI_MIN,2025-10-19,MIN,PHI,4.046771415907035,45.81441673193592,-6.0,50.0
2025,7,2025_07_PIT_CIN,2025-10-16,CIN,PIT,-1.4372255494747925,47.51709403245344,2.0,64.0
2025,7,2025_07_TB_DET,2025-10-20,DET,TB,5.904339305270234,53.929596651833215,15.0,33.0
2025,7,2025_07_WAS_DAL,2025-10-19,DAL,WAS,-0.17329812233034403,53.16619569948926,22.0,66.0
2025,8,2025_08_BUF_CAR,2025-10-26,CAR,BUF,-0.4013893510957516,47.53826864412879,-31.0,49.0
2025,8,2025_08_CHI_BAL,2025-10-26,BAL,CHI,1.9637606780709724,51.86445125241937,14.0,46.0
2025,8,2025_08_CLE_NE,2025-10-26,NE,CLE,8.03820866419948,40.386001446176515,19.0,45.0
2025,8,2025_08_DAL_DEN,2025-10-26,DEN,DAL,5.39898272932615,50.2263119411377,20.0,68.0
2025,8,2025_08_GB_PIT,2025-10-26,PIT,GB,0.7718272410087721,46.76478555565922,-10.0,60.0
2025,8,2025_08_MIA_ATL,2025-10-26,ATL,MIA,6.590559412966119,44.173335765078136,-24.0,44.0
2025,8,2025_08_MIN_LAC,2025-10-23,LAC,MIN,1.297887914211394,44.85957311729569,27.0,47.0
2025,8,2025_08_NYG_PHI,2025-10-26,PHI,NYG,7.089390604872747,45.98757808091264,18.0,58.0
2025,8,2025_08_NYJ_CIN,2025-10-26,CIN,NYJ,3.520023465893697,47.27024483042926,-1.0,77.0
2025,8,2025_08_SF_HOU,2025-10-26,HOU,SF,5.5479855857472025,39.67517745895431,11.0,41.0
2025,8,2025_08_TB_NO,2025-10-26,NO,TB,-2.038091689758808,47.798795823509046,-20.0,26.0
2025,8,2025_08_TEN_IND,2025-10-26,IND,TEN,13.499538424581083,48.17556479521797,24.0,52.0
2025,8,2025_08_WAS_KC,2025-10-27,KC,WAS,5.967506529440257,46.88844063358258,21.0,35.0
2025,9,2025_09_ARI_DAL,2025-11-03,DAL,ARI,2.7534919519433387,52.59827877420768,-10.0,44.0
2025,9,2025_09_ATL_NE,2025-11-02,NE,ATL,7.556049850386028,42.645054648497165,1.0,47.0
2025,9,2025_09_BAL_MIA,2025-10-30,MIA,BAL,2.053845944478237,51.80591198061457,-22.0,34.0
2025,9,2025_09_CAR_GB,2025-11-02,GB,CAR,10.190337351131923,45.72988281050812,-3.0,29.0
2025,9,2025_09_CHI_CIN,2025-11-02,CIN,CHI,0.5133462569641942,50.835084137546346,-5.0,89.0
2025,9,2025_09_DEN_HOU,2025-11-02,HOU,DEN,3.2712137293051136,40.16459816347303,-3.0,33.0
2025,9,2025_09_IND_PIT,2025-11-02,PIT,IND,-2.3164429200603642,51.25796873867735,7.0,47.0
2025,9,2025_09_JAX_LV,2025-11-02,LV,JAX,-0.23365376378123415,42.51607080459259,-1.0,59.0
2025,9,2025_09_KC_BUF,2025-11-02,BUF,KC,2.199221222394911,46.70938474142173,7.0,49.0
2025,9,2025_09_LAC_TEN,2025-11-02,TEN,LAC,-4.043334124513581,43.88916522980473,-7.0,47.0
2025,9,2025_09_MIN_DET,2025-11-02,DET,MIN,8.759938468093686,48.84772682778127,-3.0,51.0
2025,9,2025_09_NO_LA,2025-11-02,LA,NO,11.933529899512813,41.98098082201042,24.0,44.0
2025,9,2025_09_SEA_WAS,2025-11-02,WAS,SEA,-0.03593775552427303,48.14082050468516,-24.0,52.0
2025,9,2025_09_SF_NYG,2025-11-02,NYG,SF,0.6765411361381091,44.65645101788968,-10.0,58.0
2025,10,2025_10_ARI_SEA,2025-11-09,SEA,ARI,6.776029723152707,45.76959172541258,22.0,66.0
2025,10,2025_10_ATL_IND,2025-11-09,IND,ATL,9.66540876284488,47.2445175534708,6.0,56.0
2025,10,2025_10_BAL_MIN,2025-11-09,MIN,BAL,2.7599606970843844,49.28351867984499,-8.0,46.0
2025,10,2025_10_BUF_MIA,2025-11-09,MIA,BUF,-4.518611059290123,49.11477318975453,17.0,43.0
2025,10,2025_10_CLE_NYJ,2025-11-09,NYJ,CLE,3.221236662012764,41.7026857757359,7.0,47.0
2025,10,2025_10_DET_WAS,2025-11-09,WAS,DET,-3.527490914128961,50.62573903453689,-22.0,66.0
2025,10,2025_10_JAX_HOU,2025-11-09,HOU,JAX,6.951238233725952,41.179609087104105,7.0,65.0
2025,10,2025_10_LA_SF,2025-11-09,SF,LA,-1.003956296147571,43.2313537854549,-16.0,68.0
2025,10,2025_10_LV_DEN,2025-11-06,DEN,LV,11.146756789584192,42.22327806342966,3.0,17.0
2025,10,2025_10_NE_TB,2025-11-09,TB,NE,3.41199722082537,47.15435445349192,-5.0,51.0
2025,10,2025_10_NO_CAR,2025-11-09,CAR,NO,5.015574215624099,42.07026449527665,-10.0,24.0
2025,10,2025_10_NYG_CHI,2025-11-09,CHI,NYG,4.5108854511759375,49.785555301080564,4.0,44.0
2025,10,2025_10_PHI_GB,2025-11-10,GB,PHI,2.7027320182547534,46.880112084890285,-3.0,17.0
2025,10,2025_10_PIT_LAC,2025-11-09,LAC,PIT,3.571942005536169,46.5157849398819,15.0,35.0
2025,11,2025_11_BAL_CLE,2025-11-16,CLE,BAL,-2.946739165134609,45.20601148074384,-7.0,39.0
2025,11,2025_11_CAR_ATL,2025-11-16,ATL,CAR,4.156229010780795,41.20369825432168,-3.0,57.0
2025,11,2025_11_CHI_MIN,2025-11-16,MIN,CHI,3.762379461865791,47.96959547266404,-2.0,36.0
2025,11,2025_11_CIN_PIT,2025-11-16,PIT,CIN,6.666682206337221,52.73900844842721,22.0,46.0
2025,11,2025_11_DAL_LV,2025-11-17,LV,DAL,-0.42058025894774076,50.00661308645408,-17.0,49.0
2025,11,2025_11_DET_PHI,2025-11-16,PHI,DET,-0.4877820242786015,49.57896508300097,7.0,25.0
2025,11,2025_11_GB_NYG,2025-11-16,NYG,GB,-2.7454430749254755,45.07659404079962,-7.0,47.0
2025,11,2025_11_HOU_TEN,2025-11-16,TEN,HOU,-7.063268805834536,41.07904854956121,-3.0,29.0
2025,11,2025_11_KC_DEN,2025-11-16,DEN,KC,1.2326831601952897,41.00432355558142,3.0,41.0
2025,11,2025_11_LAC_JAX,2025-11-16,JAX,LAC,-0.31507551690836166,46.018157544434516,29.0,41.0
2025,11,2025_11_NYJ_NE,2025-11-13,NE,NYJ,7.926910189854635,46.76870065439469,13.0,41.0
2025,11,2025_11_SEA_LA,2025-11-16,LA,SEA,2.504046248679302,47.16687791455608,2.0,40.0
2025,11,2025_11_SF_ARI,2025-11-16,ARI,SF,2.0503693057619152,45.90432033681982,-19.0,63.0
2025,11,2025_11_TB_BUF,2025-11-16,BUF,TB,3.5118352387445526,50.155549546166284,12.0,76.0
2025,11,2025_11_WAS_MIA,2025-11-16,MIA,WAS,2.411094347524994,48.22810722424293,3.0,29.0
2025,12,2025_12_ATL_NO,2025-11-23,NO,ATL,0.3052540802776562,41.20338603031986,-14.0,34.0
2025,12,2025_12_BUF_HOU,2025-11-20,HOU,BUF,2.4672373553289404,45.759003484741704,4.0,42.0
2025,12,2025_12_CAR_SF,2025-11-24,SF,CAR,7.085479099989243,44.61714796280814,11.0,29.0
2025,12,2025_12_CLE_LV,2025-11-23,LV,CLE,1.7415070089920945,38.629402905657614,-14.0,34.0
2025,12,2025_12_IND_KC,2025-11-23,KC,IND,2.1864753964737744,48.616248095950965,3.0,43.0
2025,12,2025_12_JAX_ARI,2025-11-23,ARI,JAX,1.0251838521966512,47.47192366285627,-3.0,51.0
2025,12,2025_12_MIN_GB,2025-11-23,GB,MIN,5.193238837483662,43.39053833027863,17.0,29.0
2025,12,2025_12_NE_CIN,2025-11-23,CIN,NE,-4.702764864357167,51.85591170016198,-6.0,46.0
2025,12,2025_12_NYG_DET,2025-11-23,DET,NYG,11.073228946675027,49.969986503314146,7.0,61.0
2025,12,2025_12_NYJ_BAL,2025-11-23,BAL,NYJ,7.559010805371631,49.421266289987344,13.0,33.0
2025,12,2025_12_PHI_DAL,2025-11-23,DAL,PHI,-1.4040014443927404,51.383675253237804,3.0,45.0
2025,12,2025_12_PIT_CHI,2025-11-23,CHI,PIT,1.1856322090335603,48.16732640166427,3.0,59.0
2025,12,2025_12_SEA_TEN,2025-11-23,TEN,SEA,-9.053396587480446,45.38843679191743,-6.0,54.0
2025,12,2025_12_TB_LA,2025-11-23,LA,TB,6.519682537709322,48.00125500766139,27.0,41.0
2025,13,2025_13_ARI_TB,2025-11-30,TB,ARI,4.485671235102565,49.58796963704224,3.0,37.0
2025,13,2025_13_ATL_NYJ,2025-11-30,NYJ,ATL,0.42969391759601905,43.904893489292185,3.0,51.0
2025,13,2025_13_BUF_PIT,2025-11-30,PIT,BUF,-0.36218721383005104,50.69313732682858,-19.0,33.0
2025,13,2025_13_CHI_PHI,2025-11-28,PHI,CHI,6.557693960333964,46.57790916952959,-9.0,39.0
2025,13,2025_13_CIN_BAL,2025-11-27,BAL,CIN,9.37439850355496,54.16746206740389,-18.0,46.0
2025,13,2025_13_DEN_WAS,2025-11-30,WAS,DEN,-2.765455669889917,44.3602036853286,-1.0,53.0
2025,13,2025_13_GB_DET,2025-11-27,DET,GB,4.8259866330050265,47.03382020118029,-7.0,55.0
2025,13,2025_13_HOU_IND,2025-11-30,IND,HOU,3.836957722835219,45.532772833281854,-4.0,36.0
2025,13,2025_13_JAX_TEN,2025-11-30,TEN,JAX,-4.043192165777814,45.53041822845107,-22.0,28.0
2025,13,2025_13_KC_DAL,2025-11-27,DAL,KC,-2.3356617308800445,50.83530051871435,3.0,59.0
2025,13,2025_13_LA_CAR,2025-11-30,CAR,LA,-7.362837540014802,42.165911096054465,3.0,59.0
2025,13,2025_13_LV_LAC,2025-11-30,LAC,LV,8.95964572866271,41.505777537845745,17.0,45.0
2025,13,2025_13_MIN_SEA,2025-11-30,SEA,MIN,8.616858783213761,45.97439251612586,26.0,26.0
2025,13,2025_13_NO_MIA,2025-11-30,MIA,NO,5.677660295401484,41.18740743808942,4.0,38.0
2025,13,2025_13_NYG_NE,2025-12-01,NE,NYG,7.779139504369439,47.24388620019256,18.0,48.0
2025,13,2025_13_SF_CLE,2025-11-30,CLE,SF,-2.5733867511661934,41.56528065698528,-18.0,34.0
2025,14,2025_14_CHI_GB,2025-12-07,GB,CHI,6.183444172661389,46.33611502980925,7.0,49.0
2025,14,2025_14_CIN_BUF,2025-12-07,BUF,CIN,10.484204314609109,54.56600835969609,5.0,73.0
2025,14,2025_14_DAL_DET,2025-12-04,DET,DAL,7.314488709694061,56.964693324795235,14.0,74.0
2025,14,2025_14_DEN_LV,2025-12-07,LV,DEN,-6.994959186246472,40.103252376186546,-7.0,41.0
2025,14,2025_14_HOU_KC,2025-12-07,KC,HOU,2.5085312970518316,39.75070469646846,-10.0,30.0
2025,14,2025_14_IND_JAX,2025-12-07,JAX,IND,-0.31154074573009183,49.71371331651876,17.0,55.0
2025,14,2025_14_LA_ARI,2025-12-07,ARI,LA,-4.722458502586729,46.349900287809064,-28.0,62.0
2025,14,2025_14_MIA_NYJ,2025-12-07,NYJ,MIA,0.7430021219023821,44.67155001056669,-24.0,44.0
2025,14,2025_14_NO_TB,2025-12-07,TB,NO,7.997838001994371,44.14063727871667,-4.0,44.0
2025,14,2025_14_PHI_LAC,2025-12-08,LAC,PHI,0.7549587458320062,42.61092855756626,3.0,41.0
2025,14,2025_14_PIT_BAL,2025-12-07,BAL,PIT,3.0867494063436247,48.08194357311908,-5.0,49.0
2025,14,2025_14_SEA_ATL,2025-12-07,ATL,SEA,-5.564478818300696,45.633072371093505,-28.0,46.0
2025,14,2025_14_TEN_CLE,2025-12-07,CLE,TEN,4.497298404978622,39.07553944596214,-2.0,60.0
2025,14,2025_14_WAS_MIN,2025-12-07,MIN,WAS,2.9508228055329617,45.184186047117535,31.0,31.0
2025,15,2025_15_ARI_HOU,2025-12-14,HOU,ARI,8.414877852635254,41.942266683804846,20.0,60.0
2025,15,2025_15_ATL_TB,2025-12-11,TB,ATL,5.024947091662597,46.82309782638073,-1.0,57.0
2025,15,2025_15_BAL_CIN,2025-12-14,CIN,BAL,-1.762029367492616,54.20150262352796,-24.0,24.0
2025,15,2025_15_BUF_NE,2025-12-14,NE,BUF,0.835317560321883,49.478432941360055,-4.0,66.0
2025,15,2025_15_CAR_NO,2025-12-14,NO,CAR,0.4998023498232307,39.95797755550251,3.0,37.0
2025,15,2025_15_CLE_CHI,2025-12-14,CHI,CLE,6.436610199107978,44.690498691621045,28.0,34.0
2025,15,2025_15_DET_LA,2025-12-14,LA,DET,4.497654201125087,51.12313816080953,7.0,75.0
2025,15,2025_15_GB_DEN,2025-12-14,DEN,GB,1.5276654151401523,41.371325346235665,8.0,60.0
2025,15,2025_15_IND_SEA,2025-12-14,SEA,IND,5.631955587939387,50.57890153146367,2.0,34.0
2025,15,2025_15_LAC_KC,2025-12-14,KC,LAC,4.768495070299135,43.01300962361407,-3.0,29.0
2025,15,2025_15_LV_PHI,2025-12-14,PHI,LV,10.615530530562516,40.183579487951256,31.0,31.0
2025,15,2025_15_MIA_PIT,2025-12-15,PIT,MIA,3.4354599928534313,44.713947973356035,13.0,43.0
2025,15,2025_15_MIN_DAL,2025-12-14,DAL,MIN,1.5657041229486843,50.66830017935693,-8.0,60.0
2025,15,2025_15_NYJ_JAX,2025-12-14,JAX,NYJ,9.399692539618155,46.14663521769337,28.0,68.0
2025,15,2025_15_TEN_SF,2025-12-14,SF,TEN,10.641406245037778,44.179387100068915,13.0,61.0
2025,15,2025_15_WAS_NYG,2025-12-14,NYG,WAS,1.8929383308348555,48.84636640419377,-8.0,50.0
2025,16,2025_16_ATL_ARI,2025-12-21,ARI,ATL,2.5590853127329716,47.09455111028505,-7.0,45.0
2025,16,2025_16_BUF_CLE,2025-12-21,CLE,BUF,-7.462570233049561,46.49281860206226,-3.0,43.0
2025,16,2025_16_CIN_MIA,2025-12-21,MIA,CIN,5.057295237915692,49.470543180234216,-24.0,66.0
2025,16,2025_16_GB_CHI,2025-12-20,CHI,GB,-0.43334273345266894,46.80843582580242,6.0,38.0
2025,16,2025_16_JAX_DEN,2025-12-21,DEN,JAX,2.096561223064789,45.59126705327589,-14.0,54.0
2025,16,2025_16_KC_TEN,2025-12-21,TEN,KC,-7.3375815179975135,42.670069076559265,17.0,35.0
2025,16,2025_16_LAC_DAL,2025-12-21,DAL,LAC,-0.0958060349004235,52.78240040518247,-17.0,51.0
2025,16,2025_16_LA_SEA,2025-12-18,SEA,LA,1.9221785848364341,47.45924238504526,1.0,75.0
2025,16,2025_16_LV_HOU,2025-12-21,HOU,LV,14.498851476114478,37.843335903344396,2.0,44.0
2025,16,2025_16_MIN_NYG,2025-12-21,NYG,MIN,-1.787892015867964,45.05443442010203,-3.0,29.0
2025,16,2025_16_NE_BAL,2025-12-21,BAL,NE,0.9497170728479247,46.89946857806502,-4.0,52.0
2025,16,2025_16_NYJ_NO,2025-12-21,NO,NYJ,3.4611234312302237,42.51262093303441,23.0,35.0
2025,16,2025_16_PHI_WAS,2025-12-20,WAS,PHI,-3.63637817406698,44.0592906005576,-11.0,47.0
2025,16,2025_16_PIT_DET,2025-12-21,DET,PIT,6.631317822310933,51.802531137108836,-5.0,53.0
2025,16,2025_16_SF_IND,2025-12-22,IND,SF,3.751870973627799,48.888745244221596,-21.0,75.0
2025,16,2025_16_TB_CAR,2025-12-21,CAR,TB,-0.6997403377983744,45.742220067413776,3.0,43.0
2025,17,2025_17_ARI_CIN,2025-12-28,CIN,ARI,1.0781372606063044,53.11491424615442,23.0,51.0
2025,17,2025_17_BAL_GB,2025-12-27,GB,BAL,4.079952964056027,45.337618665243696,-17.0,65.0
2025,17,2025_17_CHI_SF,2025-12-28,SF,CHI,4.49615949407665,48.84005581737897,4.0,80.0
2025,17,2025_17_DAL_WAS,2025-12-25,WAS,DAL,0.6395470412167654,55.61221920478289,-7.0,53.0
2025,17,2025_17_DEN_KC,2025-12-25,KC,DEN,1.8180953769576043,41.61464106528042,-7.0,33.0
2025,17,2025_17_DET_MIN,2025-12-25,MIN,DET,-2.018609873833878,48.3862841851071,13.0,33.0
2025,17,2025_17_HOU_LAC,2025-12-27,LAC,HOU,-0.9726358104392752,40.035817941677905,-4.0,36.0
2025,17,2025_17_JAX_IND,2025-12-28,IND,JAX,1.050494828303414,51.36206816267838,-6.0,40.0
2025,17,2025_17_LA_ATL,2025-12-29,ATL,LA,-7.802919397497849,47.599524548182615,3.0,51.0
2025,17,2025_17_NE_NYJ,2025-12-28,NYJ,NE,-7.034942578308396,46.713338005024134,-32.0,52.0
2025,17,2025_17_NO_TEN,2025-12-28,TEN,NO,0.21190771403827924,40.32475379854462,-8.0,60.0
2025,17,2025_17_NYG_LV,2025-12-28,LV,NYG,-0.788315662121164,43.749462609103766,-24.0,44.0
2025,17,2025_17_PHI_BUF,2025-12-28,BUF,PHI,2.691731641991467,47.61179662422112,-1.0,25.0
2025,17,2025_17_PIT_CLE,2025-12-28,CLE,PIT,-4.226363662165262,41.747617989568774,7.0,19.0
2025,17,2025_17_SEA_CAR,2025-12-28,CAR,SEA,-8.011893738338053,44.411151925233426,-17.0,37.0
2025,17,2025_17_TB_MIA,2025-12-28,MIA,TB,-0.7051039131201904,47.33514239744788,3.0,37.0
2025,18,2025_18_ARI_LA,2026-01-04,LA,ARI,12.264118141101758,49.86204639595553,17.0,57.0
2025,18,2025_18_BAL_PIT,2026-01-04,PIT,BAL,0.6026574076411997,47.070807243895686,2.0,50.0
2025,18,2025_18_CAR_TB,2026-01-03,TB,CAR,4.682666107351672,44.66048719640869,2.0,30.0
2025,18,2025_18_CLE_CIN,2026-01-04,CIN,CLE,4.192046661180967,46.19272350490998,-2.0,38.0
2025,18,2025_18_DAL_NYG,2026-01-04,NYG,DAL,0.5576026194703587,55.34968752357628,17.0,51.0
2025,18,2025_18_DET_CHI,2026-01-04,CHI,DET,-1.0682828527412127,54.14565204685956,-3.0,35.0
2025,18,2025_18_GB_MIN,2026-01-04,MIN,GB,0.5242421811771365,41.285688428613334,13.0,19.0
2025,18,2025_18_IND_HOU,2026-01-04,HOU,IND,3.930022860716491,44.75782266552211,8.0,68.0
2025,18,2025_18_KC_LV,2026-01-04,LV,KC,-7.628706942946495,39.476481156368,2.0,26.0
2025,18,2025_18_LAC_DEN,2026-01-04,DEN,LAC,2.904371007547521,42.70229782784912,16.0,22.0
2025,18,2025_18_MIA_NE,2026-01-04,NE,MIA,8.049182744393576,45.62319579925062,28.0,48.0
2025,18,2025_18_NO_ATL,2026-01-04,ATL,NO,3.276677456925494,41.610479804134954,2.0,36.0
2025,18,2025_18_NYJ_BUF,2026-01-04,BUF,NYJ,12.822235022297114,50.266907963270036,27.0,43.0
2025,18,2025_18_SEA_SF,2026-01-03,SF,SEA,-2.3356112917541694,49.00201585332224,-10.0,16.0
2025,18,2025_18_TEN_JAX,2026-01-04,JAX,TEN,11.561241137884018,46.714116213909,34.0,48.0
2025,18,2025_18_WAS_PHI,2026-01-04,PHI,WAS,8.617121439290457,43.50557907672126,-7.0,41.0
