ledger_version,spec_version,captured_at,kickoff,season,week,game_id,home_team,away_team,baseline_home_margin,baseline_total,baseline_gaussian_home_win_probability,shadow_logistic_home_win_probability,baseline_total_mean,baseline_total_sigma,shadow_total_mean,shadow_total_sigma,margin_scale,total_scale,logistic_alpha,training_seasons,release_state,home_score,away_score,actual_home_margin,actual_total,baseline_brier_loss,shadow_brier_loss,baseline_total_nll,shadow_total_nll
1,stage23_nested_probability_v1,2026-10-02T00:52:55.270919+00:00,2026-10-04T17:00:00+00:00,2026,4,2026_04_ARI_NYG,NYG,ARI,1.608376427804533,44.29253257939179,0.5604939901482133,0.5428224934080554,44.13143521545049,13.514868934912649,44.13143521545049,12.163382041421384,1.0,0.9,0.0,2021;2022;2023;2024;2025,SHADOW,36,24,12.0,60.0,0.1931655326958388,0.2090112725336275,4.212050200444223,4.2683823085005885
1,stage23_nested_probability_v1,2026-10-02T00:52:55.270919+00:00,2026-10-04T17:00:00+00:00,2026,4,2026_04_DAL_HOU,HOU,DAL,0.5837540004300372,47.84290949884729,0.5298604388250067,0.5057891371761871,47.68181213490599,13.514868934912649,47.68181213490599,12.163382041421384,1.0,0.9,0.0,2021;2022;2023;2024;2025,SHADOW,30,34,-4.0,64.0,0.2807520846318286,0.25582265128543186,4.251666333990364,4.317291115347677
1,stage23_nested_probability_v1,2026-10-02T00:52:55.270919+00:00,2026-10-04T20:25:00+00:00,2026,4,2026_04_DEN_SF,SF,DEN,4.518675117794697,46.01551662557007,0.6449752150641059,0.6442033520108366,45.85441926162877,13.514868934912649,45.85441926162877,12.163382041421384,1.0,0.9,0.0,2021;2022;2023;2024;2025,SHADOW,24,14,10.0,38.0,0.12604259791877784,0.12659125472032468,3.691607563505549,3.6258605345022263
1,stage23_nested_probability_v1,2026-10-02T00:52:55.270919+00:00,2026-10-05T00:20:00+00:00,2026,4,2026_04_DET_CAR,CAR,DET,0.7354271501135159,52.64730618734814,0.5344106892665081,0.5112849941968932,52.48620882340684,13.514868934912649,52.48620882340684,12.163382041421384,1.0,0.9,0.0,2021;2022;2023;2024;2025,SHADOW,32,26,6.0,58.0,0.21677340626928804,0.2388423568971307,3.6059527028451317,3.520113792946156
1,stage23_nested_probability_v1,2026-10-02T00:52:55.270919+00:00,2026-10-04T17:00:00+00:00,2026,4,2026_04_GB_TB,TB,GB,1.9926173402685237,47.37750189377438,0.571898966620389,0.5566109981894461,47.21640452983308,13.514868934912649,47.21640452983308,12.163382041421384,1.0,0.9,0.0,2021;2022;2023;2024;2025,SHADOW,14,17,-3.0,31.0,0.3270684280214688,0.3098158033054516,4.2426013221516925,4.306099742707342
1,stage23_nested_probability_v1,2026-10-02T00:52:55.270919+00:00,2026-10-04T13:30:00+00:00,2026,4,2026_04_IND_WAS,WAS,IND,0.17072835016495702,51.29384457545478,0.5174514624420227,0.49081998124287646,51.132747211513475,13.514868934912649,51.132747211513475,12.163382041421384,1.0,0.9,0.0,2021;2022;2023;2024;2025,SHADOW,13,30,-17.0,43.0,0.267756015983388,0.2409042539872576,3.7037883307786035,3.640898518789948
1,stage23_nested_probability_v1,2026-10-02T00:52:55.270919+00:00,2026-10-04T17:00:00+00:00,2026,4,2026_04_JAX_CIN,CIN,JAX,-2.8415076094530036,46.76635151596055,0.42720281341265454,0.38380050988659775,46.60525415201925,13.514868934912649,46.60525415201925,12.163382041421384,1.0,0.9,0.0,2021;2022;2023;2024;2025,SHADOW,17,22,-5.0,39.0,0.1825022437876873,0.1473028313892124,3.6810628721795626,3.612842397062737
1,stage23_nested_probability_v1,2026-10-02T00:52:55.270919+00:00,2026-10-04T20:25:00+00:00,2026,4,2026_04_KC_LV,LV,KC,-0.9783600562962462,44.91728003664006,0.4828767595001009,0.4493437088845895,44.756182672698756,13.514868934912649,44.756182672698756,12.163382041421384,1.0,0.9,0.0,2021;2022;2023;2024;2025,SHADOW,27,30,-3.0,57.0,0.23316996486531827,0.20190976871415875,3.9331031787731936,3.924003269400553
1,stage23_nested_probability_v1,2026-10-02T00:52:55.270919+00:00,2026-10-04T20:25:00+00:00,2026,4,2026_04_LAC_SEA,SEA,LAC,6.750172222828574,42.55184865308636,0.7054514844769132,0.7144681226174461,42.39075128914506,13.514868934912649,42.39075128914506,12.163382041421384,1.0,0.9,0.0,2021;2022;2023;2024;2025,SHADOW,30,23,7.0,53.0,0.08675882799685411,0.08152845300160581,3.8308459642229016,3.797759794647106
1,stage23_nested_probability_v1,2026-10-02T00:52:55.270919+00:00,2026-10-04T17:00:00+00:00,2026,4,2026_04_LA_PHI,PHI,LA,-1.0561875055627397,43.778554598406224,0.48053675707851606,0.44655336960506403,43.61745723446492,13.514868934912649,43.61745723446492,12.163382041421384,1.0,0.9,0.0,2021;2022;2023;2024;2025,SHADOW,20,24,-4.0,44.0,0.23091557490353676,0.19940991190563692,3.5231296108647814,3.417863062106217
1,stage23_nested_probability_v1,2026-10-02T00:52:55.270919+00:00,2026-10-04T20:05:00+00:00,2026,4,2026_04_MIA_MIN,MIN,MIA,7.486330036665404,41.39207398502428,0.7243069935147273,0.7357345365571927,41.23097662108298,13.514868934912649,41.23097662108298,12.163382041421384,1.0,0.9,0.0,2021;2022;2023;2024;2025,SHADOW,15,10,5.0,25.0,0.07600663382488863,0.06983623516864174,4.243895660624039,4.307697691438634
1,stage23_nested_probability_v1,2026-10-02T00:52:55.270919+00:00,2026-10-04T17:00:00+00:00,2026,4,2026_04_NE_BUF,BUF,NE,2.7389959834904367,46.24607378141934,0.5938738664665776,0.583128970621604,46.08497641747804,13.514868934912649,46.08497641747804,12.163382041421384,1.0,0.9,0.0,2021;2022;2023;2024;2025,SHADOW,26,29,-3.0,55.0,0.35268616927196245,0.34003939637821146,3.7402951619793248,3.6859686807661474
1,stage23_nested_probability_v1,2026-10-02T00:52:55.270919+00:00,2026-10-04T17:00:00+00:00,2026,4,2026_04_NYJ_CHI,CHI,NYJ,5.941524592418702,45.906828070648544,0.684079244696638,0.6899625818783864,45.74573070670724,13.514868934912649,45.74573070670724,12.163382041421384,1.0,0.9,0.0,2021;2022;2023;2024;2025,SHADOW,23,12,11.0,35.0,0.09980592363144676,0.09612320063551623,3.838824456879383,3.807609785581034
1,stage23_nested_probability_v1,2026-10-02T00:52:55.270919+00:00,2026-10-04T17:00:00+00:00,2026,4,2026_04_TEN_BAL,BAL,TEN,5.938404947615247,45.23923850810724,0.6839955265155321,0.6898658209949865,45.07814114416594,13.514868934912649,45.07814114416594,12.163382041421384,1.0,0.9,0.0,2021;2022;2023;2024;2025,SHADOW,24,18,6.0,42.0,0.09985882726219579,0.09618320898711376,3.5486662328576704,3.4493897559245985
