ledger_version,spec_version,captured_at,kickoff,season,week,game_id,home_team,away_team,baseline_total,qb_total_shadow_total,qb_total_shadow_correction,qb_total_feature_set,qb_total_ridge_alpha,qb_prior_dropbacks,training_seasons,qb_total_release_state,home_score,away_score,actual_total,baseline_abs_error,shadow_abs_error
1,stage15_fixed_quality_v1,2026-10-01T22:33:17.320464+00:00,2026-10-04T17:00:00+00:00,2026,4,2026_04_ARI_NYG,NYG,ARI,44.29253257939179,43.16164502232605,-1.1308875570657435,quality,0.1,75.0,2022;2023;2024;2025,SHADOW,36,24,60.0,15.70746742060821,16.83835497767395
1,stage15_fixed_quality_v1,2026-10-01T22:33:17.320464+00:00,2026-10-06T00:15:00+00:00,2026,4,2026_04_ATL_NO,NO,ATL,44.858118261819186,44.54552061608926,-0.3125976457299207,quality,0.1,75.0,2022;2023;2024;2025,SHADOW,24,45,69.0,24.141881738180814,24.454479383910737
1,stage15_fixed_quality_v1,2026-10-01T22:33:17.320464+00:00,2026-10-04T17:00:00+00:00,2026,4,2026_04_DAL_HOU,HOU,DAL,47.84290949884729,49.018457155010445,1.1755476561631515,quality,0.1,75.0,2022;2023;2024;2025,SHADOW,30,34,64.0,16.15709050115271,14.981542844989555
1,stage15_fixed_quality_v1,2026-10-01T22:33:17.320464+00:00,2026-10-04T20:25:00+00:00,2026,4,2026_04_DEN_SF,SF,DEN,46.01551662557007,48.8987778391444,2.88326121357433,quality,0.1,75.0,2022;2023;2024;2025,SHADOW,24,14,38.0,8.015516625570072,10.898777839144401
1,stage15_fixed_quality_v1,2026-10-01T22:33:17.320464+00:00,2026-10-05T00:20:00+00:00,2026,4,2026_04_DET_CAR,CAR,DET,52.64730618734816,54.79144392285131,2.14413773550315,quality,0.1,75.0,2022;2023;2024;2025,SHADOW,32,26,58.0,5.352693812651843,3.2085560771486925
1,stage15_fixed_quality_v1,2026-10-01T22:33:17.320464+00:00,2026-10-04T17:00:00+00:00,2026,4,2026_04_GB_TB,TB,GB,47.37750189377438,45.91261920071636,-1.4648826930580234,quality,0.1,75.0,2022;2023;2024;2025,SHADOW,14,17,31.0,16.37750189377438,14.912619200716357
1,stage15_fixed_quality_v1,2026-10-01T22:33:17.320464+00:00,2026-10-04T13:30:00+00:00,2026,4,2026_04_IND_WAS,WAS,IND,51.293844575454784,50.857412575048116,-0.43643200040667113,quality,0.1,75.0,2022;2023;2024;2025,SHADOW,13,30,43.0,8.293844575454784,7.857412575048116
1,stage15_fixed_quality_v1,2026-10-01T22:33:17.320464+00:00,2026-10-04T17:00:00+00:00,2026,4,2026_04_JAX_CIN,CIN,JAX,46.76635151596055,47.03204558464158,0.26569406868102774,quality,0.1,75.0,2022;2023;2024;2025,SHADOW,17,22,39.0,7.766351515960551,8.03204558464158
1,stage15_fixed_quality_v1,2026-10-01T22:33:17.320464+00:00,2026-10-04T20:25:00+00:00,2026,4,2026_04_KC_LV,LV,KC,44.91728003664006,46.26289504436522,1.345615007725164,quality,0.1,75.0,2022;2023;2024;2025,SHADOW,27,30,57.0,12.082719963359942,10.737104955634777
1,stage15_fixed_quality_v1,2026-10-01T22:33:17.320464+00:00,2026-10-04T20:25:00+00:00,2026,4,2026_04_LAC_SEA,SEA,LAC,42.55184865308637,41.32098430334804,-1.2308643497383245,quality,0.1,75.0,2022;2023;2024;2025,SHADOW,30,23,53.0,10.448151346913633,11.679015696651959
1,stage15_fixed_quality_v1,2026-10-01T22:33:17.320464+00:00,2026-10-04T17:00:00+00:00,2026,4,2026_04_LA_PHI,PHI,LA,43.77855459840623,42.56629362125958,-1.2122609771466493,quality,0.1,75.0,2022;2023;2024;2025,SHADOW,20,24,44.0,0.22144540159376902,1.4337063787404176
1,stage15_fixed_quality_v1,2026-10-01T22:33:17.320464+00:00,2026-10-04T20:05:00+00:00,2026,4,2026_04_MIA_MIN,MIN,MIA,41.39207398502428,39.74976366596024,-1.6423103190640453,quality,0.1,75.0,2022;2023;2024;2025,SHADOW,15,10,25.0,16.392073985024282,14.749763665960238
1,stage15_fixed_quality_v1,2026-10-01T22:33:17.320464+00:00,2026-10-04T17:00:00+00:00,2026,4,2026_04_NE_BUF,BUF,NE,46.24607378141935,45.098098304064635,-1.1479754773547157,quality,0.1,75.0,2022;2023;2024;2025,SHADOW,26,29,55.0,8.753926218580652,9.901901695935365
1,stage15_fixed_quality_v1,2026-10-01T22:33:17.320464+00:00,2026-10-04T17:00:00+00:00,2026,4,2026_04_NYJ_CHI,CHI,NYJ,45.906828070648544,46.11000026575677,0.20317219510822138,quality,0.1,75.0,2022;2023;2024;2025,SHADOW,23,12,35.0,10.906828070648544,11.110000265756767
1,stage15_fixed_quality_v1,2026-10-01T22:33:17.320464+00:00,2026-10-02T00:15:00+00:00,2026,4,2026_04_PIT_CLE,CLE,PIT,42.044233994458324,40.834992623815616,-1.209241370642709,quality,0.1,75.0,2022;2023;2024;2025,SHADOW,27,24,51.0,8.955766005541676,10.165007376184384
1,stage15_fixed_quality_v1,2026-10-01T22:33:17.320464+00:00,2026-10-04T17:00:00+00:00,2026,4,2026_04_TEN_BAL,BAL,TEN,45.239238508107256,44.38025007097372,-0.8589884371335317,quality,0.1,75.0,2022;2023;2024;2025,SHADOW,24,18,42.0,3.239238508107256,2.380250070973723
1,stage15_fixed_quality_v1,2026-10-06T03:15:53.036123+00:00,2026-10-09T00:15:00+00:00,2026,5,2026_05_TB_DAL,DAL,TB,50.489179444916005,51.520470709097474,1.0312912641814678,quality,0.1,75.0,2022;2023;2024;2025,SHADOW,16,24,40.0,10.489179444916005,11.520470709097474
