ledger_version,spec_version,captured_at,kickoff,season,week,game_id,home_team,away_team,market,side,book,line,odds,quote_at,model_probability,no_vig_probability,raw_edge,raw_ev,source_verified,source_timestamp_verified,quote_sanity_ok,execution_ready_at_capture,release_action_at_capture,portfolio_stake_units_at_capture,edge_discovery_tier_at_capture,edge_timing_action_at_capture,model_family_at_capture,snapshot_status
1,nfl_frozen_market_edge_forward_v1,2026-10-08T00:56:21.484555+00:00,2026-10-12T00:20:00+00:00,2026,5,2026_05_BAL_ATL,ATL,BAL,moneyline,away,ActionNetwork book 49,,154,2026-10-08T00:55:48.044609+00:00,0.5583343333171196,0.3788896651797711,0.1794446681373485,0.4181692066254836,True,True,True,True,PASS,0.0,EVIDENCE_OR_CONTEXT_BLOCKED,PASS,gaussian+logistic_moneyline,VALID_POINT_IN_TIME_RESEARCH_QUOTE
1,nfl_frozen_market_edge_forward_v1,2026-10-08T00:56:21.484555+00:00,2026-10-12T00:20:00+00:00,2026,5,2026_05_BAL_ATL,ATL,BAL,spread,away,Draft Kings,3.5,-110,2026-10-08T00:55:44.623591+00:00,0.6281001695290657,0.5,0.12810016952906567,0.19910032364639818,True,True,True,True,PASS,0.0,EVIDENCE_OR_CONTEXT_BLOCKED,PASS,gaussian+logistic_moneyline,VALID_POINT_IN_TIME_RESEARCH_QUOTE
1,nfl_frozen_market_edge_forward_v1,2026-10-08T00:56:21.484555+00:00,2026-10-12T00:20:00+00:00,2026,5,2026_05_BAL_ATL,ATL,BAL,total,over,WynnBET,43.5,-109,2026-10-08T00:55:48.044609+00:00,0.6280184170635713,0.49677530312150653,0.13124311394206478,0.20418210244299462,True,True,True,True,PASS,0.0,EVIDENCE_OR_CONTEXT_BLOCKED,PASS,gaussian+logistic_moneyline,VALID_POINT_IN_TIME_RESEARCH_QUOTE
1,nfl_frozen_market_edge_forward_v1,2026-10-08T00:56:21.484555+00:00,2026-10-13T00:15:00+00:00,2026,5,2026_05_BUF_LA,LA,BUF,moneyline,away,FanDuel,,142,2026-10-08T00:55:48.044609+00:00,0.5068565811659571,0.3962430290578222,0.1106135521081349,0.22659292642161621,True,True,True,True,PASS,0.0,EVIDENCE_OR_CONTEXT_BLOCKED,PASS,gaussian+logistic_moneyline,VALID_POINT_IN_TIME_RESEARCH_QUOTE
1,nfl_frozen_market_edge_forward_v1,2026-10-08T00:56:21.484555+00:00,2026-10-13T00:15:00+00:00,2026,5,2026_05_BUF_LA,LA,BUF,spread,away,PointsBet,3.0,-110,2026-10-08T00:55:48.044609+00:00,0.5743374800768506,0.5,0.07433748007685059,0.0964624619648966,True,True,True,True,PASS,0.0,EVIDENCE_OR_CONTEXT_BLOCKED,PASS,gaussian+logistic_moneyline,VALID_POINT_IN_TIME_RESEARCH_QUOTE
1,nfl_frozen_market_edge_forward_v1,2026-10-08T00:56:21.484555+00:00,2026-10-13T00:15:00+00:00,2026,5,2026_05_BUF_LA,LA,BUF,total,under,BetRivers,54.5,-102,2026-10-08T00:55:48.044609+00:00,0.6256646208600043,0.4826358742837298,0.1430287465762745,0.23906130797765557,True,True,True,True,PASS,0.0,EVIDENCE_OR_CONTEXT_BLOCKED,PASS,gaussian+logistic_moneyline,VALID_POINT_IN_TIME_RESEARCH_QUOTE
1,nfl_frozen_market_edge_forward_v1,2026-10-08T00:56:21.484555+00:00,2026-10-11T17:00:00+00:00,2026,5,2026_05_CHI_GB,GB,CHI,moneyline,away,PointsBet,,-134,2026-10-08T00:55:48.044609+00:00,0.7050484892557163,0.5506567324679316,0.15439175678778472,0.23120407825251954,True,True,True,True,PASS,0.0,EVIDENCE_OR_CONTEXT_BLOCKED,PASS,gaussian+logistic_moneyline,VALID_POINT_IN_TIME_RESEARCH_QUOTE
1,nfl_frozen_market_edge_forward_v1,2026-10-08T00:56:21.484555+00:00,2026-10-11T17:00:00+00:00,2026,5,2026_05_CHI_GB,GB,CHI,spread,away,BetMGM,-2.0,-110,2026-10-08T00:55:48.044609+00:00,0.5842096409563553,0.5021949078138719,0.08201473314248342,0.11530931455304194,True,True,True,True,PASS,0.0,EVIDENCE_OR_CONTEXT_BLOCKED,PASS,gaussian+logistic_moneyline,VALID_POINT_IN_TIME_RESEARCH_QUOTE
1,nfl_frozen_market_edge_forward_v1,2026-10-08T00:56:21.484555+00:00,2026-10-11T17:00:00+00:00,2026,5,2026_05_CHI_GB,GB,CHI,total,over,PointsBet,45.5,-110,2026-10-08T00:55:48.044609+00:00,0.5238537144309534,0.5,0.02385371443095341,8.436391363830786e-05,True,True,True,True,PASS,0.0,EVIDENCE_OR_CONTEXT_BLOCKED,PASS,gaussian+logistic_moneyline,VALID_POINT_IN_TIME_RESEARCH_QUOTE
1,nfl_frozen_market_edge_forward_v1,2026-10-08T00:56:21.484555+00:00,2026-10-11T17:00:00+00:00,2026,5,2026_05_CIN_MIA,MIA,CIN,moneyline,home,ActionNetwork book 49,,265,2026-10-08T00:55:48.044609+00:00,0.3426325478630285,0.26240386065450155,0.08022868720852694,0.2506087997000539,True,True,True,True,PASS,0.0,EVIDENCE_OR_CONTEXT_BLOCKED,PASS,gaussian+logistic_moneyline,VALID_POINT_IN_TIME_RESEARCH_QUOTE
1,nfl_frozen_market_edge_forward_v1,2026-10-08T00:56:21.484555+00:00,2026-10-11T17:00:00+00:00,2026,5,2026_05_CIN_MIA,MIA,CIN,spread,home,PointsBet,6.5,-102,2026-10-08T00:55:48.044609+00:00,0.5954886751280677,0.48071979434447304,0.11476888078359465,0.17930110172421254,True,True,True,True,PASS,0.0,EVIDENCE_OR_CONTEXT_BLOCKED,PASS,gaussian+logistic_moneyline,VALID_POINT_IN_TIME_RESEARCH_QUOTE
1,nfl_frozen_market_edge_forward_v1,2026-10-08T00:56:21.484555+00:00,2026-10-11T17:00:00+00:00,2026,5,2026_05_CIN_MIA,MIA,CIN,total,over,ActionNetwork book 49,42.5,-108,2026-10-08T00:55:48.044609+00:00,0.5641319337909386,0.4956702459300312,0.06846168786090745,0.08647631693069657,True,True,True,True,PASS,0.0,EVIDENCE_OR_CONTEXT_BLOCKED,PASS,gaussian+logistic_moneyline,VALID_POINT_IN_TIME_RESEARCH_QUOTE
1,nfl_frozen_market_edge_forward_v1,2026-10-08T00:56:21.484555+00:00,2026-10-11T17:00:00+00:00,2026,5,2026_05_CLE_NYJ,NYJ,CLE,moneyline,away,ActionNetwork book 49,,113,2026-10-08T00:55:48.044609+00:00,0.5205656779447208,0.44593088071348946,0.07463479723123129,0.10880489402225524,True,True,True,True,PASS,0.0,EVIDENCE_OR_CONTEXT_BLOCKED,PASS,gaussian+logistic_moneyline,VALID_POINT_IN_TIME_RESEARCH_QUOTE
1,nfl_frozen_market_edge_forward_v1,2026-10-08T00:56:21.484555+00:00,2026-10-11T17:00:00+00:00,2026,5,2026_05_CLE_NYJ,NYJ,CLE,spread,away,WynnBET,2.5,-110,2026-10-08T00:55:48.044609+00:00,0.5696855169677015,0.5010897994768962,0.06859571749080529,0.08758144148379388,True,True,True,True,PASS,0.0,EVIDENCE_OR_CONTEXT_BLOCKED,PASS,gaussian+logistic_moneyline,VALID_POINT_IN_TIME_RESEARCH_QUOTE
1,nfl_frozen_market_edge_forward_v1,2026-10-08T00:56:21.484555+00:00,2026-10-11T17:00:00+00:00,2026,5,2026_05_CLE_NYJ,NYJ,CLE,total,over,FanDuel,39.5,-110,2026-10-08T00:55:48.044609+00:00,0.6030734386289915,0.5,0.10307343862899154,0.15132201920080202,True,True,True,True,PASS,0.0,EVIDENCE_OR_CONTEXT_BLOCKED,PASS,gaussian+logistic_moneyline,VALID_POINT_IN_TIME_RESEARCH_QUOTE
1,nfl_frozen_market_edge_forward_v1,2026-10-08T00:56:21.484555+00:00,2026-10-11T20:05:00+00:00,2026,5,2026_05_DEN_LAC,LAC,DEN,moneyline,home,WynnBET,,155,2026-10-08T00:55:48.044609+00:00,0.40308846110633406,0.37443511943189156,0.0286533416744425,0.027875575821151743,True,True,True,True,PASS,0.0,EVIDENCE_OR_CONTEXT_BLOCKED,PASS,gaussian+logistic_moneyline,VALID_POINT_IN_TIME_RESEARCH_QUOTE
1,nfl_frozen_market_edge_forward_v1,2026-10-08T00:56:21.484555+00:00,2026-10-11T20:05:00+00:00,2026,5,2026_05_DEN_LAC,LAC,DEN,spread,home,WynnBET,3.5,-108,2026-10-08T00:55:48.044609+00:00,0.5542126479187912,0.4978050921861282,0.05640755573266304,0.06737250710285725,True,True,True,True,PASS,0.0,EVIDENCE_OR_CONTEXT_BLOCKED,PASS,gaussian+logistic_moneyline,VALID_POINT_IN_TIME_RESEARCH_QUOTE
1,nfl_frozen_market_edge_forward_v1,2026-10-08T00:56:21.484555+00:00,2026-10-11T20:05:00+00:00,2026,5,2026_05_DEN_LAC,LAC,DEN,total,under,FanDuel,44.5,-110,2026-10-08T00:55:48.044609+00:00,0.5473652536616757,0.5,0.047365253661675655,0.04497002971774444,True,True,True,True,PASS,0.0,EVIDENCE_OR_CONTEXT_BLOCKED,PASS,gaussian+logistic_moneyline,VALID_POINT_IN_TIME_RESEARCH_QUOTE
1,nfl_frozen_market_edge_forward_v1,2026-10-08T00:56:21.484555+00:00,2026-10-11T20:25:00+00:00,2026,5,2026_05_DET_ARI,ARI,DET,moneyline,home,FanDuel,,310,2026-10-08T00:55:48.044609+00:00,0.4080140812208375,0.23409789548356588,0.1739161857372716,0.6728577330054335,True,True,True,True,PASS,0.0,EVIDENCE_OR_CONTEXT_BLOCKED,PASS,gaussian+logistic_moneyline,VALID_POINT_IN_TIME_RESEARCH_QUOTE
1,nfl_frozen_market_edge_forward_v1,2026-10-08T00:56:21.484555+00:00,2026-10-11T20:25:00+00:00,2026,5,2026_05_DET_ARI,ARI,DET,spread,home,WynnBET,5.5,-107,2026-10-08T00:55:48.044609+00:00,0.6181422892748651,0.4935039625828245,0.12463832669204067,0.1958453633635242,True,True,True,True,PASS,0.0,EVIDENCE_OR_CONTEXT_BLOCKED,PASS,gaussian+logistic_moneyline,VALID_POINT_IN_TIME_RESEARCH_QUOTE
1,nfl_frozen_market_edge_forward_v1,2026-10-08T00:56:21.484555+00:00,2026-10-11T20:25:00+00:00,2026,5,2026_05_DET_ARI,ARI,DET,total,under,BetRivers,54.5,-105,2026-10-08T00:55:48.044609+00:00,0.5391302349793581,0.4891657638136511,0.04996447116570696,0.052587601626365776,True,True,True,True,PASS,0.0,EVIDENCE_OR_CONTEXT_BLOCKED,PASS,gaussian+logistic_moneyline,VALID_POINT_IN_TIME_RESEARCH_QUOTE
1,nfl_frozen_market_edge_forward_v1,2026-10-08T00:56:21.484555+00:00,2026-10-11T17:00:00+00:00,2026,5,2026_05_HOU_TEN,TEN,HOU,moneyline,home,Draft Kings,,310,2026-10-08T00:55:44.623591+00:00,0.39798327845088755,0.23409789548356588,0.16388538296732166,0.6317314416486388,True,True,True,True,PASS,0.0,EVIDENCE_OR_CONTEXT_BLOCKED,PASS,gaussian+logistic_moneyline,VALID_POINT_IN_TIME_RESEARCH_QUOTE
1,nfl_frozen_market_edge_forward_v1,2026-10-08T00:56:21.484555+00:00,2026-10-11T17:00:00+00:00,2026,5,2026_05_HOU_TEN,TEN,HOU,spread,home,WynnBET,8.0,-112,2026-10-08T00:55:48.044609+00:00,0.6819735456776707,0.5032246968784934,0.1787488487991773,0.2908784971755909,True,True,True,True,PASS,0.0,EVIDENCE_OR_CONTEXT_BLOCKED,PASS,gaussian+logistic_moneyline,VALID_POINT_IN_TIME_RESEARCH_QUOTE
1,nfl_frozen_market_edge_forward_v1,2026-10-08T00:56:21.484555+00:00,2026-10-11T17:00:00+00:00,2026,5,2026_05_HOU_TEN,TEN,HOU,total,over,BetRivers,37.5,-108,2026-10-08T00:55:48.044609+00:00,0.6331402185461675,0.4956702459300312,0.13746997261613636,0.21938116164447097,True,True,True,True,PASS,0.0,EVIDENCE_OR_CONTEXT_BLOCKED,PASS,gaussian+logistic_moneyline,VALID_POINT_IN_TIME_RESEARCH_QUOTE
1,nfl_frozen_market_edge_forward_v1,2026-10-08T00:56:21.484555+00:00,2026-10-11T17:00:00+00:00,2026,5,2026_05_IND_PIT,PIT,IND,moneyline,away,Draft Kings,,124,2026-10-08T00:55:44.623591+00:00,0.5352607887557066,0.4279403644395361,0.1073204243161705,0.19898416681278297,True,True,True,True,PASS,0.0,EVIDENCE_OR_CONTEXT_BLOCKED,PASS,gaussian+logistic_moneyline,VALID_POINT_IN_TIME_RESEARCH_QUOTE
1,nfl_frozen_market_edge_forward_v1,2026-10-08T00:56:21.484555+00:00,2026-10-11T17:00:00+00:00,2026,5,2026_05_IND_PIT,PIT,IND,spread,away,BetRivers,2.5,-105,2026-10-08T00:55:48.044609+00:00,0.5809386722474219,0.4891657638136511,0.09177290843377078,0.13421359819734757,True,True,True,True,PASS,0.0,EVIDENCE_OR_CONTEXT_BLOCKED,PASS,gaussian+logistic_moneyline,VALID_POINT_IN_TIME_RESEARCH_QUOTE
1,nfl_frozen_market_edge_forward_v1,2026-10-08T00:56:21.484555+00:00,2026-10-11T17:00:00+00:00,2026,5,2026_05_IND_PIT,PIT,IND,total,over,PointsBet,44.5,-102,2026-10-08T00:55:48.044609+00:00,0.5797895690365313,0.48071979434447304,0.0990697746920583,0.14821071515077788,True,True,True,True,PASS,0.0,EVIDENCE_OR_CONTEXT_BLOCKED,PASS,gaussian+logistic_moneyline,VALID_POINT_IN_TIME_RESEARCH_QUOTE
1,nfl_frozen_market_edge_forward_v1,2026-10-08T00:56:21.484555+00:00,2026-10-11T17:00:00+00:00,2026,5,2026_05_LV_NE,NE,LV,moneyline,away,BetMGM,,165,2026-10-08T00:55:48.044609+00:00,0.4749668017417481,0.3614457831325302,0.11352101860921793,0.25866202461563237,True,True,True,True,PASS,0.0,EVIDENCE_OR_CONTEXT_BLOCKED,PASS,gaussian+logistic_moneyline,VALID_POINT_IN_TIME_RESEARCH_QUOTE
1,nfl_frozen_market_edge_forward_v1,2026-10-08T00:56:21.484555+00:00,2026-10-11T17:00:00+00:00,2026,5,2026_05_LV_NE,NE,LV,spread,away,PointsBet,3.5,-106,2026-10-08T00:55:48.044609+00:00,0.5650720500155221,0.49133599029630914,0.07373605971921293,0.09815888965280717,True,True,True,True,PASS,0.0,EVIDENCE_OR_CONTEXT_BLOCKED,PASS,gaussian+logistic_moneyline,VALID_POINT_IN_TIME_RESEARCH_QUOTE
1,nfl_frozen_market_edge_forward_v1,2026-10-08T00:56:21.484555+00:00,2026-10-11T17:00:00+00:00,2026,5,2026_05_LV_NE,NE,LV,total,under,Draft Kings,45.5,-110,2026-10-08T00:55:44.623591+00:00,0.5508828501187935,0.5,0.050882850118793455,0.051685441135878474,True,True,True,True,PASS,0.0,EVIDENCE_OR_CONTEXT_BLOCKED,PASS,gaussian+logistic_moneyline,VALID_POINT_IN_TIME_RESEARCH_QUOTE
1,nfl_frozen_market_edge_forward_v1,2026-10-08T00:56:21.484555+00:00,2026-10-11T17:00:00+00:00,2026,5,2026_05_MIN_NO,NO,MIN,moneyline,away,FanDuel,,-125,2026-10-08T00:55:48.044609+00:00,0.6664596312595403,0.5324675324675325,0.1339920987920078,0.19962733626717255,True,True,True,True,PASS,0.0,EVIDENCE_OR_CONTEXT_BLOCKED,PASS,gaussian+logistic_moneyline,VALID_POINT_IN_TIME_RESEARCH_QUOTE
1,nfl_frozen_market_edge_forward_v1,2026-10-08T00:56:21.484555+00:00,2026-10-11T17:00:00+00:00,2026,5,2026_05_MIN_NO,NO,MIN,spread,away,FanDuel,-1.5,-110,2026-10-08T00:55:48.044609+00:00,0.5651177394125879,0.5,0.06511773941258792,0.07886113887857693,True,True,True,True,PASS,0.0,EVIDENCE_OR_CONTEXT_BLOCKED,PASS,gaussian+logistic_moneyline,VALID_POINT_IN_TIME_RESEARCH_QUOTE
1,nfl_frozen_market_edge_forward_v1,2026-10-08T00:56:21.484555+00:00,2026-10-11T17:00:00+00:00,2026,5,2026_05_MIN_NO,NO,MIN,total,over,ActionNetwork book 49,42.0,-107,2026-10-08T00:55:48.044609+00:00,0.5751084107052831,0.4935039625828245,0.0816044481224586,0.112592906691529,True,True,True,True,PASS,0.0,EVIDENCE_OR_CONTEXT_BLOCKED,PASS,gaussian+logistic_moneyline,VALID_POINT_IN_TIME_RESEARCH_QUOTE
1,nfl_frozen_market_edge_forward_v1,2026-10-08T00:56:21.484555+00:00,2026-10-11T17:00:00+00:00,2026,5,2026_05_NYG_WAS,WAS,NYG,moneyline,away,PointsBet,,164,2026-10-08T00:55:48.044609+00:00,0.588486861692392,0.3638867033831629,0.22460015830922903,0.5536053148679145,True,True,True,True,PASS,0.0,EVIDENCE_OR_CONTEXT_BLOCKED,PASS,gaussian+logistic_moneyline,VALID_POINT_IN_TIME_RESEARCH_QUOTE
1,nfl_frozen_market_edge_forward_v1,2026-10-08T00:56:21.484555+00:00,2026-10-11T17:00:00+00:00,2026,5,2026_05_NYG_WAS,WAS,NYG,spread,away,PointsBet,3.5,-104,2026-10-08T00:55:48.044609+00:00,0.6505796698016733,0.4850248160191682,0.16555485378250506,0.27613704461097455,True,True,True,True,PASS,0.0,EVIDENCE_OR_CONTEXT_BLOCKED,PASS,gaussian+logistic_moneyline,VALID_POINT_IN_TIME_RESEARCH_QUOTE
1,nfl_frozen_market_edge_forward_v1,2026-10-08T00:56:21.484555+00:00,2026-10-11T17:00:00+00:00,2026,5,2026_05_NYG_WAS,WAS,NYG,total,over,BetMGM,42.5,-108,2026-10-08T00:55:48.044609+00:00,0.6080633611967765,0.4978050921861282,0.11025826901064834,0.17108499193453253,True,True,True,True,PASS,0.0,EVIDENCE_OR_CONTEXT_BLOCKED,PASS,gaussian+logistic_moneyline,VALID_POINT_IN_TIME_RESEARCH_QUOTE
1,nfl_frozen_market_edge_forward_v1,2026-10-08T00:56:21.484555+00:00,2026-10-11T13:30:00+00:00,2026,5,2026_05_PHI_JAX,JAX,PHI,moneyline,away,WynnBET,,320,2026-10-08T00:55:48.044609+00:00,0.28444003100739024,0.2276707530647986,0.05676927794259165,0.194648130231039,True,True,True,True,PASS,0.0,EVIDENCE_OR_CONTEXT_BLOCKED,PASS,gaussian+logistic_moneyline,VALID_POINT_IN_TIME_RESEARCH_QUOTE
1,nfl_frozen_market_edge_forward_v1,2026-10-08T00:56:21.484555+00:00,2026-10-11T13:30:00+00:00,2026,5,2026_05_PHI_JAX,JAX,PHI,spread,away,BetMGM,7.5,-110,2026-10-08T00:55:48.044609+00:00,0.5286966610887831,0.5021949078138719,0.02650175327491122,0.00932998935131324,True,True,True,True,PASS,0.0,EVIDENCE_OR_CONTEXT_BLOCKED,PASS,gaussian+logistic_moneyline,VALID_POINT_IN_TIME_RESEARCH_QUOTE
1,nfl_frozen_market_edge_forward_v1,2026-10-08T00:56:21.484555+00:00,2026-10-11T13:30:00+00:00,2026,5,2026_05_PHI_JAX,JAX,PHI,total,over,WynnBET,41.5,-109,2026-10-08T00:55:48.044609+00:00,0.547434105187039,0.49891020052310364,0.04852390466393541,0.04966722921184563,True,True,True,True,PASS,0.0,EVIDENCE_OR_CONTEXT_BLOCKED,PASS,gaussian+logistic_moneyline,VALID_POINT_IN_TIME_RESEARCH_QUOTE
1,nfl_frozen_market_edge_forward_v1,2026-10-08T00:56:21.484555+00:00,2026-10-11T20:25:00+00:00,2026,5,2026_05_SF_SEA,SEA,SF,moneyline,away,FanDuel,,170,2026-10-08T00:55:48.044609+00:00,0.538278985708383,0.35527082119976705,0.1830081645086159,0.4533532614126341,True,True,True,True,PASS,0.0,EVIDENCE_OR_CONTEXT_BLOCKED,PASS,gaussian+logistic_moneyline,VALID_POINT_IN_TIME_RESEARCH_QUOTE
1,nfl_frozen_market_edge_forward_v1,2026-10-08T00:56:21.484555+00:00,2026-10-11T20:25:00+00:00,2026,5,2026_05_SF_SEA,SEA,SF,spread,away,BetRivers,2.5,102,2026-10-08T00:55:48.044609+00:00,0.583247216983518,0.47391341473828025,0.10933380224523775,0.17815937830670636,True,True,True,True,PASS,0.0,EVIDENCE_OR_CONTEXT_BLOCKED,PASS,gaussian+logistic_moneyline,VALID_POINT_IN_TIME_RESEARCH_QUOTE
1,nfl_frozen_market_edge_forward_v1,2026-10-08T00:56:21.484555+00:00,2026-10-11T20:25:00+00:00,2026,5,2026_05_SF_SEA,SEA,SF,total,under,FanDuel,48.5,-110,2026-10-08T00:55:48.044609+00:00,0.5650385935947457,0.5,0.06503859359474573,0.07871004231724199,True,True,True,True,PASS,0.0,EVIDENCE_OR_CONTEXT_BLOCKED,PASS,gaussian+logistic_moneyline,VALID_POINT_IN_TIME_RESEARCH_QUOTE
1,nfl_frozen_market_edge_forward_v1,2026-10-08T00:56:21.484555+00:00,2026-10-09T00:15:00+00:00,2026,5,2026_05_TB_DAL,DAL,TB,moneyline,away,WynnBET,,380,2026-10-08T00:55:48.044609+00:00,0.4172333837639478,0.20110957004160887,0.21612381372233894,1.0027202420669492,True,True,True,True,PASS,0.0,EVIDENCE_OR_CONTEXT_BLOCKED,PASS,gaussian+logistic_moneyline,VALID_POINT_IN_TIME_RESEARCH_QUOTE
1,nfl_frozen_market_edge_forward_v1,2026-10-08T00:56:21.484555+00:00,2026-10-09T00:15:00+00:00,2026,5,2026_05_TB_DAL,DAL,TB,spread,away,BetRivers,8.5,-105,2026-10-08T00:55:48.044609+00:00,0.6684939222892364,0.4891657638136511,0.1793281584755853,0.30515480065993783,True,True,True,True,PASS,0.0,EVIDENCE_OR_CONTEXT_BLOCKED,PASS,gaussian+logistic_moneyline,VALID_POINT_IN_TIME_RESEARCH_QUOTE
1,nfl_frozen_market_edge_forward_v1,2026-10-08T00:56:21.484555+00:00,2026-10-09T00:15:00+00:00,2026,5,2026_05_TB_DAL,DAL,TB,total,over,WynnBET,47.5,-109,2026-10-08T00:55:48.044609+00:00,0.594093406951576,0.49891020052310364,0.09518320642847233,0.1391332298429302,True,True,True,True,PASS,0.0,EVIDENCE_OR_CONTEXT_BLOCKED,PASS,gaussian+logistic_moneyline,VALID_POINT_IN_TIME_RESEARCH_QUOTE
