captured_at,kickoff,season,week,game_id,home_team,away_team,market_type,provider,book,source_event_id,first_side,first_line,first_american_odds,second_side,second_line,second_american_odds
2026-10-01T16:14:03.466644+00:00,2026-10-04T17:00:00+00:00,2026,4,2026_04_ARI_NYG,NYG,ARI,moneyline,espn,Draft Kings,401872966,home,,114,away,,-135
2026-10-01T16:14:03.466644+00:00,2026-10-04T17:00:00+00:00,2026,4,2026_04_ARI_NYG,NYG,ARI,spread,espn,Draft Kings,401872966,home,2.5,-110,away,-2.5,-110
2026-10-01T16:14:03.466644+00:00,2026-10-04T17:00:00+00:00,2026,4,2026_04_ARI_NYG,NYG,ARI,total,espn,Draft Kings,401872966,over,44.5,-110,under,44.5,-110
2026-10-01T16:14:03.466644+00:00,2026-10-06T00:15:00+00:00,2026,4,2026_04_ATL_NO,NO,ATL,moneyline,espn,Draft Kings,401872979,home,,-148,away,,124
2026-10-01T16:14:03.466644+00:00,2026-10-06T00:15:00+00:00,2026,4,2026_04_ATL_NO,NO,ATL,spread,espn,Draft Kings,401872979,home,-2.5,-110,away,2.5,-110
2026-10-01T16:14:03.466644+00:00,2026-10-06T00:15:00+00:00,2026,4,2026_04_ATL_NO,NO,ATL,total,espn,Draft Kings,401872979,over,47.5,-110,under,47.5,-110
2026-10-01T16:14:03.466644+00:00,2026-10-04T17:00:00+00:00,2026,4,2026_04_DAL_HOU,HOU,DAL,moneyline,espn,Draft Kings,401872967,home,,-162,away,,136
2026-10-01T16:14:03.466644+00:00,2026-10-04T17:00:00+00:00,2026,4,2026_04_DAL_HOU,HOU,DAL,spread,espn,Draft Kings,401872967,home,-3.0,-110,away,3.0,-110
2026-10-01T16:14:03.466644+00:00,2026-10-04T17:00:00+00:00,2026,4,2026_04_DAL_HOU,HOU,DAL,total,espn,Draft Kings,401872967,over,48.5,-110,under,48.5,-110
2026-10-01T16:14:03.466644+00:00,2026-10-04T20:25:00+00:00,2026,4,2026_04_DEN_SF,SF,DEN,moneyline,espn,Draft Kings,401872975,home,,-148,away,,124
2026-10-01T16:14:03.466644+00:00,2026-10-04T20:25:00+00:00,2026,4,2026_04_DEN_SF,SF,DEN,spread,espn,Draft Kings,401872975,home,-3.0,-110,away,3.0,-110
2026-10-01T16:14:03.466644+00:00,2026-10-04T20:25:00+00:00,2026,4,2026_04_DEN_SF,SF,DEN,total,espn,Draft Kings,401872975,over,47.5,-110,under,47.5,-110
2026-10-01T16:14:03.466644+00:00,2026-10-05T00:20:00+00:00,2026,4,2026_04_DET_CAR,CAR,DET,moneyline,espn,Draft Kings,401872978,home,,150,away,,-180
2026-10-01T16:14:03.466644+00:00,2026-10-05T00:20:00+00:00,2026,4,2026_04_DET_CAR,CAR,DET,spread,espn,Draft Kings,401872978,home,3.5,-110,away,-3.5,-110
2026-10-01T16:14:03.466644+00:00,2026-10-05T00:20:00+00:00,2026,4,2026_04_DET_CAR,CAR,DET,total,espn,Draft Kings,401872978,over,51.5,-110,under,51.5,-110
2026-10-01T16:14:03.466644+00:00,2026-10-04T17:00:00+00:00,2026,4,2026_04_GB_TB,TB,GB,moneyline,espn,Draft Kings,401872968,home,,150,away,,-180
2026-10-01T16:14:03.466644+00:00,2026-10-04T17:00:00+00:00,2026,4,2026_04_GB_TB,TB,GB,spread,espn,Draft Kings,401872968,home,3.5,-110,away,-3.5,-110
2026-10-01T16:14:03.466644+00:00,2026-10-04T17:00:00+00:00,2026,4,2026_04_GB_TB,TB,GB,total,espn,Draft Kings,401872968,over,38.5,-110,under,38.5,-110
2026-10-01T16:14:03.466644+00:00,2026-10-04T13:30:00+00:00,2026,4,2026_04_IND_WAS,WAS,IND,moneyline,espn,Draft Kings,401872965,home,,160,away,,-192
2026-10-01T16:14:03.466644+00:00,2026-10-04T13:30:00+00:00,2026,4,2026_04_IND_WAS,WAS,IND,spread,espn,Draft Kings,401872965,home,3.5,-110,away,-3.5,-110
2026-10-01T16:14:03.466644+00:00,2026-10-04T13:30:00+00:00,2026,4,2026_04_IND_WAS,WAS,IND,total,espn,Draft Kings,401872965,over,47.5,-110,under,47.5,-110
2026-10-01T16:14:03.466644+00:00,2026-10-04T17:00:00+00:00,2026,4,2026_04_JAX_CIN,CIN,JAX,moneyline,espn,Draft Kings,401872969,home,,-142,away,,120
2026-10-01T16:14:03.466644+00:00,2026-10-04T17:00:00+00:00,2026,4,2026_04_JAX_CIN,CIN,JAX,spread,espn,Draft Kings,401872969,home,-2.5,-110,away,2.5,-110
2026-10-01T16:14:03.466644+00:00,2026-10-04T17:00:00+00:00,2026,4,2026_04_JAX_CIN,CIN,JAX,total,espn,Draft Kings,401872969,over,51.5,-110,under,51.5,-110
2026-10-01T16:14:03.466644+00:00,2026-10-04T20:25:00+00:00,2026,4,2026_04_KC_LV,LV,KC,moneyline,espn,Draft Kings,401872976,home,,180,away,,-218
2026-10-01T16:14:03.466644+00:00,2026-10-04T20:25:00+00:00,2026,4,2026_04_KC_LV,LV,KC,spread,espn,Draft Kings,401872976,home,4.5,-110,away,-4.5,-110
2026-10-01T16:14:03.466644+00:00,2026-10-04T20:25:00+00:00,2026,4,2026_04_KC_LV,LV,KC,total,espn,Draft Kings,401872976,over,47.5,-110,under,47.5,-110
2026-10-01T16:14:03.466644+00:00,2026-10-04T20:25:00+00:00,2026,4,2026_04_LAC_SEA,SEA,LAC,moneyline,espn,Draft Kings,401872977,home,,-380,away,,300
2026-10-01T16:14:03.466644+00:00,2026-10-04T20:25:00+00:00,2026,4,2026_04_LAC_SEA,SEA,LAC,spread,espn,Draft Kings,401872977,home,-7.0,-110,away,7.0,-110
2026-10-01T16:14:03.466644+00:00,2026-10-04T20:25:00+00:00,2026,4,2026_04_LAC_SEA,SEA,LAC,total,espn,Draft Kings,401872977,over,42.5,-110,under,42.5,-110
2026-10-01T16:14:03.466644+00:00,2026-10-04T17:00:00+00:00,2026,4,2026_04_LA_PHI,PHI,LA,moneyline,espn,Draft Kings,401872970,home,,136,away,,-162
2026-10-01T16:14:03.466644+00:00,2026-10-04T17:00:00+00:00,2026,4,2026_04_LA_PHI,PHI,LA,spread,espn,Draft Kings,401872970,home,3.0,-110,away,-3.0,-110
2026-10-01T16:14:03.466644+00:00,2026-10-04T17:00:00+00:00,2026,4,2026_04_LA_PHI,PHI,LA,total,espn,Draft Kings,401872970,over,43.5,-110,under,43.5,-110
2026-10-01T16:14:03.466644+00:00,2026-10-04T20:05:00+00:00,2026,4,2026_04_MIA_MIN,MIN,MIA,moneyline,espn,Draft Kings,401872974,home,,-600,away,,440
2026-10-01T16:14:03.466644+00:00,2026-10-04T20:05:00+00:00,2026,4,2026_04_MIA_MIN,MIN,MIA,spread,espn,Draft Kings,401872974,home,-10.5,-110,away,10.5,-110
2026-10-01T16:14:03.466644+00:00,2026-10-04T20:05:00+00:00,2026,4,2026_04_MIA_MIN,MIN,MIA,total,espn,Draft Kings,401872974,over,38.5,-110,under,38.5,-110
2026-10-01T16:14:03.466644+00:00,2026-10-04T17:00:00+00:00,2026,4,2026_04_NE_BUF,BUF,NE,moneyline,espn,Draft Kings,401872971,home,,-290,away,,235
2026-10-01T16:14:03.466644+00:00,2026-10-04T17:00:00+00:00,2026,4,2026_04_NE_BUF,BUF,NE,spread,espn,Draft Kings,401872971,home,-6.5,-110,away,6.5,-110
2026-10-01T16:14:03.466644+00:00,2026-10-04T17:00:00+00:00,2026,4,2026_04_NE_BUF,BUF,NE,total,espn,Draft Kings,401872971,over,48.5,-110,under,48.5,-110
2026-10-01T16:14:03.466644+00:00,2026-10-04T17:00:00+00:00,2026,4,2026_04_NYJ_CHI,CHI,NYJ,moneyline,espn,Draft Kings,401872972,home,,-175,away,,145
2026-10-01T16:14:03.466644+00:00,2026-10-04T17:00:00+00:00,2026,4,2026_04_NYJ_CHI,CHI,NYJ,spread,espn,Draft Kings,401872972,home,-3.5,-110,away,3.5,-110
2026-10-01T16:14:03.466644+00:00,2026-10-04T17:00:00+00:00,2026,4,2026_04_NYJ_CHI,CHI,NYJ,total,espn,Draft Kings,401872972,over,43.5,-110,under,43.5,-110
2026-10-01T16:14:03.466644+00:00,2026-10-02T00:15:00+00:00,2026,4,2026_04_PIT_CLE,CLE,PIT,moneyline,espn,Draft Kings,401872964,home,,124,away,,-148
2026-10-01T16:14:03.466644+00:00,2026-10-02T00:15:00+00:00,2026,4,2026_04_PIT_CLE,CLE,PIT,spread,espn,Draft Kings,401872964,home,2.5,-110,away,-2.5,-110
2026-10-01T16:14:03.466644+00:00,2026-10-02T00:15:00+00:00,2026,4,2026_04_PIT_CLE,CLE,PIT,total,espn,Draft Kings,401872964,over,38.5,-110,under,38.5,-110
2026-10-01T16:14:03.466644+00:00,2026-10-04T17:00:00+00:00,2026,4,2026_04_TEN_BAL,BAL,TEN,moneyline,espn,Draft Kings,401872973,home,,-700,away,,500
2026-10-01T16:14:03.466644+00:00,2026-10-04T17:00:00+00:00,2026,4,2026_04_TEN_BAL,BAL,TEN,spread,espn,Draft Kings,401872973,home,-11.5,-110,away,11.5,-110
2026-10-01T16:14:03.466644+00:00,2026-10-04T17:00:00+00:00,2026,4,2026_04_TEN_BAL,BAL,TEN,total,espn,Draft Kings,401872973,over,42.5,-110,under,42.5,-110
2026-10-01T16:30:37.057730+00:00,2026-10-04T17:00:00+00:00,2026,4,2026_04_ARI_NYG,NYG,ARI,moneyline,espn,Draft Kings,401872966,home,,114,away,,-135
2026-10-01T16:30:37.057730+00:00,2026-10-04T17:00:00+00:00,2026,4,2026_04_ARI_NYG,NYG,ARI,spread,espn,Draft Kings,401872966,home,2.5,-110,away,-2.5,-110
2026-10-01T16:30:37.057730+00:00,2026-10-04T17:00:00+00:00,2026,4,2026_04_ARI_NYG,NYG,ARI,total,espn,Draft Kings,401872966,over,44.5,-110,under,44.5,-110
2026-10-01T16:30:37.057730+00:00,2026-10-06T00:15:00+00:00,2026,4,2026_04_ATL_NO,NO,ATL,moneyline,espn,Draft Kings,401872979,home,,-148,away,,124
2026-10-01T16:30:37.057730+00:00,2026-10-06T00:15:00+00:00,2026,4,2026_04_ATL_NO,NO,ATL,spread,espn,Draft Kings,401872979,home,-2.5,-110,away,2.5,-110
2026-10-01T16:30:37.057730+00:00,2026-10-06T00:15:00+00:00,2026,4,2026_04_ATL_NO,NO,ATL,total,espn,Draft Kings,401872979,over,47.5,-110,under,47.5,-110
2026-10-01T16:30:37.057730+00:00,2026-10-04T17:00:00+00:00,2026,4,2026_04_DAL_HOU,HOU,DAL,moneyline,espn,Draft Kings,401872967,home,,-162,away,,136
2026-10-01T16:30:37.057730+00:00,2026-10-04T17:00:00+00:00,2026,4,2026_04_DAL_HOU,HOU,DAL,spread,espn,Draft Kings,401872967,home,-3.0,-110,away,3.0,-110
2026-10-01T16:30:37.057730+00:00,2026-10-04T17:00:00+00:00,2026,4,2026_04_DAL_HOU,HOU,DAL,total,espn,Draft Kings,401872967,over,48.5,-110,under,48.5,-110
2026-10-01T16:30:37.057730+00:00,2026-10-04T20:25:00+00:00,2026,4,2026_04_DEN_SF,SF,DEN,moneyline,espn,Draft Kings,401872975,home,,-148,away,,124
2026-10-01T16:30:37.057730+00:00,2026-10-04T20:25:00+00:00,2026,4,2026_04_DEN_SF,SF,DEN,spread,espn,Draft Kings,401872975,home,-3.0,-110,away,3.0,-110
2026-10-01T16:30:37.057730+00:00,2026-10-04T20:25:00+00:00,2026,4,2026_04_DEN_SF,SF,DEN,total,espn,Draft Kings,401872975,over,47.5,-110,under,47.5,-110
2026-10-01T16:30:37.057730+00:00,2026-10-05T00:20:00+00:00,2026,4,2026_04_DET_CAR,CAR,DET,moneyline,espn,Draft Kings,401872978,home,,150,away,,-180
2026-10-01T16:30:37.057730+00:00,2026-10-05T00:20:00+00:00,2026,4,2026_04_DET_CAR,CAR,DET,spread,espn,Draft Kings,401872978,home,3.5,-110,away,-3.5,-110
2026-10-01T16:30:37.057730+00:00,2026-10-05T00:20:00+00:00,2026,4,2026_04_DET_CAR,CAR,DET,total,espn,Draft Kings,401872978,over,51.5,-110,under,51.5,-110
2026-10-01T16:30:37.057730+00:00,2026-10-04T17:00:00+00:00,2026,4,2026_04_GB_TB,TB,GB,moneyline,espn,Draft Kings,401872968,home,,150,away,,-180
2026-10-01T16:30:37.057730+00:00,2026-10-04T17:00:00+00:00,2026,4,2026_04_GB_TB,TB,GB,spread,espn,Draft Kings,401872968,home,3.5,-110,away,-3.5,-110
2026-10-01T16:30:37.057730+00:00,2026-10-04T17:00:00+00:00,2026,4,2026_04_GB_TB,TB,GB,total,espn,Draft Kings,401872968,over,38.5,-110,under,38.5,-110
2026-10-01T16:30:37.057730+00:00,2026-10-04T13:30:00+00:00,2026,4,2026_04_IND_WAS,WAS,IND,moneyline,espn,Draft Kings,401872965,home,,160,away,,-192
2026-10-01T16:30:37.057730+00:00,2026-10-04T13:30:00+00:00,2026,4,2026_04_IND_WAS,WAS,IND,spread,espn,Draft Kings,401872965,home,3.5,-110,away,-3.5,-110
2026-10-01T16:30:37.057730+00:00,2026-10-04T13:30:00+00:00,2026,4,2026_04_IND_WAS,WAS,IND,total,espn,Draft Kings,401872965,over,47.5,-110,under,47.5,-110
2026-10-01T16:30:37.057730+00:00,2026-10-04T17:00:00+00:00,2026,4,2026_04_JAX_CIN,CIN,JAX,moneyline,espn,Draft Kings,401872969,home,,-142,away,,120
2026-10-01T16:30:37.057730+00:00,2026-10-04T17:00:00+00:00,2026,4,2026_04_JAX_CIN,CIN,JAX,spread,espn,Draft Kings,401872969,home,-2.5,-110,away,2.5,-110
2026-10-01T16:30:37.057730+00:00,2026-10-04T17:00:00+00:00,2026,4,2026_04_JAX_CIN,CIN,JAX,total,espn,Draft Kings,401872969,over,51.5,-110,under,51.5,-110
2026-10-01T16:30:37.057730+00:00,2026-10-04T20:25:00+00:00,2026,4,2026_04_KC_LV,LV,KC,moneyline,espn,Draft Kings,401872976,home,,180,away,,-218
2026-10-01T16:30:37.057730+00:00,2026-10-04T20:25:00+00:00,2026,4,2026_04_KC_LV,LV,KC,spread,espn,Draft Kings,401872976,home,4.5,-110,away,-4.5,-110
2026-10-01T16:30:37.057730+00:00,2026-10-04T20:25:00+00:00,2026,4,2026_04_KC_LV,LV,KC,total,espn,Draft Kings,401872976,over,47.5,-110,under,47.5,-110
2026-10-01T16:30:37.057730+00:00,2026-10-04T20:25:00+00:00,2026,4,2026_04_LAC_SEA,SEA,LAC,moneyline,espn,Draft Kings,401872977,home,,-380,away,,300
2026-10-01T16:30:37.057730+00:00,2026-10-04T20:25:00+00:00,2026,4,2026_04_LAC_SEA,SEA,LAC,spread,espn,Draft Kings,401872977,home,-7.0,-110,away,7.0,-110
2026-10-01T16:30:37.057730+00:00,2026-10-04T20:25:00+00:00,2026,4,2026_04_LAC_SEA,SEA,LAC,total,espn,Draft Kings,401872977,over,42.5,-110,under,42.5,-110
2026-10-01T16:30:37.057730+00:00,2026-10-04T17:00:00+00:00,2026,4,2026_04_LA_PHI,PHI,LA,moneyline,espn,Draft Kings,401872970,home,,136,away,,-162
2026-10-01T16:30:37.057730+00:00,2026-10-04T17:00:00+00:00,2026,4,2026_04_LA_PHI,PHI,LA,spread,espn,Draft Kings,401872970,home,3.0,-110,away,-3.0,-110
2026-10-01T16:30:37.057730+00:00,2026-10-04T17:00:00+00:00,2026,4,2026_04_LA_PHI,PHI,LA,total,espn,Draft Kings,401872970,over,43.5,-110,under,43.5,-110
2026-10-01T16:30:37.057730+00:00,2026-10-04T20:05:00+00:00,2026,4,2026_04_MIA_MIN,MIN,MIA,moneyline,espn,Draft Kings,401872974,home,,-600,away,,440
2026-10-01T16:30:37.057730+00:00,2026-10-04T20:05:00+00:00,2026,4,2026_04_MIA_MIN,MIN,MIA,spread,espn,Draft Kings,401872974,home,-10.5,-110,away,10.5,-110
2026-10-01T16:30:37.057730+00:00,2026-10-04T20:05:00+00:00,2026,4,2026_04_MIA_MIN,MIN,MIA,total,espn,Draft Kings,401872974,over,38.5,-110,under,38.5,-110
2026-10-01T16:30:37.057730+00:00,2026-10-04T17:00:00+00:00,2026,4,2026_04_NE_BUF,BUF,NE,moneyline,espn,Draft Kings,401872971,home,,-290,away,,235
2026-10-01T16:30:37.057730+00:00,2026-10-04T17:00:00+00:00,2026,4,2026_04_NE_BUF,BUF,NE,spread,espn,Draft Kings,401872971,home,-6.5,-110,away,6.5,-110
2026-10-01T16:30:37.057730+00:00,2026-10-04T17:00:00+00:00,2026,4,2026_04_NE_BUF,BUF,NE,total,espn,Draft Kings,401872971,over,48.5,-110,under,48.5,-110
2026-10-01T16:30:37.057730+00:00,2026-10-04T17:00:00+00:00,2026,4,2026_04_NYJ_CHI,CHI,NYJ,moneyline,espn,Draft Kings,401872972,home,,-175,away,,145
2026-10-01T16:30:37.057730+00:00,2026-10-04T17:00:00+00:00,2026,4,2026_04_NYJ_CHI,CHI,NYJ,spread,espn,Draft Kings,401872972,home,-3.5,-110,away,3.5,-110
2026-10-01T16:30:37.057730+00:00,2026-10-04T17:00:00+00:00,2026,4,2026_04_NYJ_CHI,CHI,NYJ,total,espn,Draft Kings,401872972,over,43.5,-110,under,43.5,-110
2026-10-01T16:30:37.057730+00:00,2026-10-02T00:15:00+00:00,2026,4,2026_04_PIT_CLE,CLE,PIT,moneyline,espn,Draft Kings,401872964,home,,124,away,,-148
2026-10-01T16:30:37.057730+00:00,2026-10-02T00:15:00+00:00,2026,4,2026_04_PIT_CLE,CLE,PIT,spread,espn,Draft Kings,401872964,home,2.5,-110,away,-2.5,-110
2026-10-01T16:30:37.057730+00:00,2026-10-02T00:15:00+00:00,2026,4,2026_04_PIT_CLE,CLE,PIT,total,espn,Draft Kings,401872964,over,38.5,-110,under,38.5,-110
2026-10-01T16:30:37.057730+00:00,2026-10-04T17:00:00+00:00,2026,4,2026_04_TEN_BAL,BAL,TEN,moneyline,espn,Draft Kings,401872973,home,,-700,away,,500
2026-10-01T16:30:37.057730+00:00,2026-10-04T17:00:00+00:00,2026,4,2026_04_TEN_BAL,BAL,TEN,spread,espn,Draft Kings,401872973,home,-11.5,-110,away,11.5,-110
2026-10-01T16:30:37.057730+00:00,2026-10-04T17:00:00+00:00,2026,4,2026_04_TEN_BAL,BAL,TEN,total,espn,Draft Kings,401872973,over,42.5,-110,under,42.5,-110
2026-10-01T17:02:22.611072+00:00,2026-10-04T17:00:00+00:00,2026,4,2026_04_ARI_NYG,NYG,ARI,moneyline,espn,DraftKings,401872966,home,,114,away,,-135
2026-10-01T17:02:22.611072+00:00,2026-10-04T17:00:00+00:00,2026,4,2026_04_ARI_NYG,NYG,ARI,spread,espn,DraftKings,401872966,home,2.5,-110,away,-2.5,-110
2026-10-01T17:02:22.611072+00:00,2026-10-04T17:00:00+00:00,2026,4,2026_04_ARI_NYG,NYG,ARI,total,espn,DraftKings,401872966,over,44.5,-110,under,44.5,-110
2026-10-01T17:02:22.611072+00:00,2026-10-06T00:15:00+00:00,2026,4,2026_04_ATL_NO,NO,ATL,moneyline,espn,DraftKings,401872979,home,,-148,away,,124
2026-10-01T17:02:22.611072+00:00,2026-10-06T00:15:00+00:00,2026,4,2026_04_ATL_NO,NO,ATL,spread,espn,DraftKings,401872979,home,-2.5,-110,away,2.5,-110
2026-10-01T17:02:22.611072+00:00,2026-10-06T00:15:00+00:00,2026,4,2026_04_ATL_NO,NO,ATL,total,espn,DraftKings,401872979,over,47.5,-110,under,47.5,-110
2026-10-01T17:02:22.611072+00:00,2026-10-04T17:00:00+00:00,2026,4,2026_04_DAL_HOU,HOU,DAL,moneyline,espn,DraftKings,401872967,home,,-162,away,,136
2026-10-01T17:02:22.611072+00:00,2026-10-04T17:00:00+00:00,2026,4,2026_04_DAL_HOU,HOU,DAL,spread,espn,DraftKings,401872967,home,-3.0,-110,away,3.0,-110
2026-10-01T17:02:22.611072+00:00,2026-10-04T17:00:00+00:00,2026,4,2026_04_DAL_HOU,HOU,DAL,total,espn,DraftKings,401872967,over,48.5,-110,under,48.5,-110
2026-10-01T17:02:22.611072+00:00,2026-10-04T20:25:00+00:00,2026,4,2026_04_DEN_SF,SF,DEN,moneyline,espn,DraftKings,401872975,home,,-148,away,,124
2026-10-01T17:02:22.611072+00:00,2026-10-04T20:25:00+00:00,2026,4,2026_04_DEN_SF,SF,DEN,spread,espn,DraftKings,401872975,home,-3.0,-110,away,3.0,-110
2026-10-01T17:02:22.611072+00:00,2026-10-04T20:25:00+00:00,2026,4,2026_04_DEN_SF,SF,DEN,total,espn,DraftKings,401872975,over,47.5,-110,under,47.5,-110
2026-10-01T17:02:22.611072+00:00,2026-10-05T00:20:00+00:00,2026,4,2026_04_DET_CAR,CAR,DET,moneyline,espn,DraftKings,401872978,home,,150,away,,-180
2026-10-01T17:02:22.611072+00:00,2026-10-05T00:20:00+00:00,2026,4,2026_04_DET_CAR,CAR,DET,spread,espn,DraftKings,401872978,home,3.5,-110,away,-3.5,-110
2026-10-01T17:02:22.611072+00:00,2026-10-05T00:20:00+00:00,2026,4,2026_04_DET_CAR,CAR,DET,total,espn,DraftKings,401872978,over,51.5,-110,under,51.5,-110
2026-10-01T17:02:22.611072+00:00,2026-10-04T17:00:00+00:00,2026,4,2026_04_GB_TB,TB,GB,moneyline,espn,DraftKings,401872968,home,,150,away,,-180
2026-10-01T17:02:22.611072+00:00,2026-10-04T17:00:00+00:00,2026,4,2026_04_GB_TB,TB,GB,spread,espn,DraftKings,401872968,home,3.5,-110,away,-3.5,-110
2026-10-01T17:02:22.611072+00:00,2026-10-04T17:00:00+00:00,2026,4,2026_04_GB_TB,TB,GB,total,espn,DraftKings,401872968,over,38.5,-110,under,38.5,-110
2026-10-01T17:02:22.611072+00:00,2026-10-04T13:30:00+00:00,2026,4,2026_04_IND_WAS,WAS,IND,moneyline,espn,DraftKings,401872965,home,,160,away,,-192
2026-10-01T17:02:22.611072+00:00,2026-10-04T13:30:00+00:00,2026,4,2026_04_IND_WAS,WAS,IND,spread,espn,DraftKings,401872965,home,3.5,-110,away,-3.5,-110
2026-10-01T17:02:22.611072+00:00,2026-10-04T13:30:00+00:00,2026,4,2026_04_IND_WAS,WAS,IND,total,espn,DraftKings,401872965,over,47.5,-110,under,47.5,-110
2026-10-01T17:02:22.611072+00:00,2026-10-04T17:00:00+00:00,2026,4,2026_04_JAX_CIN,CIN,JAX,moneyline,espn,DraftKings,401872969,home,,-142,away,,120
2026-10-01T17:02:22.611072+00:00,2026-10-04T17:00:00+00:00,2026,4,2026_04_JAX_CIN,CIN,JAX,spread,espn,DraftKings,401872969,home,-2.5,-110,away,2.5,-110
2026-10-01T17:02:22.611072+00:00,2026-10-04T17:00:00+00:00,2026,4,2026_04_JAX_CIN,CIN,JAX,total,espn,DraftKings,401872969,over,51.5,-110,under,51.5,-110
2026-10-01T17:02:22.611072+00:00,2026-10-04T20:25:00+00:00,2026,4,2026_04_KC_LV,LV,KC,moneyline,espn,DraftKings,401872976,home,,180,away,,-218
2026-10-01T17:02:22.611072+00:00,2026-10-04T20:25:00+00:00,2026,4,2026_04_KC_LV,LV,KC,spread,espn,DraftKings,401872976,home,4.5,-110,away,-4.5,-110
2026-10-01T17:02:22.611072+00:00,2026-10-04T20:25:00+00:00,2026,4,2026_04_KC_LV,LV,KC,total,espn,DraftKings,401872976,over,47.5,-110,under,47.5,-110
2026-10-01T17:02:22.611072+00:00,2026-10-04T20:25:00+00:00,2026,4,2026_04_LAC_SEA,SEA,LAC,moneyline,espn,DraftKings,401872977,home,,-380,away,,300
2026-10-01T17:02:22.611072+00:00,2026-10-04T20:25:00+00:00,2026,4,2026_04_LAC_SEA,SEA,LAC,spread,espn,DraftKings,401872977,home,-7.0,-110,away,7.0,-110
2026-10-01T17:02:22.611072+00:00,2026-10-04T20:25:00+00:00,2026,4,2026_04_LAC_SEA,SEA,LAC,total,espn,DraftKings,401872977,over,42.5,-110,under,42.5,-110
2026-10-01T17:02:22.611072+00:00,2026-10-04T17:00:00+00:00,2026,4,2026_04_LA_PHI,PHI,LA,moneyline,espn,DraftKings,401872970,home,,136,away,,-162
2026-10-01T17:02:22.611072+00:00,2026-10-04T17:00:00+00:00,2026,4,2026_04_LA_PHI,PHI,LA,spread,espn,DraftKings,401872970,home,3.0,-110,away,-3.0,-110
2026-10-01T17:02:22.611072+00:00,2026-10-04T17:00:00+00:00,2026,4,2026_04_LA_PHI,PHI,LA,total,espn,DraftKings,401872970,over,43.5,-110,under,43.5,-110
2026-10-01T17:02:22.611072+00:00,2026-10-04T20:05:00+00:00,2026,4,2026_04_MIA_MIN,MIN,MIA,moneyline,espn,DraftKings,401872974,home,,-600,away,,440
2026-10-01T17:02:22.611072+00:00,2026-10-04T20:05:00+00:00,2026,4,2026_04_MIA_MIN,MIN,MIA,spread,espn,DraftKings,401872974,home,-10.5,-110,away,10.5,-110
2026-10-01T17:02:22.611072+00:00,2026-10-04T20:05:00+00:00,2026,4,2026_04_MIA_MIN,MIN,MIA,total,espn,DraftKings,401872974,over,38.5,-110,under,38.5,-110
2026-10-01T17:02:22.611072+00:00,2026-10-04T17:00:00+00:00,2026,4,2026_04_NE_BUF,BUF,NE,moneyline,espn,DraftKings,401872971,home,,-290,away,,235
2026-10-01T17:02:22.611072+00:00,2026-10-04T17:00:00+00:00,2026,4,2026_04_NE_BUF,BUF,NE,spread,espn,DraftKings,401872971,home,-6.5,-110,away,6.5,-110
2026-10-01T17:02:22.611072+00:00,2026-10-04T17:00:00+00:00,2026,4,2026_04_NE_BUF,BUF,NE,total,espn,DraftKings,401872971,over,48.5,-110,under,48.5,-110
2026-10-01T17:02:22.611072+00:00,2026-10-04T17:00:00+00:00,2026,4,2026_04_NYJ_CHI,CHI,NYJ,moneyline,espn,DraftKings,401872972,home,,-175,away,,145
2026-10-01T17:02:22.611072+00:00,2026-10-04T17:00:00+00:00,2026,4,2026_04_NYJ_CHI,CHI,NYJ,spread,espn,DraftKings,401872972,home,-3.5,-110,away,3.5,-110
2026-10-01T17:02:22.611072+00:00,2026-10-04T17:00:00+00:00,2026,4,2026_04_NYJ_CHI,CHI,NYJ,total,espn,DraftKings,401872972,over,43.5,-110,under,43.5,-110
2026-10-01T17:02:22.611072+00:00,2026-10-02T00:15:00+00:00,2026,4,2026_04_PIT_CLE,CLE,PIT,moneyline,espn,DraftKings,401872964,home,,124,away,,-148
2026-10-01T17:02:22.611072+00:00,2026-10-02T00:15:00+00:00,2026,4,2026_04_PIT_CLE,CLE,PIT,spread,espn,DraftKings,401872964,home,2.5,-110,away,-2.5,-110
2026-10-01T17:02:22.611072+00:00,2026-10-02T00:15:00+00:00,2026,4,2026_04_PIT_CLE,CLE,PIT,total,espn,DraftKings,401872964,over,38.5,-110,under,38.5,-110
2026-10-01T17:02:22.611072+00:00,2026-10-04T17:00:00+00:00,2026,4,2026_04_TEN_BAL,BAL,TEN,moneyline,espn,DraftKings,401872973,home,,-700,away,,500
2026-10-01T17:02:22.611072+00:00,2026-10-04T17:00:00+00:00,2026,4,2026_04_TEN_BAL,BAL,TEN,spread,espn,DraftKings,401872973,home,-11.5,-110,away,11.5,-110
2026-10-01T17:02:22.611072+00:00,2026-10-04T17:00:00+00:00,2026,4,2026_04_TEN_BAL,BAL,TEN,total,espn,DraftKings,401872973,over,42.5,-110,under,42.5,-110
2026-10-01T17:25:04.172084+00:00,2026-10-04T17:00:00+00:00,2026,4,2026_04_ARI_NYG,NYG,ARI,moneyline,espn,Draft Kings,401872966,home,,114,away,,-135
2026-10-01T17:25:04.172084+00:00,2026-10-04T17:00:00+00:00,2026,4,2026_04_ARI_NYG,NYG,ARI,spread,espn,Draft Kings,401872966,home,2.5,-110,away,-2.5,-110
2026-10-01T17:25:04.172084+00:00,2026-10-04T17:00:00+00:00,2026,4,2026_04_ARI_NYG,NYG,ARI,total,espn,Draft Kings,401872966,over,44.5,-110,under,44.5,-110
2026-10-01T17:25:04.172084+00:00,2026-10-06T00:15:00+00:00,2026,4,2026_04_ATL_NO,NO,ATL,moneyline,espn,Draft Kings,401872979,home,,-148,away,,124
2026-10-01T17:25:04.172084+00:00,2026-10-06T00:15:00+00:00,2026,4,2026_04_ATL_NO,NO,ATL,spread,espn,Draft Kings,401872979,home,-2.5,-110,away,2.5,-110
2026-10-01T17:25:04.172084+00:00,2026-10-06T00:15:00+00:00,2026,4,2026_04_ATL_NO,NO,ATL,total,espn,Draft Kings,401872979,over,47.5,-110,under,47.5,-110
2026-10-01T17:25:04.172084+00:00,2026-10-04T17:00:00+00:00,2026,4,2026_04_DAL_HOU,HOU,DAL,moneyline,espn,Draft Kings,401872967,home,,-162,away,,136
2026-10-01T17:25:04.172084+00:00,2026-10-04T17:00:00+00:00,2026,4,2026_04_DAL_HOU,HOU,DAL,spread,espn,Draft Kings,401872967,home,-3.0,-110,away,3.0,-110
2026-10-01T17:25:04.172084+00:00,2026-10-04T17:00:00+00:00,2026,4,2026_04_DAL_HOU,HOU,DAL,total,espn,Draft Kings,401872967,over,48.5,-110,under,48.5,-110
2026-10-01T17:25:04.172084+00:00,2026-10-04T20:25:00+00:00,2026,4,2026_04_DEN_SF,SF,DEN,moneyline,espn,Draft Kings,401872975,home,,-148,away,,124
2026-10-01T17:25:04.172084+00:00,2026-10-04T20:25:00+00:00,2026,4,2026_04_DEN_SF,SF,DEN,spread,espn,Draft Kings,401872975,home,-3.0,-110,away,3.0,-110
2026-10-01T17:25:04.172084+00:00,2026-10-04T20:25:00+00:00,2026,4,2026_04_DEN_SF,SF,DEN,total,espn,Draft Kings,401872975,over,47.5,-110,under,47.5,-110
2026-10-01T17:25:04.172084+00:00,2026-10-05T00:20:00+00:00,2026,4,2026_04_DET_CAR,CAR,DET,moneyline,espn,Draft Kings,401872978,home,,150,away,,-180
2026-10-01T17:25:04.172084+00:00,2026-10-05T00:20:00+00:00,2026,4,2026_04_DET_CAR,CAR,DET,spread,espn,Draft Kings,401872978,home,3.5,-110,away,-3.5,-110
2026-10-01T17:25:04.172084+00:00,2026-10-05T00:20:00+00:00,2026,4,2026_04_DET_CAR,CAR,DET,total,espn,Draft Kings,401872978,over,51.5,-110,under,51.5,-110
2026-10-01T17:25:04.172084+00:00,2026-10-04T17:00:00+00:00,2026,4,2026_04_GB_TB,TB,GB,moneyline,espn,Draft Kings,401872968,home,,150,away,,-180
2026-10-01T17:25:04.172084+00:00,2026-10-04T17:00:00+00:00,2026,4,2026_04_GB_TB,TB,GB,spread,espn,Draft Kings,401872968,home,3.5,-110,away,-3.5,-110
2026-10-01T17:25:04.172084+00:00,2026-10-04T17:00:00+00:00,2026,4,2026_04_GB_TB,TB,GB,total,espn,Draft Kings,401872968,over,38.5,-110,under,38.5,-110
2026-10-01T17:25:04.172084+00:00,2026-10-04T13:30:00+00:00,2026,4,2026_04_IND_WAS,WAS,IND,moneyline,espn,Draft Kings,401872965,home,,160,away,,-192
2026-10-01T17:25:04.172084+00:00,2026-10-04T13:30:00+00:00,2026,4,2026_04_IND_WAS,WAS,IND,spread,espn,Draft Kings,401872965,home,3.5,-110,away,-3.5,-110
2026-10-01T17:25:04.172084+00:00,2026-10-04T13:30:00+00:00,2026,4,2026_04_IND_WAS,WAS,IND,total,espn,Draft Kings,401872965,over,47.5,-110,under,47.5,-110
2026-10-01T17:25:04.172084+00:00,2026-10-04T17:00:00+00:00,2026,4,2026_04_JAX_CIN,CIN,JAX,moneyline,espn,Draft Kings,401872969,home,,-142,away,,120
2026-10-01T17:25:04.172084+00:00,2026-10-04T17:00:00+00:00,2026,4,2026_04_JAX_CIN,CIN,JAX,spread,espn,Draft Kings,401872969,home,-2.5,-110,away,2.5,-110
2026-10-01T17:25:04.172084+00:00,2026-10-04T17:00:00+00:00,2026,4,2026_04_JAX_CIN,CIN,JAX,total,espn,Draft Kings,401872969,over,51.5,-110,under,51.5,-110
2026-10-01T17:25:04.172084+00:00,2026-10-04T20:25:00+00:00,2026,4,2026_04_KC_LV,LV,KC,moneyline,espn,Draft Kings,401872976,home,,180,away,,-218
2026-10-01T17:25:04.172084+00:00,2026-10-04T20:25:00+00:00,2026,4,2026_04_KC_LV,LV,KC,spread,espn,Draft Kings,401872976,home,4.5,-110,away,-4.5,-110
2026-10-01T17:25:04.172084+00:00,2026-10-04T20:25:00+00:00,2026,4,2026_04_KC_LV,LV,KC,total,espn,Draft Kings,401872976,over,47.5,-110,under,47.5,-110
2026-10-01T17:25:04.172084+00:00,2026-10-04T20:25:00+00:00,2026,4,2026_04_LAC_SEA,SEA,LAC,moneyline,espn,Draft Kings,401872977,home,,-380,away,,300
2026-10-01T17:25:04.172084+00:00,2026-10-04T20:25:00+00:00,2026,4,2026_04_LAC_SEA,SEA,LAC,spread,espn,Draft Kings,401872977,home,-7.0,-110,away,7.0,-110
2026-10-01T17:25:04.172084+00:00,2026-10-04T20:25:00+00:00,2026,4,2026_04_LAC_SEA,SEA,LAC,total,espn,Draft Kings,401872977,over,42.5,-110,under,42.5,-110
2026-10-01T17:25:04.172084+00:00,2026-10-04T17:00:00+00:00,2026,4,2026_04_LA_PHI,PHI,LA,moneyline,espn,Draft Kings,401872970,home,,136,away,,-162
2026-10-01T17:25:04.172084+00:00,2026-10-04T17:00:00+00:00,2026,4,2026_04_LA_PHI,PHI,LA,spread,espn,Draft Kings,401872970,home,3.0,-110,away,-3.0,-110
2026-10-01T17:25:04.172084+00:00,2026-10-04T17:00:00+00:00,2026,4,2026_04_LA_PHI,PHI,LA,total,espn,Draft Kings,401872970,over,43.5,-110,under,43.5,-110
2026-10-01T17:25:04.172084+00:00,2026-10-04T20:05:00+00:00,2026,4,2026_04_MIA_MIN,MIN,MIA,moneyline,espn,Draft Kings,401872974,home,,-600,away,,440
2026-10-01T17:25:04.172084+00:00,2026-10-04T20:05:00+00:00,2026,4,2026_04_MIA_MIN,MIN,MIA,spread,espn,Draft Kings,401872974,home,-10.5,-110,away,10.5,-110
2026-10-01T17:25:04.172084+00:00,2026-10-04T20:05:00+00:00,2026,4,2026_04_MIA_MIN,MIN,MIA,total,espn,Draft Kings,401872974,over,38.5,-110,under,38.5,-110
2026-10-01T17:25:04.172084+00:00,2026-10-04T17:00:00+00:00,2026,4,2026_04_NE_BUF,BUF,NE,moneyline,espn,Draft Kings,401872971,home,,-290,away,,235
2026-10-01T17:25:04.172084+00:00,2026-10-04T17:00:00+00:00,2026,4,2026_04_NE_BUF,BUF,NE,spread,espn,Draft Kings,401872971,home,-6.5,-110,away,6.5,-110
2026-10-01T17:25:04.172084+00:00,2026-10-04T17:00:00+00:00,2026,4,2026_04_NE_BUF,BUF,NE,total,espn,Draft Kings,401872971,over,48.5,-110,under,48.5,-110
2026-10-01T17:25:04.172084+00:00,2026-10-04T17:00:00+00:00,2026,4,2026_04_NYJ_CHI,CHI,NYJ,moneyline,espn,Draft Kings,401872972,home,,-175,away,,145
2026-10-01T17:25:04.172084+00:00,2026-10-04T17:00:00+00:00,2026,4,2026_04_NYJ_CHI,CHI,NYJ,spread,espn,Draft Kings,401872972,home,-3.5,-110,away,3.5,-110
2026-10-01T17:25:04.172084+00:00,2026-10-04T17:00:00+00:00,2026,4,2026_04_NYJ_CHI,CHI,NYJ,total,espn,Draft Kings,401872972,over,43.5,-110,under,43.5,-110
2026-10-01T17:25:04.172084+00:00,2026-10-02T00:15:00+00:00,2026,4,2026_04_PIT_CLE,CLE,PIT,moneyline,espn,Draft Kings,401872964,home,,124,away,,-148
2026-10-01T17:25:04.172084+00:00,2026-10-02T00:15:00+00:00,2026,4,2026_04_PIT_CLE,CLE,PIT,spread,espn,Draft Kings,401872964,home,2.5,-110,away,-2.5,-110
2026-10-01T17:25:04.172084+00:00,2026-10-02T00:15:00+00:00,2026,4,2026_04_PIT_CLE,CLE,PIT,total,espn,Draft Kings,401872964,over,38.5,-110,under,38.5,-110
2026-10-01T17:25:04.172084+00:00,2026-10-04T17:00:00+00:00,2026,4,2026_04_TEN_BAL,BAL,TEN,moneyline,espn,Draft Kings,401872973,home,,-700,away,,500
2026-10-01T17:25:04.172084+00:00,2026-10-04T17:00:00+00:00,2026,4,2026_04_TEN_BAL,BAL,TEN,spread,espn,Draft Kings,401872973,home,-11.5,-110,away,11.5,-110
2026-10-01T17:25:04.172084+00:00,2026-10-04T17:00:00+00:00,2026,4,2026_04_TEN_BAL,BAL,TEN,total,espn,Draft Kings,401872973,over,42.5,-110,under,42.5,-110
2026-10-01T21:49:05.479115+00:00,2026-10-04T17:00:00+00:00,2026,4,2026_04_ARI_NYG,NYG,ARI,moneyline,espn,DraftKings,401872966,home,,120,away,,-142
2026-10-01T21:49:05.479115+00:00,2026-10-04T17:00:00+00:00,2026,4,2026_04_ARI_NYG,NYG,ARI,spread,espn,DraftKings,401872966,home,2.5,-110,away,-2.5,-110
2026-10-01T21:49:05.479115+00:00,2026-10-04T17:00:00+00:00,2026,4,2026_04_ARI_NYG,NYG,ARI,total,espn,DraftKings,401872966,over,44.5,-110,under,44.5,-110
2026-10-01T21:49:05.479115+00:00,2026-10-06T00:15:00+00:00,2026,4,2026_04_ATL_NO,NO,ATL,moneyline,espn,DraftKings,401872979,home,,-148,away,,124
2026-10-01T21:49:05.479115+00:00,2026-10-06T00:15:00+00:00,2026,4,2026_04_ATL_NO,NO,ATL,spread,espn,DraftKings,401872979,home,-2.5,-110,away,2.5,-110
2026-10-01T21:49:05.479115+00:00,2026-10-06T00:15:00+00:00,2026,4,2026_04_ATL_NO,NO,ATL,total,espn,DraftKings,401872979,over,47.5,-110,under,47.5,-110
2026-10-01T21:49:05.479115+00:00,2026-10-04T17:00:00+00:00,2026,4,2026_04_DAL_HOU,HOU,DAL,moneyline,espn,DraftKings,401872967,home,,-162,away,,136
2026-10-01T21:49:05.479115+00:00,2026-10-04T17:00:00+00:00,2026,4,2026_04_DAL_HOU,HOU,DAL,spread,espn,DraftKings,401872967,home,-3.0,-110,away,3.0,-110
2026-10-01T21:49:05.479115+00:00,2026-10-04T17:00:00+00:00,2026,4,2026_04_DAL_HOU,HOU,DAL,total,espn,DraftKings,401872967,over,48.5,-110,under,48.5,-110
2026-10-01T21:49:05.479115+00:00,2026-10-04T20:25:00+00:00,2026,4,2026_04_DEN_SF,SF,DEN,moneyline,espn,DraftKings,401872975,home,,-148,away,,124
2026-10-01T21:49:05.479115+00:00,2026-10-04T20:25:00+00:00,2026,4,2026_04_DEN_SF,SF,DEN,spread,espn,DraftKings,401872975,home,-3.0,-110,away,3.0,-110
2026-10-01T21:49:05.479115+00:00,2026-10-04T20:25:00+00:00,2026,4,2026_04_DEN_SF,SF,DEN,total,espn,DraftKings,401872975,over,47.5,-110,under,47.5,-110
2026-10-01T21:49:05.479115+00:00,2026-10-05T00:20:00+00:00,2026,4,2026_04_DET_CAR,CAR,DET,moneyline,espn,DraftKings,401872978,home,,154,away,,-185
2026-10-01T21:49:05.479115+00:00,2026-10-05T00:20:00+00:00,2026,4,2026_04_DET_CAR,CAR,DET,spread,espn,DraftKings,401872978,home,3.5,-110,away,-3.5,-110
2026-10-01T21:49:05.479115+00:00,2026-10-05T00:20:00+00:00,2026,4,2026_04_DET_CAR,CAR,DET,total,espn,DraftKings,401872978,over,50.5,-110,under,50.5,-110
2026-10-01T21:49:05.479115+00:00,2026-10-04T17:00:00+00:00,2026,4,2026_04_GB_TB,TB,GB,moneyline,espn,DraftKings,401872968,home,,150,away,,-180
2026-10-01T21:49:05.479115+00:00,2026-10-04T17:00:00+00:00,2026,4,2026_04_GB_TB,TB,GB,spread,espn,DraftKings,401872968,home,3.5,-110,away,-3.5,-110
2026-10-01T21:49:05.479115+00:00,2026-10-04T17:00:00+00:00,2026,4,2026_04_GB_TB,TB,GB,total,espn,DraftKings,401872968,over,38.5,-110,under,38.5,-110
2026-10-01T21:49:05.479115+00:00,2026-10-04T13:30:00+00:00,2026,4,2026_04_IND_WAS,WAS,IND,moneyline,espn,DraftKings,401872965,home,,160,away,,-192
2026-10-01T21:49:05.479115+00:00,2026-10-04T13:30:00+00:00,2026,4,2026_04_IND_WAS,WAS,IND,spread,espn,DraftKings,401872965,home,3.5,-110,away,-3.5,-110
2026-10-01T21:49:05.479115+00:00,2026-10-04T13:30:00+00:00,2026,4,2026_04_IND_WAS,WAS,IND,total,espn,DraftKings,401872965,over,48.5,-110,under,48.5,-110
2026-10-01T21:49:05.479115+00:00,2026-10-04T17:00:00+00:00,2026,4,2026_04_JAX_CIN,CIN,JAX,moneyline,espn,DraftKings,401872969,home,,-142,away,,120
2026-10-01T21:49:05.479115+00:00,2026-10-04T17:00:00+00:00,2026,4,2026_04_JAX_CIN,CIN,JAX,spread,espn,DraftKings,401872969,home,-2.5,-110,away,2.5,-110
2026-10-01T21:49:05.479115+00:00,2026-10-04T17:00:00+00:00,2026,4,2026_04_JAX_CIN,CIN,JAX,total,espn,DraftKings,401872969,over,51.5,-110,under,51.5,-110
2026-10-01T21:49:05.479115+00:00,2026-10-04T20:25:00+00:00,2026,4,2026_04_KC_LV,LV,KC,moneyline,espn,DraftKings,401872976,home,,180,away,,-218
2026-10-01T21:49:05.479115+00:00,2026-10-04T20:25:00+00:00,2026,4,2026_04_KC_LV,LV,KC,spread,espn,DraftKings,401872976,home,4.5,-110,away,-4.5,-110
2026-10-01T21:49:05.479115+00:00,2026-10-04T20:25:00+00:00,2026,4,2026_04_KC_LV,LV,KC,total,espn,DraftKings,401872976,over,47.5,-110,under,47.5,-110
2026-10-01T21:49:05.479115+00:00,2026-10-04T20:25:00+00:00,2026,4,2026_04_LAC_SEA,SEA,LAC,moneyline,espn,DraftKings,401872977,home,,-380,away,,300
2026-10-01T21:49:05.479115+00:00,2026-10-04T20:25:00+00:00,2026,4,2026_04_LAC_SEA,SEA,LAC,spread,espn,DraftKings,401872977,home,-7.0,-110,away,7.0,-110
2026-10-01T21:49:05.479115+00:00,2026-10-04T20:25:00+00:00,2026,4,2026_04_LAC_SEA,SEA,LAC,total,espn,DraftKings,401872977,over,42.5,-110,under,42.5,-110
2026-10-01T21:49:05.479115+00:00,2026-10-04T17:00:00+00:00,2026,4,2026_04_LA_PHI,PHI,LA,moneyline,espn,DraftKings,401872970,home,,142,away,,-170
2026-10-01T21:49:05.479115+00:00,2026-10-04T17:00:00+00:00,2026,4,2026_04_LA_PHI,PHI,LA,spread,espn,DraftKings,401872970,home,3.5,-110,away,-3.5,-110
2026-10-01T21:49:05.479115+00:00,2026-10-04T17:00:00+00:00,2026,4,2026_04_LA_PHI,PHI,LA,total,espn,DraftKings,401872970,over,43.5,-110,under,43.5,-110
2026-10-01T21:49:05.479115+00:00,2026-10-04T20:05:00+00:00,2026,4,2026_04_MIA_MIN,MIN,MIA,moneyline,espn,DraftKings,401872974,home,,-625,away,,455
2026-10-01T21:49:05.479115+00:00,2026-10-04T20:05:00+00:00,2026,4,2026_04_MIA_MIN,MIN,MIA,spread,espn,DraftKings,401872974,home,-10.5,-110,away,10.5,-110
2026-10-01T21:49:05.479115+00:00,2026-10-04T20:05:00+00:00,2026,4,2026_04_MIA_MIN,MIN,MIA,total,espn,DraftKings,401872974,over,38.5,-110,under,38.5,-110
2026-10-01T21:49:05.479115+00:00,2026-10-04T17:00:00+00:00,2026,4,2026_04_NE_BUF,BUF,NE,moneyline,espn,DraftKings,401872971,home,,-305,away,,245
2026-10-01T21:49:05.479115+00:00,2026-10-04T17:00:00+00:00,2026,4,2026_04_NE_BUF,BUF,NE,spread,espn,DraftKings,401872971,home,-7.0,-110,away,7.0,-110
2026-10-01T21:49:05.479115+00:00,2026-10-04T17:00:00+00:00,2026,4,2026_04_NE_BUF,BUF,NE,total,espn,DraftKings,401872971,over,48.5,-110,under,48.5,-110
2026-10-01T21:49:05.479115+00:00,2026-10-04T17:00:00+00:00,2026,4,2026_04_NYJ_CHI,CHI,NYJ,moneyline,espn,DraftKings,401872972,home,,-175,away,,145
2026-10-01T21:49:05.479115+00:00,2026-10-04T17:00:00+00:00,2026,4,2026_04_NYJ_CHI,CHI,NYJ,spread,espn,DraftKings,401872972,home,-3.5,-110,away,3.5,-110
2026-10-01T21:49:05.479115+00:00,2026-10-04T17:00:00+00:00,2026,4,2026_04_NYJ_CHI,CHI,NYJ,total,espn,DraftKings,401872972,over,43.5,-110,under,43.5,-110
2026-10-01T21:49:05.479115+00:00,2026-10-02T00:15:00+00:00,2026,4,2026_04_PIT_CLE,CLE,PIT,moneyline,espn,DraftKings,401872964,home,,124,away,,-148
2026-10-01T21:49:05.479115+00:00,2026-10-02T00:15:00+00:00,2026,4,2026_04_PIT_CLE,CLE,PIT,spread,espn,DraftKings,401872964,home,2.5,-110,away,-2.5,-110
2026-10-01T21:49:05.479115+00:00,2026-10-02T00:15:00+00:00,2026,4,2026_04_PIT_CLE,CLE,PIT,total,espn,DraftKings,401872964,over,38.5,-110,under,38.5,-110
2026-10-01T21:49:05.479115+00:00,2026-10-04T17:00:00+00:00,2026,4,2026_04_TEN_BAL,BAL,TEN,moneyline,espn,DraftKings,401872973,home,,-650,away,,470
2026-10-01T21:49:05.479115+00:00,2026-10-04T17:00:00+00:00,2026,4,2026_04_TEN_BAL,BAL,TEN,spread,espn,DraftKings,401872973,home,-11.5,-110,away,11.5,-110
2026-10-01T21:49:05.479115+00:00,2026-10-04T17:00:00+00:00,2026,4,2026_04_TEN_BAL,BAL,TEN,total,espn,DraftKings,401872973,over,42.5,-110,under,42.5,-110
2026-10-01T21:50:06.191138+00:00,2026-10-04T17:00:00+00:00,2026,4,2026_04_ARI_NYG,NYG,ARI,moneyline,espn,Draft Kings,401872966,home,,120,away,,-142
2026-10-01T21:50:06.191138+00:00,2026-10-04T17:00:00+00:00,2026,4,2026_04_ARI_NYG,NYG,ARI,spread,espn,Draft Kings,401872966,home,2.5,-110,away,-2.5,-110
2026-10-01T21:50:06.191138+00:00,2026-10-04T17:00:00+00:00,2026,4,2026_04_ARI_NYG,NYG,ARI,total,espn,Draft Kings,401872966,over,44.5,-110,under,44.5,-110
2026-10-01T21:50:06.191138+00:00,2026-10-06T00:15:00+00:00,2026,4,2026_04_ATL_NO,NO,ATL,moneyline,espn,Draft Kings,401872979,home,,-148,away,,124
2026-10-01T21:50:06.191138+00:00,2026-10-06T00:15:00+00:00,2026,4,2026_04_ATL_NO,NO,ATL,spread,espn,Draft Kings,401872979,home,-2.5,-110,away,2.5,-110
2026-10-01T21:50:06.191138+00:00,2026-10-06T00:15:00+00:00,2026,4,2026_04_ATL_NO,NO,ATL,total,espn,Draft Kings,401872979,over,47.5,-110,under,47.5,-110
2026-10-01T21:50:06.191138+00:00,2026-10-04T17:00:00+00:00,2026,4,2026_04_DAL_HOU,HOU,DAL,moneyline,espn,Draft Kings,401872967,home,,-162,away,,136
2026-10-01T21:50:06.191138+00:00,2026-10-04T17:00:00+00:00,2026,4,2026_04_DAL_HOU,HOU,DAL,spread,espn,Draft Kings,401872967,home,-3.0,-110,away,3.0,-110
2026-10-01T21:50:06.191138+00:00,2026-10-04T17:00:00+00:00,2026,4,2026_04_DAL_HOU,HOU,DAL,total,espn,Draft Kings,401872967,over,48.5,-110,under,48.5,-110
2026-10-01T21:50:06.191138+00:00,2026-10-04T20:25:00+00:00,2026,4,2026_04_DEN_SF,SF,DEN,moneyline,espn,Draft Kings,401872975,home,,-148,away,,124
2026-10-01T21:50:06.191138+00:00,2026-10-04T20:25:00+00:00,2026,4,2026_04_DEN_SF,SF,DEN,spread,espn,Draft Kings,401872975,home,-3.0,-110,away,3.0,-110
2026-10-01T21:50:06.191138+00:00,2026-10-04T20:25:00+00:00,2026,4,2026_04_DEN_SF,SF,DEN,total,espn,Draft Kings,401872975,over,47.5,-110,under,47.5,-110
2026-10-01T21:50:06.191138+00:00,2026-10-05T00:20:00+00:00,2026,4,2026_04_DET_CAR,CAR,DET,moneyline,espn,Draft Kings,401872978,home,,154,away,,-185
2026-10-01T21:50:06.191138+00:00,2026-10-05T00:20:00+00:00,2026,4,2026_04_DET_CAR,CAR,DET,spread,espn,Draft Kings,401872978,home,3.5,-110,away,-3.5,-110
2026-10-01T21:50:06.191138+00:00,2026-10-05T00:20:00+00:00,2026,4,2026_04_DET_CAR,CAR,DET,total,espn,Draft Kings,401872978,over,50.5,-110,under,50.5,-110
2026-10-01T21:50:06.191138+00:00,2026-10-04T17:00:00+00:00,2026,4,2026_04_GB_TB,TB,GB,moneyline,espn,Draft Kings,401872968,home,,150,away,,-180
2026-10-01T21:50:06.191138+00:00,2026-10-04T17:00:00+00:00,2026,4,2026_04_GB_TB,TB,GB,spread,espn,Draft Kings,401872968,home,3.5,-110,away,-3.5,-110
2026-10-01T21:50:06.191138+00:00,2026-10-04T17:00:00+00:00,2026,4,2026_04_GB_TB,TB,GB,total,espn,Draft Kings,401872968,over,38.5,-110,under,38.5,-110
2026-10-01T21:50:06.191138+00:00,2026-10-04T13:30:00+00:00,2026,4,2026_04_IND_WAS,WAS,IND,moneyline,espn,Draft Kings,401872965,home,,160,away,,-192
2026-10-01T21:50:06.191138+00:00,2026-10-04T13:30:00+00:00,2026,4,2026_04_IND_WAS,WAS,IND,spread,espn,Draft Kings,401872965,home,3.5,-110,away,-3.5,-110
2026-10-01T21:50:06.191138+00:00,2026-10-04T13:30:00+00:00,2026,4,2026_04_IND_WAS,WAS,IND,total,espn,Draft Kings,401872965,over,48.5,-110,under,48.5,-110
2026-10-01T21:50:06.191138+00:00,2026-10-04T17:00:00+00:00,2026,4,2026_04_JAX_CIN,CIN,JAX,moneyline,espn,Draft Kings,401872969,home,,-142,away,,120
2026-10-01T21:50:06.191138+00:00,2026-10-04T17:00:00+00:00,2026,4,2026_04_JAX_CIN,CIN,JAX,spread,espn,Draft Kings,401872969,home,-2.5,-110,away,2.5,-110
2026-10-01T21:50:06.191138+00:00,2026-10-04T17:00:00+00:00,2026,4,2026_04_JAX_CIN,CIN,JAX,total,espn,Draft Kings,401872969,over,51.5,-110,under,51.5,-110
2026-10-01T21:50:06.191138+00:00,2026-10-04T20:25:00+00:00,2026,4,2026_04_KC_LV,LV,KC,moneyline,espn,Draft Kings,401872976,home,,180,away,,-218
2026-10-01T21:50:06.191138+00:00,2026-10-04T20:25:00+00:00,2026,4,2026_04_KC_LV,LV,KC,spread,espn,Draft Kings,401872976,home,4.5,-110,away,-4.5,-110
2026-10-01T21:50:06.191138+00:00,2026-10-04T20:25:00+00:00,2026,4,2026_04_KC_LV,LV,KC,total,espn,Draft Kings,401872976,over,47.5,-110,under,47.5,-110
2026-10-01T21:50:06.191138+00:00,2026-10-04T20:25:00+00:00,2026,4,2026_04_LAC_SEA,SEA,LAC,moneyline,espn,Draft Kings,401872977,home,,-380,away,,300
2026-10-01T21:50:06.191138+00:00,2026-10-04T20:25:00+00:00,2026,4,2026_04_LAC_SEA,SEA,LAC,spread,espn,Draft Kings,401872977,home,-7.0,-110,away,7.0,-110
2026-10-01T21:50:06.191138+00:00,2026-10-04T20:25:00+00:00,2026,4,2026_04_LAC_SEA,SEA,LAC,total,espn,Draft Kings,401872977,over,42.5,-110,under,42.5,-110
2026-10-01T21:50:06.191138+00:00,2026-10-04T17:00:00+00:00,2026,4,2026_04_LA_PHI,PHI,LA,moneyline,espn,Draft Kings,401872970,home,,142,away,,-170
2026-10-01T21:50:06.191138+00:00,2026-10-04T17:00:00+00:00,2026,4,2026_04_LA_PHI,PHI,LA,spread,espn,Draft Kings,401872970,home,3.5,-110,away,-3.5,-110
2026-10-01T21:50:06.191138+00:00,2026-10-04T17:00:00+00:00,2026,4,2026_04_LA_PHI,PHI,LA,total,espn,Draft Kings,401872970,over,42.5,-110,under,42.5,-110
2026-10-01T21:50:06.191138+00:00,2026-10-04T20:05:00+00:00,2026,4,2026_04_MIA_MIN,MIN,MIA,moneyline,espn,Draft Kings,401872974,home,,-625,away,,455
2026-10-01T21:50:06.191138+00:00,2026-10-04T20:05:00+00:00,2026,4,2026_04_MIA_MIN,MIN,MIA,spread,espn,Draft Kings,401872974,home,-10.5,-110,away,10.5,-110
2026-10-01T21:50:06.191138+00:00,2026-10-04T20:05:00+00:00,2026,4,2026_04_MIA_MIN,MIN,MIA,total,espn,Draft Kings,401872974,over,38.5,-110,under,38.5,-110
2026-10-01T21:50:06.191138+00:00,2026-10-04T17:00:00+00:00,2026,4,2026_04_NE_BUF,BUF,NE,moneyline,espn,Draft Kings,401872971,home,,-305,away,,245
2026-10-01T21:50:06.191138+00:00,2026-10-04T17:00:00+00:00,2026,4,2026_04_NE_BUF,BUF,NE,spread,espn,Draft Kings,401872971,home,-7.0,-110,away,7.0,-110
2026-10-01T21:50:06.191138+00:00,2026-10-04T17:00:00+00:00,2026,4,2026_04_NE_BUF,BUF,NE,total,espn,Draft Kings,401872971,over,48.5,-110,under,48.5,-110
2026-10-01T21:50:06.191138+00:00,2026-10-04T17:00:00+00:00,2026,4,2026_04_NYJ_CHI,CHI,NYJ,moneyline,espn,Draft Kings,401872972,home,,-175,away,,145
2026-10-01T21:50:06.191138+00:00,2026-10-04T17:00:00+00:00,2026,4,2026_04_NYJ_CHI,CHI,NYJ,spread,espn,Draft Kings,401872972,home,-3.5,-110,away,3.5,-110
2026-10-01T21:50:06.191138+00:00,2026-10-04T17:00:00+00:00,2026,4,2026_04_NYJ_CHI,CHI,NYJ,total,espn,Draft Kings,401872972,over,43.5,-110,under,43.5,-110
2026-10-01T21:50:06.191138+00:00,2026-10-02T00:15:00+00:00,2026,4,2026_04_PIT_CLE,CLE,PIT,moneyline,espn,Draft Kings,401872964,home,,124,away,,-148
2026-10-01T21:50:06.191138+00:00,2026-10-02T00:15:00+00:00,2026,4,2026_04_PIT_CLE,CLE,PIT,spread,espn,Draft Kings,401872964,home,2.5,-110,away,-2.5,-110
2026-10-01T21:50:06.191138+00:00,2026-10-02T00:15:00+00:00,2026,4,2026_04_PIT_CLE,CLE,PIT,total,espn,Draft Kings,401872964,over,38.5,-110,under,38.5,-110
2026-10-01T21:50:06.191138+00:00,2026-10-04T17:00:00+00:00,2026,4,2026_04_TEN_BAL,BAL,TEN,moneyline,espn,Draft Kings,401872973,home,,-650,away,,470
2026-10-01T21:50:06.191138+00:00,2026-10-04T17:00:00+00:00,2026,4,2026_04_TEN_BAL,BAL,TEN,spread,espn,Draft Kings,401872973,home,-11.5,-110,away,11.5,-110
2026-10-01T21:50:06.191138+00:00,2026-10-04T17:00:00+00:00,2026,4,2026_04_TEN_BAL,BAL,TEN,total,espn,Draft Kings,401872973,over,42.5,-110,under,42.5,-110
2026-10-01T21:55:19.324183+00:00,2026-10-04T17:00:00+00:00,2026,4,2026_04_ARI_NYG,NYG,ARI,moneyline,espn,Draft Kings,401872966,home,,120,away,,-142
2026-10-01T21:55:19.324183+00:00,2026-10-04T17:00:00+00:00,2026,4,2026_04_ARI_NYG,NYG,ARI,spread,espn,Draft Kings,401872966,home,2.5,-110,away,-2.5,-110
2026-10-01T21:55:19.324183+00:00,2026-10-04T17:00:00+00:00,2026,4,2026_04_ARI_NYG,NYG,ARI,total,espn,Draft Kings,401872966,over,44.5,-110,under,44.5,-110
2026-10-01T21:55:19.324183+00:00,2026-10-06T00:15:00+00:00,2026,4,2026_04_ATL_NO,NO,ATL,moneyline,espn,Draft Kings,401872979,home,,-148,away,,124
2026-10-01T21:55:19.324183+00:00,2026-10-06T00:15:00+00:00,2026,4,2026_04_ATL_NO,NO,ATL,spread,espn,Draft Kings,401872979,home,-2.5,-110,away,2.5,-110
2026-10-01T21:55:19.324183+00:00,2026-10-06T00:15:00+00:00,2026,4,2026_04_ATL_NO,NO,ATL,total,espn,Draft Kings,401872979,over,47.5,-110,under,47.5,-110
2026-10-01T21:55:19.324183+00:00,2026-10-04T17:00:00+00:00,2026,4,2026_04_DAL_HOU,HOU,DAL,moneyline,espn,Draft Kings,401872967,home,,-162,away,,136
2026-10-01T21:55:19.324183+00:00,2026-10-04T17:00:00+00:00,2026,4,2026_04_DAL_HOU,HOU,DAL,spread,espn,Draft Kings,401872967,home,-3.0,-110,away,3.0,-110
2026-10-01T21:55:19.324183+00:00,2026-10-04T17:00:00+00:00,2026,4,2026_04_DAL_HOU,HOU,DAL,total,espn,Draft Kings,401872967,over,48.5,-110,under,48.5,-110
2026-10-01T21:55:19.324183+00:00,2026-10-04T20:25:00+00:00,2026,4,2026_04_DEN_SF,SF,DEN,moneyline,espn,Draft Kings,401872975,home,,-148,away,,124
2026-10-01T21:55:19.324183+00:00,2026-10-04T20:25:00+00:00,2026,4,2026_04_DEN_SF,SF,DEN,spread,espn,Draft Kings,401872975,home,-3.0,-110,away,3.0,-110
2026-10-01T21:55:19.324183+00:00,2026-10-04T20:25:00+00:00,2026,4,2026_04_DEN_SF,SF,DEN,total,espn,Draft Kings,401872975,over,47.5,-110,under,47.5,-110
2026-10-01T21:55:19.324183+00:00,2026-10-05T00:20:00+00:00,2026,4,2026_04_DET_CAR,CAR,DET,moneyline,espn,Draft Kings,401872978,home,,154,away,,-185
2026-10-01T21:55:19.324183+00:00,2026-10-05T00:20:00+00:00,2026,4,2026_04_DET_CAR,CAR,DET,spread,espn,Draft Kings,401872978,home,3.5,-110,away,-3.5,-110
2026-10-01T21:55:19.324183+00:00,2026-10-05T00:20:00+00:00,2026,4,2026_04_DET_CAR,CAR,DET,total,espn,Draft Kings,401872978,over,50.5,-110,under,50.5,-110
2026-10-01T21:55:19.324183+00:00,2026-10-04T17:00:00+00:00,2026,4,2026_04_GB_TB,TB,GB,moneyline,espn,Draft Kings,401872968,home,,150,away,,-180
2026-10-01T21:55:19.324183+00:00,2026-10-04T17:00:00+00:00,2026,4,2026_04_GB_TB,TB,GB,spread,espn,Draft Kings,401872968,home,3.5,-110,away,-3.5,-110
2026-10-01T21:55:19.324183+00:00,2026-10-04T17:00:00+00:00,2026,4,2026_04_GB_TB,TB,GB,total,espn,Draft Kings,401872968,over,38.5,-110,under,38.5,-110
2026-10-01T21:55:19.324183+00:00,2026-10-04T13:30:00+00:00,2026,4,2026_04_IND_WAS,WAS,IND,moneyline,espn,Draft Kings,401872965,home,,160,away,,-192
2026-10-01T21:55:19.324183+00:00,2026-10-04T13:30:00+00:00,2026,4,2026_04_IND_WAS,WAS,IND,spread,espn,Draft Kings,401872965,home,3.5,-110,away,-3.5,-110
2026-10-01T21:55:19.324183+00:00,2026-10-04T13:30:00+00:00,2026,4,2026_04_IND_WAS,WAS,IND,total,espn,Draft Kings,401872965,over,48.5,-110,under,48.5,-110
2026-10-01T21:55:19.324183+00:00,2026-10-04T17:00:00+00:00,2026,4,2026_04_JAX_CIN,CIN,JAX,moneyline,espn,Draft Kings,401872969,home,,-142,away,,120
2026-10-01T21:55:19.324183+00:00,2026-10-04T17:00:00+00:00,2026,4,2026_04_JAX_CIN,CIN,JAX,spread,espn,Draft Kings,401872969,home,-2.5,-110,away,2.5,-110
2026-10-01T21:55:19.324183+00:00,2026-10-04T17:00:00+00:00,2026,4,2026_04_JAX_CIN,CIN,JAX,total,espn,Draft Kings,401872969,over,51.5,-110,under,51.5,-110
2026-10-01T21:55:19.324183+00:00,2026-10-04T20:25:00+00:00,2026,4,2026_04_KC_LV,LV,KC,moneyline,espn,Draft Kings,401872976,home,,180,away,,-218
2026-10-01T21:55:19.324183+00:00,2026-10-04T20:25:00+00:00,2026,4,2026_04_KC_LV,LV,KC,spread,espn,Draft Kings,401872976,home,4.5,-110,away,-4.5,-110
2026-10-01T21:55:19.324183+00:00,2026-10-04T20:25:00+00:00,2026,4,2026_04_KC_LV,LV,KC,total,espn,Draft Kings,401872976,over,47.5,-110,under,47.5,-110
2026-10-01T21:55:19.324183+00:00,2026-10-04T20:25:00+00:00,2026,4,2026_04_LAC_SEA,SEA,LAC,moneyline,espn,Draft Kings,401872977,home,,-380,away,,300
2026-10-01T21:55:19.324183+00:00,2026-10-04T20:25:00+00:00,2026,4,2026_04_LAC_SEA,SEA,LAC,spread,espn,Draft Kings,401872977,home,-7.0,-110,away,7.0,-110
2026-10-01T21:55:19.324183+00:00,2026-10-04T20:25:00+00:00,2026,4,2026_04_LAC_SEA,SEA,LAC,total,espn,Draft Kings,401872977,over,42.5,-110,under,42.5,-110
2026-10-01T21:55:19.324183+00:00,2026-10-04T17:00:00+00:00,2026,4,2026_04_LA_PHI,PHI,LA,moneyline,espn,Draft Kings,401872970,home,,142,away,,-170
2026-10-01T21:55:19.324183+00:00,2026-10-04T17:00:00+00:00,2026,4,2026_04_LA_PHI,PHI,LA,spread,espn,Draft Kings,401872970,home,3.5,-110,away,-3.5,-110
2026-10-01T21:55:19.324183+00:00,2026-10-04T17:00:00+00:00,2026,4,2026_04_LA_PHI,PHI,LA,total,espn,Draft Kings,401872970,over,42.5,-110,under,42.5,-110
2026-10-01T21:55:19.324183+00:00,2026-10-04T20:05:00+00:00,2026,4,2026_04_MIA_MIN,MIN,MIA,moneyline,espn,Draft Kings,401872974,home,,-625,away,,455
2026-10-01T21:55:19.324183+00:00,2026-10-04T20:05:00+00:00,2026,4,2026_04_MIA_MIN,MIN,MIA,spread,espn,Draft Kings,401872974,home,-10.5,-110,away,10.5,-110
2026-10-01T21:55:19.324183+00:00,2026-10-04T20:05:00+00:00,2026,4,2026_04_MIA_MIN,MIN,MIA,total,espn,Draft Kings,401872974,over,38.5,-110,under,38.5,-110
2026-10-01T21:55:19.324183+00:00,2026-10-04T17:00:00+00:00,2026,4,2026_04_NE_BUF,BUF,NE,moneyline,espn,Draft Kings,401872971,home,,-305,away,,245
2026-10-01T21:55:19.324183+00:00,2026-10-04T17:00:00+00:00,2026,4,2026_04_NE_BUF,BUF,NE,spread,espn,Draft Kings,401872971,home,-7.0,-110,away,7.0,-110
2026-10-01T21:55:19.324183+00:00,2026-10-04T17:00:00+00:00,2026,4,2026_04_NE_BUF,BUF,NE,total,espn,Draft Kings,401872971,over,48.5,-110,under,48.5,-110
2026-10-01T21:55:19.324183+00:00,2026-10-04T17:00:00+00:00,2026,4,2026_04_NYJ_CHI,CHI,NYJ,moneyline,espn,Draft Kings,401872972,home,,-175,away,,145
2026-10-01T21:55:19.324183+00:00,2026-10-04T17:00:00+00:00,2026,4,2026_04_NYJ_CHI,CHI,NYJ,spread,espn,Draft Kings,401872972,home,-3.5,-110,away,3.5,-110
2026-10-01T21:55:19.324183+00:00,2026-10-04T17:00:00+00:00,2026,4,2026_04_NYJ_CHI,CHI,NYJ,total,espn,Draft Kings,401872972,over,43.5,-110,under,43.5,-110
2026-10-01T21:55:19.324183+00:00,2026-10-02T00:15:00+00:00,2026,4,2026_04_PIT_CLE,CLE,PIT,moneyline,espn,Draft Kings,401872964,home,,124,away,,-148
2026-10-01T21:55:19.324183+00:00,2026-10-02T00:15:00+00:00,2026,4,2026_04_PIT_CLE,CLE,PIT,spread,espn,Draft Kings,401872964,home,2.5,-110,away,-2.5,-110
2026-10-01T21:55:19.324183+00:00,2026-10-02T00:15:00+00:00,2026,4,2026_04_PIT_CLE,CLE,PIT,total,espn,Draft Kings,401872964,over,38.5,-110,under,38.5,-110
2026-10-01T21:55:19.324183+00:00,2026-10-04T17:00:00+00:00,2026,4,2026_04_TEN_BAL,BAL,TEN,moneyline,espn,Draft Kings,401872973,home,,-650,away,,470
2026-10-01T21:55:19.324183+00:00,2026-10-04T17:00:00+00:00,2026,4,2026_04_TEN_BAL,BAL,TEN,spread,espn,Draft Kings,401872973,home,-11.5,-110,away,11.5,-110
2026-10-01T21:55:19.324183+00:00,2026-10-04T17:00:00+00:00,2026,4,2026_04_TEN_BAL,BAL,TEN,total,espn,Draft Kings,401872973,over,42.5,-110,under,42.5,-110
2026-10-01T22:00:22.449523+00:00,2026-10-04T17:00:00+00:00,2026,4,2026_04_ARI_NYG,NYG,ARI,moneyline,espn,Draft Kings,401872966,home,,120,away,,-142
2026-10-01T22:00:22.449523+00:00,2026-10-04T17:00:00+00:00,2026,4,2026_04_ARI_NYG,NYG,ARI,spread,espn,DraftKings,401872966,home,2.5,-110,away,-2.5,-110
2026-10-01T22:00:22.449523+00:00,2026-10-04T17:00:00+00:00,2026,4,2026_04_ARI_NYG,NYG,ARI,total,espn,DraftKings,401872966,over,44.5,-110,under,44.5,-110
2026-10-01T22:00:22.449523+00:00,2026-10-06T00:15:00+00:00,2026,4,2026_04_ATL_NO,NO,ATL,moneyline,espn,Draft Kings,401872979,home,,-148,away,,124
2026-10-01T22:00:22.449523+00:00,2026-10-06T00:15:00+00:00,2026,4,2026_04_ATL_NO,NO,ATL,spread,espn,DraftKings,401872979,home,-2.5,-110,away,2.5,-110
2026-10-01T22:00:22.449523+00:00,2026-10-06T00:15:00+00:00,2026,4,2026_04_ATL_NO,NO,ATL,total,espn,DraftKings,401872979,over,47.5,-110,under,47.5,-110
2026-10-01T22:00:22.449523+00:00,2026-10-04T17:00:00+00:00,2026,4,2026_04_DAL_HOU,HOU,DAL,moneyline,espn,Draft Kings,401872967,home,,-162,away,,136
2026-10-01T22:00:22.449523+00:00,2026-10-04T17:00:00+00:00,2026,4,2026_04_DAL_HOU,HOU,DAL,spread,espn,DraftKings,401872967,home,-3.0,-110,away,3.0,-110
2026-10-01T22:00:22.449523+00:00,2026-10-04T17:00:00+00:00,2026,4,2026_04_DAL_HOU,HOU,DAL,total,espn,DraftKings,401872967,over,48.5,-110,under,48.5,-110
2026-10-01T22:00:22.449523+00:00,2026-10-04T20:25:00+00:00,2026,4,2026_04_DEN_SF,SF,DEN,moneyline,espn,Draft Kings,401872975,home,,-148,away,,124
2026-10-01T22:00:22.449523+00:00,2026-10-04T20:25:00+00:00,2026,4,2026_04_DEN_SF,SF,DEN,spread,espn,DraftKings,401872975,home,-3.0,-110,away,3.0,-110
2026-10-01T22:00:22.449523+00:00,2026-10-04T20:25:00+00:00,2026,4,2026_04_DEN_SF,SF,DEN,total,espn,DraftKings,401872975,over,47.5,-110,under,47.5,-110
2026-10-01T22:00:22.449523+00:00,2026-10-05T00:20:00+00:00,2026,4,2026_04_DET_CAR,CAR,DET,moneyline,espn,Draft Kings,401872978,home,,154,away,,-185
2026-10-01T22:00:22.449523+00:00,2026-10-05T00:20:00+00:00,2026,4,2026_04_DET_CAR,CAR,DET,spread,espn,DraftKings,401872978,home,3.5,-110,away,-3.5,-110
2026-10-01T22:00:22.449523+00:00,2026-10-05T00:20:00+00:00,2026,4,2026_04_DET_CAR,CAR,DET,total,espn,DraftKings,401872978,over,50.5,-110,under,50.5,-110
2026-10-01T22:00:22.449523+00:00,2026-10-04T17:00:00+00:00,2026,4,2026_04_GB_TB,TB,GB,moneyline,espn,Draft Kings,401872968,home,,150,away,,-180
2026-10-01T22:00:22.449523+00:00,2026-10-04T17:00:00+00:00,2026,4,2026_04_GB_TB,TB,GB,spread,espn,DraftKings,401872968,home,3.5,-110,away,-3.5,-110
2026-10-01T22:00:22.449523+00:00,2026-10-04T17:00:00+00:00,2026,4,2026_04_GB_TB,TB,GB,total,espn,DraftKings,401872968,over,38.5,-110,under,38.5,-110
2026-10-01T22:00:22.449523+00:00,2026-10-04T13:30:00+00:00,2026,4,2026_04_IND_WAS,WAS,IND,moneyline,espn,Draft Kings,401872965,home,,160,away,,-192
2026-10-01T22:00:22.449523+00:00,2026-10-04T13:30:00+00:00,2026,4,2026_04_IND_WAS,WAS,IND,spread,espn,DraftKings,401872965,home,3.5,-110,away,-3.5,-110
2026-10-01T22:00:22.449523+00:00,2026-10-04T13:30:00+00:00,2026,4,2026_04_IND_WAS,WAS,IND,total,espn,DraftKings,401872965,over,48.5,-110,under,48.5,-110
2026-10-01T22:00:22.449523+00:00,2026-10-04T17:00:00+00:00,2026,4,2026_04_JAX_CIN,CIN,JAX,moneyline,espn,Draft Kings,401872969,home,,-142,away,,120
2026-10-01T22:00:22.449523+00:00,2026-10-04T17:00:00+00:00,2026,4,2026_04_JAX_CIN,CIN,JAX,spread,espn,DraftKings,401872969,home,-2.5,-110,away,2.5,-110
2026-10-01T22:00:22.449523+00:00,2026-10-04T17:00:00+00:00,2026,4,2026_04_JAX_CIN,CIN,JAX,total,espn,DraftKings,401872969,over,51.5,-110,under,51.5,-110
2026-10-01T22:00:22.449523+00:00,2026-10-04T20:25:00+00:00,2026,4,2026_04_KC_LV,LV,KC,moneyline,espn,Draft Kings,401872976,home,,180,away,,-218
2026-10-01T22:00:22.449523+00:00,2026-10-04T20:25:00+00:00,2026,4,2026_04_KC_LV,LV,KC,spread,espn,DraftKings,401872976,home,4.5,-110,away,-4.5,-110
2026-10-01T22:00:22.449523+00:00,2026-10-04T20:25:00+00:00,2026,4,2026_04_KC_LV,LV,KC,total,espn,DraftKings,401872976,over,47.5,-110,under,47.5,-110
2026-10-01T22:00:22.449523+00:00,2026-10-04T20:25:00+00:00,2026,4,2026_04_LAC_SEA,SEA,LAC,moneyline,espn,Draft Kings,401872977,home,,-380,away,,300
2026-10-01T22:00:22.449523+00:00,2026-10-04T20:25:00+00:00,2026,4,2026_04_LAC_SEA,SEA,LAC,spread,espn,DraftKings,401872977,home,-7.0,-110,away,7.0,-110
2026-10-01T22:00:22.449523+00:00,2026-10-04T20:25:00+00:00,2026,4,2026_04_LAC_SEA,SEA,LAC,total,espn,DraftKings,401872977,over,42.5,-110,under,42.5,-110
2026-10-01T22:00:22.449523+00:00,2026-10-04T17:00:00+00:00,2026,4,2026_04_LA_PHI,PHI,LA,moneyline,espn,Draft Kings,401872970,home,,142,away,,-170
2026-10-01T22:00:22.449523+00:00,2026-10-04T17:00:00+00:00,2026,4,2026_04_LA_PHI,PHI,LA,spread,espn,DraftKings,401872970,home,3.5,-110,away,-3.5,-110
2026-10-01T22:00:22.449523+00:00,2026-10-04T17:00:00+00:00,2026,4,2026_04_LA_PHI,PHI,LA,total,espn,DraftKings,401872970,over,43.5,-110,under,43.5,-110
2026-10-01T22:00:22.449523+00:00,2026-10-04T20:05:00+00:00,2026,4,2026_04_MIA_MIN,MIN,MIA,moneyline,espn,Draft Kings,401872974,home,,-625,away,,455
2026-10-01T22:00:22.449523+00:00,2026-10-04T20:05:00+00:00,2026,4,2026_04_MIA_MIN,MIN,MIA,spread,espn,DraftKings,401872974,home,-10.5,-110,away,10.5,-110
2026-10-01T22:00:22.449523+00:00,2026-10-04T20:05:00+00:00,2026,4,2026_04_MIA_MIN,MIN,MIA,total,espn,DraftKings,401872974,over,38.5,-110,under,38.5,-110
2026-10-01T22:00:22.449523+00:00,2026-10-04T17:00:00+00:00,2026,4,2026_04_NE_BUF,BUF,NE,moneyline,espn,Draft Kings,401872971,home,,-305,away,,245
2026-10-01T22:00:22.449523+00:00,2026-10-04T17:00:00+00:00,2026,4,2026_04_NE_BUF,BUF,NE,spread,espn,DraftKings,401872971,home,-7.0,-110,away,7.0,-110
2026-10-01T22:00:22.449523+00:00,2026-10-04T17:00:00+00:00,2026,4,2026_04_NE_BUF,BUF,NE,total,espn,DraftKings,401872971,over,48.5,-110,under,48.5,-110
2026-10-01T22:00:22.449523+00:00,2026-10-04T17:00:00+00:00,2026,4,2026_04_NYJ_CHI,CHI,NYJ,moneyline,espn,Draft Kings,401872972,home,,-175,away,,145
2026-10-01T22:00:22.449523+00:00,2026-10-04T17:00:00+00:00,2026,4,2026_04_NYJ_CHI,CHI,NYJ,spread,espn,DraftKings,401872972,home,-3.5,-110,away,3.5,-110
2026-10-01T22:00:22.449523+00:00,2026-10-04T17:00:00+00:00,2026,4,2026_04_NYJ_CHI,CHI,NYJ,total,espn,DraftKings,401872972,over,43.5,-110,under,43.5,-110
2026-10-01T22:00:22.449523+00:00,2026-10-02T00:15:00+00:00,2026,4,2026_04_PIT_CLE,CLE,PIT,moneyline,espn,Draft Kings,401872964,home,,124,away,,-148
2026-10-01T22:00:22.449523+00:00,2026-10-02T00:15:00+00:00,2026,4,2026_04_PIT_CLE,CLE,PIT,spread,espn,DraftKings,401872964,home,2.5,-110,away,-2.5,-110
2026-10-01T22:00:22.449523+00:00,2026-10-02T00:15:00+00:00,2026,4,2026_04_PIT_CLE,CLE,PIT,total,espn,DraftKings,401872964,over,38.5,-110,under,38.5,-110
2026-10-01T22:00:22.449523+00:00,2026-10-04T17:00:00+00:00,2026,4,2026_04_TEN_BAL,BAL,TEN,moneyline,espn,Draft Kings,401872973,home,,-650,away,,470
2026-10-01T22:00:22.449523+00:00,2026-10-04T17:00:00+00:00,2026,4,2026_04_TEN_BAL,BAL,TEN,spread,espn,DraftKings,401872973,home,-11.5,-110,away,11.5,-110
2026-10-01T22:00:22.449523+00:00,2026-10-04T17:00:00+00:00,2026,4,2026_04_TEN_BAL,BAL,TEN,total,espn,DraftKings,401872973,over,42.5,-110,under,42.5,-110
2026-10-01T22:33:25.701844+00:00,2026-10-04T17:00:00+00:00,2026,4,2026_04_ARI_NYG,NYG,ARI,moneyline,espn,Draft Kings,401872966,home,,120,away,,-142
2026-10-01T22:33:25.701844+00:00,2026-10-04T17:00:00+00:00,2026,4,2026_04_ARI_NYG,NYG,ARI,spread,espn,Draft Kings,401872966,home,2.5,-110,away,-2.5,-110
2026-10-01T22:33:25.701844+00:00,2026-10-04T17:00:00+00:00,2026,4,2026_04_ARI_NYG,NYG,ARI,total,espn,Draft Kings,401872966,over,44.5,-110,under,44.5,-110
2026-10-01T22:33:25.701844+00:00,2026-10-06T00:15:00+00:00,2026,4,2026_04_ATL_NO,NO,ATL,moneyline,espn,Draft Kings,401872979,home,,-148,away,,124
2026-10-01T22:33:25.701844+00:00,2026-10-06T00:15:00+00:00,2026,4,2026_04_ATL_NO,NO,ATL,spread,espn,Draft Kings,401872979,home,-2.5,-110,away,2.5,-110
2026-10-01T22:33:25.701844+00:00,2026-10-06T00:15:00+00:00,2026,4,2026_04_ATL_NO,NO,ATL,total,espn,Draft Kings,401872979,over,47.5,-110,under,47.5,-110
2026-10-01T22:33:25.701844+00:00,2026-10-04T17:00:00+00:00,2026,4,2026_04_DAL_HOU,HOU,DAL,moneyline,espn,Draft Kings,401872967,home,,-162,away,,136
2026-10-01T22:33:25.701844+00:00,2026-10-04T17:00:00+00:00,2026,4,2026_04_DAL_HOU,HOU,DAL,spread,espn,Draft Kings,401872967,home,-3.0,-110,away,3.0,-110
2026-10-01T22:33:25.701844+00:00,2026-10-04T17:00:00+00:00,2026,4,2026_04_DAL_HOU,HOU,DAL,total,espn,Draft Kings,401872967,over,48.5,-110,under,48.5,-110
2026-10-01T22:33:25.701844+00:00,2026-10-04T20:25:00+00:00,2026,4,2026_04_DEN_SF,SF,DEN,moneyline,espn,Draft Kings,401872975,home,,-148,away,,124
2026-10-01T22:33:25.701844+00:00,2026-10-04T20:25:00+00:00,2026,4,2026_04_DEN_SF,SF,DEN,spread,espn,Draft Kings,401872975,home,-3.0,-110,away,3.0,-110
2026-10-01T22:33:25.701844+00:00,2026-10-04T20:25:00+00:00,2026,4,2026_04_DEN_SF,SF,DEN,total,espn,Draft Kings,401872975,over,47.5,-110,under,47.5,-110
2026-10-01T22:33:25.701844+00:00,2026-10-05T00:20:00+00:00,2026,4,2026_04_DET_CAR,CAR,DET,moneyline,espn,Draft Kings,401872978,home,,154,away,,-185
2026-10-01T22:33:25.701844+00:00,2026-10-05T00:20:00+00:00,2026,4,2026_04_DET_CAR,CAR,DET,spread,espn,Draft Kings,401872978,home,3.5,-110,away,-3.5,-110
2026-10-01T22:33:25.701844+00:00,2026-10-05T00:20:00+00:00,2026,4,2026_04_DET_CAR,CAR,DET,total,espn,Draft Kings,401872978,over,50.5,-110,under,50.5,-110
2026-10-01T22:33:25.701844+00:00,2026-10-04T17:00:00+00:00,2026,4,2026_04_GB_TB,TB,GB,moneyline,espn,Draft Kings,401872968,home,,150,away,,-180
2026-10-01T22:33:25.701844+00:00,2026-10-04T17:00:00+00:00,2026,4,2026_04_GB_TB,TB,GB,spread,espn,Draft Kings,401872968,home,3.5,-110,away,-3.5,-110
2026-10-01T22:33:25.701844+00:00,2026-10-04T17:00:00+00:00,2026,4,2026_04_GB_TB,TB,GB,total,espn,Draft Kings,401872968,over,38.5,-110,under,38.5,-110
2026-10-01T22:33:25.701844+00:00,2026-10-04T13:30:00+00:00,2026,4,2026_04_IND_WAS,WAS,IND,moneyline,espn,Draft Kings,401872965,home,,160,away,,-192
2026-10-01T22:33:25.701844+00:00,2026-10-04T13:30:00+00:00,2026,4,2026_04_IND_WAS,WAS,IND,spread,espn,Draft Kings,401872965,home,3.5,-110,away,-3.5,-110
2026-10-01T22:33:25.701844+00:00,2026-10-04T13:30:00+00:00,2026,4,2026_04_IND_WAS,WAS,IND,total,espn,Draft Kings,401872965,over,48.5,-110,under,48.5,-110
2026-10-01T22:33:25.701844+00:00,2026-10-04T17:00:00+00:00,2026,4,2026_04_JAX_CIN,CIN,JAX,moneyline,espn,Draft Kings,401872969,home,,-142,away,,120
2026-10-01T22:33:25.701844+00:00,2026-10-04T17:00:00+00:00,2026,4,2026_04_JAX_CIN,CIN,JAX,spread,espn,Draft Kings,401872969,home,-2.5,-110,away,2.5,-110
2026-10-01T22:33:25.701844+00:00,2026-10-04T17:00:00+00:00,2026,4,2026_04_JAX_CIN,CIN,JAX,total,espn,Draft Kings,401872969,over,51.5,-110,under,51.5,-110
2026-10-01T22:33:25.701844+00:00,2026-10-04T20:25:00+00:00,2026,4,2026_04_KC_LV,LV,KC,moneyline,espn,Draft Kings,401872976,home,,180,away,,-218
2026-10-01T22:33:25.701844+00:00,2026-10-04T20:25:00+00:00,2026,4,2026_04_KC_LV,LV,KC,spread,espn,Draft Kings,401872976,home,4.5,-110,away,-4.5,-110
2026-10-01T22:33:25.701844+00:00,2026-10-04T20:25:00+00:00,2026,4,2026_04_KC_LV,LV,KC,total,espn,Draft Kings,401872976,over,47.5,-110,under,47.5,-110
2026-10-01T22:33:25.701844+00:00,2026-10-04T20:25:00+00:00,2026,4,2026_04_LAC_SEA,SEA,LAC,moneyline,espn,Draft Kings,401872977,home,,-380,away,,300
2026-10-01T22:33:25.701844+00:00,2026-10-04T20:25:00+00:00,2026,4,2026_04_LAC_SEA,SEA,LAC,spread,espn,Draft Kings,401872977,home,-7.0,-110,away,7.0,-110
2026-10-01T22:33:25.701844+00:00,2026-10-04T20:25:00+00:00,2026,4,2026_04_LAC_SEA,SEA,LAC,total,espn,Draft Kings,401872977,over,42.5,-110,under,42.5,-110
2026-10-01T22:33:25.701844+00:00,2026-10-04T17:00:00+00:00,2026,4,2026_04_LA_PHI,PHI,LA,moneyline,espn,Draft Kings,401872970,home,,142,away,,-170
2026-10-01T22:33:25.701844+00:00,2026-10-04T17:00:00+00:00,2026,4,2026_04_LA_PHI,PHI,LA,spread,espn,Draft Kings,401872970,home,3.5,-110,away,-3.5,-110
2026-10-01T22:33:25.701844+00:00,2026-10-04T17:00:00+00:00,2026,4,2026_04_LA_PHI,PHI,LA,total,espn,Draft Kings,401872970,over,43.5,-110,under,43.5,-110
2026-10-01T22:33:25.701844+00:00,2026-10-04T20:05:00+00:00,2026,4,2026_04_MIA_MIN,MIN,MIA,moneyline,espn,Draft Kings,401872974,home,,-625,away,,455
2026-10-01T22:33:25.701844+00:00,2026-10-04T20:05:00+00:00,2026,4,2026_04_MIA_MIN,MIN,MIA,spread,espn,Draft Kings,401872974,home,-10.5,-110,away,10.5,-110
2026-10-01T22:33:25.701844+00:00,2026-10-04T20:05:00+00:00,2026,4,2026_04_MIA_MIN,MIN,MIA,total,espn,Draft Kings,401872974,over,38.5,-110,under,38.5,-110
2026-10-01T22:33:25.701844+00:00,2026-10-04T17:00:00+00:00,2026,4,2026_04_NE_BUF,BUF,NE,moneyline,espn,Draft Kings,401872971,home,,-305,away,,245
2026-10-01T22:33:25.701844+00:00,2026-10-04T17:00:00+00:00,2026,4,2026_04_NE_BUF,BUF,NE,spread,espn,Draft Kings,401872971,home,-7.0,-110,away,7.0,-110
2026-10-01T22:33:25.701844+00:00,2026-10-04T17:00:00+00:00,2026,4,2026_04_NE_BUF,BUF,NE,total,espn,Draft Kings,401872971,over,48.5,-110,under,48.5,-110
2026-10-01T22:33:25.701844+00:00,2026-10-04T17:00:00+00:00,2026,4,2026_04_NYJ_CHI,CHI,NYJ,moneyline,espn,Draft Kings,401872972,home,,-175,away,,145
2026-10-01T22:33:25.701844+00:00,2026-10-04T17:00:00+00:00,2026,4,2026_04_NYJ_CHI,CHI,NYJ,spread,espn,Draft Kings,401872972,home,-3.5,-110,away,3.5,-110
2026-10-01T22:33:25.701844+00:00,2026-10-04T17:00:00+00:00,2026,4,2026_04_NYJ_CHI,CHI,NYJ,total,espn,Draft Kings,401872972,over,43.5,-110,under,43.5,-110
2026-10-01T22:33:25.701844+00:00,2026-10-02T00:15:00+00:00,2026,4,2026_04_PIT_CLE,CLE,PIT,moneyline,espn,Draft Kings,401872964,home,,124,away,,-148
2026-10-01T22:33:25.701844+00:00,2026-10-02T00:15:00+00:00,2026,4,2026_04_PIT_CLE,CLE,PIT,spread,espn,Draft Kings,401872964,home,2.5,-110,away,-2.5,-110
2026-10-01T22:33:25.701844+00:00,2026-10-02T00:15:00+00:00,2026,4,2026_04_PIT_CLE,CLE,PIT,total,espn,Draft Kings,401872964,over,38.5,-110,under,38.5,-110
2026-10-01T22:33:25.701844+00:00,2026-10-04T17:00:00+00:00,2026,4,2026_04_TEN_BAL,BAL,TEN,moneyline,espn,Draft Kings,401872973,home,,-650,away,,470
2026-10-01T22:33:25.701844+00:00,2026-10-04T17:00:00+00:00,2026,4,2026_04_TEN_BAL,BAL,TEN,spread,espn,Draft Kings,401872973,home,-11.5,-110,away,11.5,-110
2026-10-01T22:33:25.701844+00:00,2026-10-04T17:00:00+00:00,2026,4,2026_04_TEN_BAL,BAL,TEN,total,espn,Draft Kings,401872973,over,42.5,-110,under,42.5,-110
2026-10-01T22:36:56.666122+00:00,2026-10-04T17:00:00+00:00,2026,4,2026_04_ARI_NYG,NYG,ARI,moneyline,espn,Draft Kings,401872966,home,,120,away,,-142
2026-10-01T22:36:56.666122+00:00,2026-10-04T17:00:00+00:00,2026,4,2026_04_ARI_NYG,NYG,ARI,spread,espn,Draft Kings,401872966,home,2.5,-110,away,-2.5,-110
2026-10-01T22:36:56.666122+00:00,2026-10-04T17:00:00+00:00,2026,4,2026_04_ARI_NYG,NYG,ARI,total,espn,Draft Kings,401872966,over,44.5,-110,under,44.5,-110
2026-10-01T22:36:56.666122+00:00,2026-10-06T00:15:00+00:00,2026,4,2026_04_ATL_NO,NO,ATL,moneyline,espn,Draft Kings,401872979,home,,-148,away,,124
2026-10-01T22:36:56.666122+00:00,2026-10-06T00:15:00+00:00,2026,4,2026_04_ATL_NO,NO,ATL,spread,espn,Draft Kings,401872979,home,-2.5,-110,away,2.5,-110
2026-10-01T22:36:56.666122+00:00,2026-10-06T00:15:00+00:00,2026,4,2026_04_ATL_NO,NO,ATL,total,espn,Draft Kings,401872979,over,47.5,-110,under,47.5,-110
2026-10-01T22:36:56.666122+00:00,2026-10-04T17:00:00+00:00,2026,4,2026_04_DAL_HOU,HOU,DAL,moneyline,espn,Draft Kings,401872967,home,,-162,away,,136
2026-10-01T22:36:56.666122+00:00,2026-10-04T17:00:00+00:00,2026,4,2026_04_DAL_HOU,HOU,DAL,spread,espn,Draft Kings,401872967,home,-3.0,-110,away,3.0,-110
2026-10-01T22:36:56.666122+00:00,2026-10-04T17:00:00+00:00,2026,4,2026_04_DAL_HOU,HOU,DAL,total,espn,Draft Kings,401872967,over,48.5,-110,under,48.5,-110
2026-10-01T22:36:56.666122+00:00,2026-10-04T20:25:00+00:00,2026,4,2026_04_DEN_SF,SF,DEN,moneyline,espn,Draft Kings,401872975,home,,-148,away,,124
2026-10-01T22:36:56.666122+00:00,2026-10-04T20:25:00+00:00,2026,4,2026_04_DEN_SF,SF,DEN,spread,espn,Draft Kings,401872975,home,-3.0,-110,away,3.0,-110
2026-10-01T22:36:56.666122+00:00,2026-10-04T20:25:00+00:00,2026,4,2026_04_DEN_SF,SF,DEN,total,espn,Draft Kings,401872975,over,47.5,-110,under,47.5,-110
2026-10-01T22:36:56.666122+00:00,2026-10-05T00:20:00+00:00,2026,4,2026_04_DET_CAR,CAR,DET,moneyline,espn,Draft Kings,401872978,home,,154,away,,-185
2026-10-01T22:36:56.666122+00:00,2026-10-05T00:20:00+00:00,2026,4,2026_04_DET_CAR,CAR,DET,spread,espn,Draft Kings,401872978,home,3.5,-110,away,-3.5,-110
2026-10-01T22:36:56.666122+00:00,2026-10-05T00:20:00+00:00,2026,4,2026_04_DET_CAR,CAR,DET,total,espn,Draft Kings,401872978,over,50.5,-110,under,50.5,-110
2026-10-01T22:36:56.666122+00:00,2026-10-04T17:00:00+00:00,2026,4,2026_04_GB_TB,TB,GB,moneyline,espn,Draft Kings,401872968,home,,150,away,,-180
2026-10-01T22:36:56.666122+00:00,2026-10-04T17:00:00+00:00,2026,4,2026_04_GB_TB,TB,GB,spread,espn,Draft Kings,401872968,home,3.5,-110,away,-3.5,-110
2026-10-01T22:36:56.666122+00:00,2026-10-04T17:00:00+00:00,2026,4,2026_04_GB_TB,TB,GB,total,espn,Draft Kings,401872968,over,38.5,-110,under,38.5,-110
2026-10-01T22:36:56.666122+00:00,2026-10-04T13:30:00+00:00,2026,4,2026_04_IND_WAS,WAS,IND,moneyline,espn,Draft Kings,401872965,home,,160,away,,-192
2026-10-01T22:36:56.666122+00:00,2026-10-04T13:30:00+00:00,2026,4,2026_04_IND_WAS,WAS,IND,spread,espn,Draft Kings,401872965,home,3.5,-110,away,-3.5,-110
2026-10-01T22:36:56.666122+00:00,2026-10-04T13:30:00+00:00,2026,4,2026_04_IND_WAS,WAS,IND,total,espn,Draft Kings,401872965,over,48.5,-110,under,48.5,-110
2026-10-01T22:36:56.666122+00:00,2026-10-04T17:00:00+00:00,2026,4,2026_04_JAX_CIN,CIN,JAX,moneyline,espn,Draft Kings,401872969,home,,-142,away,,120
2026-10-01T22:36:56.666122+00:00,2026-10-04T17:00:00+00:00,2026,4,2026_04_JAX_CIN,CIN,JAX,spread,espn,Draft Kings,401872969,home,-2.5,-110,away,2.5,-110
2026-10-01T22:36:56.666122+00:00,2026-10-04T17:00:00+00:00,2026,4,2026_04_JAX_CIN,CIN,JAX,total,espn,Draft Kings,401872969,over,51.5,-110,under,51.5,-110
2026-10-01T22:36:56.666122+00:00,2026-10-04T20:25:00+00:00,2026,4,2026_04_KC_LV,LV,KC,moneyline,espn,Draft Kings,401872976,home,,180,away,,-218
2026-10-01T22:36:56.666122+00:00,2026-10-04T20:25:00+00:00,2026,4,2026_04_KC_LV,LV,KC,spread,espn,Draft Kings,401872976,home,4.5,-110,away,-4.5,-110
2026-10-01T22:36:56.666122+00:00,2026-10-04T20:25:00+00:00,2026,4,2026_04_KC_LV,LV,KC,total,espn,Draft Kings,401872976,over,47.5,-110,under,47.5,-110
2026-10-01T22:36:56.666122+00:00,2026-10-04T20:25:00+00:00,2026,4,2026_04_LAC_SEA,SEA,LAC,moneyline,espn,Draft Kings,401872977,home,,-380,away,,300
2026-10-01T22:36:56.666122+00:00,2026-10-04T20:25:00+00:00,2026,4,2026_04_LAC_SEA,SEA,LAC,spread,espn,Draft Kings,401872977,home,-7.0,-110,away,7.0,-110
2026-10-01T22:36:56.666122+00:00,2026-10-04T20:25:00+00:00,2026,4,2026_04_LAC_SEA,SEA,LAC,total,espn,Draft Kings,401872977,over,42.5,-110,under,42.5,-110
2026-10-01T22:36:56.666122+00:00,2026-10-04T17:00:00+00:00,2026,4,2026_04_LA_PHI,PHI,LA,moneyline,espn,Draft Kings,401872970,home,,142,away,,-170
2026-10-01T22:36:56.666122+00:00,2026-10-04T17:00:00+00:00,2026,4,2026_04_LA_PHI,PHI,LA,spread,espn,Draft Kings,401872970,home,3.5,-110,away,-3.5,-110
2026-10-01T22:36:56.666122+00:00,2026-10-04T17:00:00+00:00,2026,4,2026_04_LA_PHI,PHI,LA,total,espn,Draft Kings,401872970,over,43.5,-110,under,43.5,-110
2026-10-01T22:36:56.666122+00:00,2026-10-04T20:05:00+00:00,2026,4,2026_04_MIA_MIN,MIN,MIA,moneyline,espn,Draft Kings,401872974,home,,-625,away,,455
2026-10-01T22:36:56.666122+00:00,2026-10-04T20:05:00+00:00,2026,4,2026_04_MIA_MIN,MIN,MIA,spread,espn,Draft Kings,401872974,home,-10.5,-110,away,10.5,-110
2026-10-01T22:36:56.666122+00:00,2026-10-04T20:05:00+00:00,2026,4,2026_04_MIA_MIN,MIN,MIA,total,espn,Draft Kings,401872974,over,38.5,-110,under,38.5,-110
2026-10-01T22:36:56.666122+00:00,2026-10-04T17:00:00+00:00,2026,4,2026_04_NE_BUF,BUF,NE,moneyline,espn,Draft Kings,401872971,home,,-305,away,,245
2026-10-01T22:36:56.666122+00:00,2026-10-04T17:00:00+00:00,2026,4,2026_04_NE_BUF,BUF,NE,spread,espn,Draft Kings,401872971,home,-7.0,-110,away,7.0,-110
2026-10-01T22:36:56.666122+00:00,2026-10-04T17:00:00+00:00,2026,4,2026_04_NE_BUF,BUF,NE,total,espn,Draft Kings,401872971,over,48.5,-110,under,48.5,-110
2026-10-01T22:36:56.666122+00:00,2026-10-04T17:00:00+00:00,2026,4,2026_04_NYJ_CHI,CHI,NYJ,moneyline,espn,Draft Kings,401872972,home,,-175,away,,145
2026-10-01T22:36:56.666122+00:00,2026-10-04T17:00:00+00:00,2026,4,2026_04_NYJ_CHI,CHI,NYJ,spread,espn,Draft Kings,401872972,home,-3.5,-110,away,3.5,-110
2026-10-01T22:36:56.666122+00:00,2026-10-04T17:00:00+00:00,2026,4,2026_04_NYJ_CHI,CHI,NYJ,total,espn,Draft Kings,401872972,over,43.5,-110,under,43.5,-110
2026-10-01T22:36:56.666122+00:00,2026-10-02T00:15:00+00:00,2026,4,2026_04_PIT_CLE,CLE,PIT,moneyline,espn,Draft Kings,401872964,home,,124,away,,-148
2026-10-01T22:36:56.666122+00:00,2026-10-02T00:15:00+00:00,2026,4,2026_04_PIT_CLE,CLE,PIT,spread,espn,Draft Kings,401872964,home,2.5,-110,away,-2.5,-110
2026-10-01T22:36:56.666122+00:00,2026-10-02T00:15:00+00:00,2026,4,2026_04_PIT_CLE,CLE,PIT,total,espn,Draft Kings,401872964,over,38.5,-110,under,38.5,-110
2026-10-01T22:36:56.666122+00:00,2026-10-04T17:00:00+00:00,2026,4,2026_04_TEN_BAL,BAL,TEN,moneyline,espn,Draft Kings,401872973,home,,-650,away,,470
2026-10-01T22:36:56.666122+00:00,2026-10-04T17:00:00+00:00,2026,4,2026_04_TEN_BAL,BAL,TEN,spread,espn,Draft Kings,401872973,home,-11.5,-110,away,11.5,-110
2026-10-01T22:36:56.666122+00:00,2026-10-04T17:00:00+00:00,2026,4,2026_04_TEN_BAL,BAL,TEN,total,espn,Draft Kings,401872973,over,42.5,-110,under,42.5,-110
