decision_at,game_id,season,week,date,kickoff,away_team,home_team,model_margin_home,model_total,calibrated_home_probability,quant_signal,quant_market,quant_side,quant_book,quant_price,quant_odds,quant_quote_at,quant_probability,quant_ev,quant_edge,market_book_count,paper_stake_units,bankroll_adjusted_units,portfolio_candidate_units,portfolio_stake_units,execution_ready,portfolio_action,portfolio_limit_reason,decision_signature
2026-10-01T16:14:42.864879+00:00,2026_04_GB_TB,2026,4,2026-10-04,2026-10-04T17:00:00+00:00,GB,TB,1.9926173402685237,47.37750189377438,0.5651841003515424,STRONG,total,over,Draft Kings,38.5,-110,2026-10-01T16:14:03.466644+00:00,0.7467518178574132,0.425617106818698,0.24675181785741318,1,0.093636,0.093636,0.093636,0.0,True,PAPER,,"{""execution_ready"":true,""portfolio_action"":""PAPER"",""portfolio_candidate_units"":0.093636,""portfolio_stake_units"":0.0,""quant_book"":""Draft Kings"",""quant_market"":""total"",""quant_odds"":-110,""quant_price"":38.5,""quant_quote_at"":""2026-10-01T16:14:03.466644+00:00"",""quant_side"":""over""}"
2026-10-01T16:14:42.864879+00:00,2026_04_GB_TB,2026,4,2026-10-04,2026-10-04T17:00:00+00:00,GB,TB,1.9926173402685237,47.37750189377438,0.5651841003515424,STRONG,moneyline,home,Draft Kings,,150,2026-10-01T16:14:03.466644+00:00,0.5651841003515424,0.4129602508788561,0.1816224565159259,1,0.055061,0.055061,0.055061,0.0,True,PAPER,,"{""execution_ready"":true,""portfolio_action"":""PAPER"",""portfolio_candidate_units"":0.055061,""portfolio_stake_units"":0.0,""quant_book"":""Draft Kings"",""quant_market"":""moneyline"",""quant_odds"":150,""quant_price"":null,""quant_quote_at"":""2026-10-01T16:14:03.466644+00:00"",""quant_side"":""home""}"
2026-10-01T16:14:42.864879+00:00,2026_04_GB_TB,2026,4,2026-10-04,2026-10-04T17:00:00+00:00,GB,TB,1.9926173402685237,47.37750189377438,0.5651841003515424,STRONG,spread,home,Draft Kings,3.5,-110,2026-10-01T16:14:03.466644+00:00,0.6675457383729115,0.2744055005301038,0.16754573837291153,1,0.060369,0.060369,0.060369,0.0,True,PAPER,,"{""execution_ready"":true,""portfolio_action"":""PAPER"",""portfolio_candidate_units"":0.060369,""portfolio_stake_units"":0.0,""quant_book"":""Draft Kings"",""quant_market"":""spread"",""quant_odds"":-110,""quant_price"":3.5,""quant_quote_at"":""2026-10-01T16:14:03.466644+00:00"",""quant_side"":""home""}"
2026-10-01T16:14:42.864879+00:00,2026_04_TEN_BAL,2026,4,2026-10-04,2026-10-04T17:00:00+00:00,TEN,BAL,5.938404947615247,45.23923850810724,0.6798969899880194,STRONG,spread,away,Draft Kings,11.5,-110,2026-10-01T16:14:03.466644+00:00,0.6614824044972013,0.2628300449492025,0.1614824044972013,1,0.057823,0.057823,0.057823,0.0,True,PAPER,,"{""execution_ready"":true,""portfolio_action"":""PAPER"",""portfolio_candidate_units"":0.057823,""portfolio_stake_units"":0.0,""quant_book"":""Draft Kings"",""quant_market"":""spread"",""quant_odds"":-110,""quant_price"":11.5,""quant_quote_at"":""2026-10-01T16:14:03.466644+00:00"",""quant_side"":""away""}"
2026-10-01T16:14:42.864879+00:00,2026_04_JAX_CIN,2026,4,2026-10-04,2026-10-04T17:00:00+00:00,JAX,CIN,-2.8415076094530036,46.76635151596055,0.4178336954687317,STRONG,spread,away,Draft Kings,2.5,-110,2026-10-01T16:14:03.466644+00:00,0.6552728440243947,0.25097542950111706,0.15527284402439467,1,0.055215,0.055215,0.055215,0.0,True,PAPER,,"{""execution_ready"":true,""portfolio_action"":""PAPER"",""portfolio_candidate_units"":0.055215,""portfolio_stake_units"":0.0,""quant_book"":""Draft Kings"",""quant_market"":""spread"",""quant_odds"":-110,""quant_price"":2.5,""quant_quote_at"":""2026-10-01T16:14:03.466644+00:00"",""quant_side"":""away""}"
2026-10-01T16:30:55.935962+00:00,2026_04_GB_TB,2026,4,2026-10-04,2026-10-04T17:00:00+00:00,GB,TB,1.9926173402685237,47.37750189377438,0.5651841003515424,STRONG,total,over,Draft Kings,38.5,-110,2026-10-01T16:30:37.057730+00:00,0.7467518178574132,0.425617106818698,0.24675181785741318,1,0.093636,0.093636,0.093636,0.0,True,PAPER,,"{""execution_ready"":true,""portfolio_action"":""PAPER"",""portfolio_candidate_units"":0.093636,""portfolio_stake_units"":0.0,""quant_book"":""Draft Kings"",""quant_market"":""total"",""quant_odds"":-110,""quant_price"":38.5,""quant_quote_at"":""2026-10-01T16:30:37.057730+00:00"",""quant_side"":""over""}"
2026-10-01T16:30:55.935962+00:00,2026_04_GB_TB,2026,4,2026-10-04,2026-10-04T17:00:00+00:00,GB,TB,1.9926173402685237,47.37750189377438,0.5651841003515424,STRONG,moneyline,home,Draft Kings,,150,2026-10-01T16:30:37.057730+00:00,0.5651841003515424,0.4129602508788561,0.1816224565159259,1,0.055061,0.055061,0.055061,0.0,True,PAPER,,"{""execution_ready"":true,""portfolio_action"":""PAPER"",""portfolio_candidate_units"":0.055061,""portfolio_stake_units"":0.0,""quant_book"":""Draft Kings"",""quant_market"":""moneyline"",""quant_odds"":150,""quant_price"":null,""quant_quote_at"":""2026-10-01T16:30:37.057730+00:00"",""quant_side"":""home""}"
2026-10-01T16:30:55.935962+00:00,2026_04_GB_TB,2026,4,2026-10-04,2026-10-04T17:00:00+00:00,GB,TB,1.9926173402685237,47.37750189377438,0.5651841003515424,STRONG,spread,home,Draft Kings,3.5,-110,2026-10-01T16:30:37.057730+00:00,0.6675457383729115,0.2744055005301038,0.16754573837291153,1,0.060369,0.060369,0.060369,0.0,True,PAPER,,"{""execution_ready"":true,""portfolio_action"":""PAPER"",""portfolio_candidate_units"":0.060369,""portfolio_stake_units"":0.0,""quant_book"":""Draft Kings"",""quant_market"":""spread"",""quant_odds"":-110,""quant_price"":3.5,""quant_quote_at"":""2026-10-01T16:30:37.057730+00:00"",""quant_side"":""home""}"
2026-10-01T16:30:55.935962+00:00,2026_04_TEN_BAL,2026,4,2026-10-04,2026-10-04T17:00:00+00:00,TEN,BAL,5.938404947615247,45.23923850810724,0.6798969899880194,STRONG,spread,away,Draft Kings,11.5,-110,2026-10-01T16:30:37.057730+00:00,0.6614824044972013,0.2628300449492025,0.1614824044972013,1,0.057823,0.057823,0.057823,0.0,True,PAPER,,"{""execution_ready"":true,""portfolio_action"":""PAPER"",""portfolio_candidate_units"":0.057823,""portfolio_stake_units"":0.0,""quant_book"":""Draft Kings"",""quant_market"":""spread"",""quant_odds"":-110,""quant_price"":11.5,""quant_quote_at"":""2026-10-01T16:30:37.057730+00:00"",""quant_side"":""away""}"
2026-10-01T16:30:55.935962+00:00,2026_04_JAX_CIN,2026,4,2026-10-04,2026-10-04T17:00:00+00:00,JAX,CIN,-2.8415076094530036,46.76635151596055,0.4178336954687317,STRONG,spread,away,Draft Kings,2.5,-110,2026-10-01T16:30:37.057730+00:00,0.6552728440243947,0.25097542950111706,0.15527284402439467,1,0.055215,0.055215,0.055215,0.0,True,PAPER,,"{""execution_ready"":true,""portfolio_action"":""PAPER"",""portfolio_candidate_units"":0.055215,""portfolio_stake_units"":0.0,""quant_book"":""Draft Kings"",""quant_market"":""spread"",""quant_odds"":-110,""quant_price"":2.5,""quant_quote_at"":""2026-10-01T16:30:37.057730+00:00"",""quant_side"":""away""}"
2026-10-01T17:25:43.762431+00:00,2026_04_GB_TB,2026,4,2026-10-04,2026-10-04T17:00:00+00:00,GB,TB,1.992617340268506,47.37750189377438,0.5651841003515411,STRONG,total,over,Draft Kings,38.5,-110,2026-10-01T17:25:04.172084+00:00,0.7467518178574141,0.4256171068186996,0.24675181785741407,1,0.093636,0.093636,0.093636,0.0,True,PAPER,,"{""execution_ready"":true,""portfolio_action"":""PAPER"",""portfolio_candidate_units"":0.093636,""portfolio_stake_units"":0.0,""quant_book"":""Draft Kings"",""quant_market"":""total"",""quant_odds"":-110,""quant_price"":38.5,""quant_quote_at"":""2026-10-01T17:25:04.172084+00:00"",""quant_side"":""over""}"
2026-10-01T17:25:43.762431+00:00,2026_04_GB_TB,2026,4,2026-10-04,2026-10-04T17:00:00+00:00,GB,TB,1.992617340268506,47.37750189377438,0.5651841003515411,STRONG,moneyline,home,Draft Kings,,150,2026-10-01T17:25:04.172084+00:00,0.5651841003515411,0.4129602508788528,0.18162245651592457,1,0.055061,0.055061,0.055061,0.0,True,PAPER,,"{""execution_ready"":true,""portfolio_action"":""PAPER"",""portfolio_candidate_units"":0.055061,""portfolio_stake_units"":0.0,""quant_book"":""Draft Kings"",""quant_market"":""moneyline"",""quant_odds"":150,""quant_price"":null,""quant_quote_at"":""2026-10-01T17:25:04.172084+00:00"",""quant_side"":""home""}"
2026-10-01T17:25:43.762431+00:00,2026_04_GB_TB,2026,4,2026-10-04,2026-10-04T17:00:00+00:00,GB,TB,1.992617340268506,47.37750189377438,0.5651841003515411,STRONG,spread,home,Draft Kings,3.5,-110,2026-10-01T17:25:04.172084+00:00,0.6675457383729102,0.2744055005301014,0.1675457383729102,1,0.060369,0.060369,0.060369,0.0,True,PAPER,,"{""execution_ready"":true,""portfolio_action"":""PAPER"",""portfolio_candidate_units"":0.060369,""portfolio_stake_units"":0.0,""quant_book"":""Draft Kings"",""quant_market"":""spread"",""quant_odds"":-110,""quant_price"":3.5,""quant_quote_at"":""2026-10-01T17:25:04.172084+00:00"",""quant_side"":""home""}"
2026-10-01T17:25:43.762431+00:00,2026_04_TEN_BAL,2026,4,2026-10-04,2026-10-04T17:00:00+00:00,TEN,BAL,5.938404947615233,45.239238508107256,0.6798969899880182,STRONG,spread,away,Draft Kings,11.5,-110,2026-10-01T17:25:04.172084+00:00,0.6614824044972025,0.2628300449492049,0.16148240449720253,1,0.057823,0.057823,0.057823,0.0,True,PAPER,,"{""execution_ready"":true,""portfolio_action"":""PAPER"",""portfolio_candidate_units"":0.057823,""portfolio_stake_units"":0.0,""quant_book"":""Draft Kings"",""quant_market"":""spread"",""quant_odds"":-110,""quant_price"":11.5,""quant_quote_at"":""2026-10-01T17:25:04.172084+00:00"",""quant_side"":""away""}"
2026-10-01T17:25:43.762431+00:00,2026_04_JAX_CIN,2026,4,2026-10-04,2026-10-04T17:00:00+00:00,JAX,CIN,-2.841507609453025,46.76635151596055,0.4178336954687303,STRONG,spread,away,Draft Kings,2.5,-110,2026-10-01T17:25:04.172084+00:00,0.655272844024396,0.25097542950111973,0.155272844024396,1,0.055215,0.055215,0.055215,0.0,True,PAPER,,"{""execution_ready"":true,""portfolio_action"":""PAPER"",""portfolio_candidate_units"":0.055215,""portfolio_stake_units"":0.0,""quant_book"":""Draft Kings"",""quant_market"":""spread"",""quant_odds"":-110,""quant_price"":2.5,""quant_quote_at"":""2026-10-01T17:25:04.172084+00:00"",""quant_side"":""away""}"
