ledger_version,spec_version,captured_at,kickoff,season,week,game_id,home_team,away_team,baseline_home_margin,baseline_total,baseline_gaussian_home_win_probability,shadow_logistic_home_win_probability,baseline_total_mean,baseline_total_sigma,shadow_total_mean,shadow_total_sigma,margin_scale,total_scale,logistic_alpha,training_seasons,release_state
1,stage23_nested_probability_v1,2026-10-02T00:52:55.270919+00:00,2026-10-04T17:00:00+00:00,2026,4,2026_04_ARI_NYG,NYG,ARI,1.608376427804533,44.29253257939179,0.5604939901482133,0.5428224934080554,44.13143521545049,13.514868934912649,44.13143521545049,12.163382041421384,1.0,0.9,0.0,2021;2022;2023;2024;2025,SHADOW
1,stage23_nested_probability_v1,2026-10-02T00:52:55.270919+00:00,2026-10-06T00:15:00+00:00,2026,4,2026_04_ATL_NO,NO,ATL,2.4522740125933034,44.858118261819186,0.5854631381999319,0.572990191873502,44.697020897877884,13.514868934912649,44.697020897877884,12.163382041421384,1.0,0.9,0.0,2021;2022;2023;2024;2025,SHADOW
1,stage23_nested_probability_v1,2026-10-02T00:52:55.270919+00:00,2026-10-04T17:00:00+00:00,2026,4,2026_04_DAL_HOU,HOU,DAL,0.5837540004300372,47.84290949884729,0.5298604388250067,0.5057891371761871,47.68181213490599,13.514868934912649,47.68181213490599,12.163382041421384,1.0,0.9,0.0,2021;2022;2023;2024;2025,SHADOW
1,stage23_nested_probability_v1,2026-10-02T00:52:55.270919+00:00,2026-10-04T20:25:00+00:00,2026,4,2026_04_DEN_SF,SF,DEN,4.518675117794697,46.01551662557007,0.6449752150641059,0.6442033520108366,45.85441926162877,13.514868934912649,45.85441926162877,12.163382041421384,1.0,0.9,0.0,2021;2022;2023;2024;2025,SHADOW
1,stage23_nested_probability_v1,2026-10-02T00:52:55.270919+00:00,2026-10-05T00:20:00+00:00,2026,4,2026_04_DET_CAR,CAR,DET,0.7354271501135159,52.64730618734814,0.5344106892665081,0.5112849941968932,52.48620882340684,13.514868934912649,52.48620882340684,12.163382041421384,1.0,0.9,0.0,2021;2022;2023;2024;2025,SHADOW
1,stage23_nested_probability_v1,2026-10-02T00:52:55.270919+00:00,2026-10-04T17:00:00+00:00,2026,4,2026_04_GB_TB,TB,GB,1.9926173402685237,47.37750189377438,0.571898966620389,0.5566109981894461,47.21640452983308,13.514868934912649,47.21640452983308,12.163382041421384,1.0,0.9,0.0,2021;2022;2023;2024;2025,SHADOW
1,stage23_nested_probability_v1,2026-10-02T00:52:55.270919+00:00,2026-10-04T13:30:00+00:00,2026,4,2026_04_IND_WAS,WAS,IND,0.17072835016495702,51.29384457545478,0.5174514624420227,0.49081998124287646,51.132747211513475,13.514868934912649,51.132747211513475,12.163382041421384,1.0,0.9,0.0,2021;2022;2023;2024;2025,SHADOW
1,stage23_nested_probability_v1,2026-10-02T00:52:55.270919+00:00,2026-10-04T17:00:00+00:00,2026,4,2026_04_JAX_CIN,CIN,JAX,-2.8415076094530036,46.76635151596055,0.42720281341265454,0.38380050988659775,46.60525415201925,13.514868934912649,46.60525415201925,12.163382041421384,1.0,0.9,0.0,2021;2022;2023;2024;2025,SHADOW
1,stage23_nested_probability_v1,2026-10-02T00:52:55.270919+00:00,2026-10-04T20:25:00+00:00,2026,4,2026_04_KC_LV,LV,KC,-0.9783600562962462,44.91728003664006,0.4828767595001009,0.4493437088845895,44.756182672698756,13.514868934912649,44.756182672698756,12.163382041421384,1.0,0.9,0.0,2021;2022;2023;2024;2025,SHADOW
1,stage23_nested_probability_v1,2026-10-02T00:52:55.270919+00:00,2026-10-04T20:25:00+00:00,2026,4,2026_04_LAC_SEA,SEA,LAC,6.750172222828574,42.55184865308636,0.7054514844769132,0.7144681226174461,42.39075128914506,13.514868934912649,42.39075128914506,12.163382041421384,1.0,0.9,0.0,2021;2022;2023;2024;2025,SHADOW
1,stage23_nested_probability_v1,2026-10-02T00:52:55.270919+00:00,2026-10-04T17:00:00+00:00,2026,4,2026_04_LA_PHI,PHI,LA,-1.0561875055627397,43.778554598406224,0.48053675707851606,0.44655336960506403,43.61745723446492,13.514868934912649,43.61745723446492,12.163382041421384,1.0,0.9,0.0,2021;2022;2023;2024;2025,SHADOW
1,stage23_nested_probability_v1,2026-10-02T00:52:55.270919+00:00,2026-10-04T20:05:00+00:00,2026,4,2026_04_MIA_MIN,MIN,MIA,7.486330036665404,41.39207398502428,0.7243069935147273,0.7357345365571927,41.23097662108298,13.514868934912649,41.23097662108298,12.163382041421384,1.0,0.9,0.0,2021;2022;2023;2024;2025,SHADOW
1,stage23_nested_probability_v1,2026-10-02T00:52:55.270919+00:00,2026-10-04T17:00:00+00:00,2026,4,2026_04_NE_BUF,BUF,NE,2.7389959834904367,46.24607378141934,0.5938738664665776,0.583128970621604,46.08497641747804,13.514868934912649,46.08497641747804,12.163382041421384,1.0,0.9,0.0,2021;2022;2023;2024;2025,SHADOW
1,stage23_nested_probability_v1,2026-10-02T00:52:55.270919+00:00,2026-10-04T17:00:00+00:00,2026,4,2026_04_NYJ_CHI,CHI,NYJ,5.941524592418702,45.906828070648544,0.684079244696638,0.6899625818783864,45.74573070670724,13.514868934912649,45.74573070670724,12.163382041421384,1.0,0.9,0.0,2021;2022;2023;2024;2025,SHADOW
1,stage23_nested_probability_v1,2026-10-02T00:52:55.270919+00:00,2026-10-04T17:00:00+00:00,2026,4,2026_04_TEN_BAL,BAL,TEN,5.938404947615247,45.23923850810724,0.6839955265155321,0.6898658209949865,45.07814114416594,13.514868934912649,45.07814114416594,12.163382041421384,1.0,0.9,0.0,2021;2022;2023;2024;2025,SHADOW
