ledger_version,spec_version,captured_at,kickoff,season,week,game_id,home_team,away_team,baseline_total,qb_total_shadow_total,qb_total_shadow_correction,qb_total_feature_set,qb_total_ridge_alpha,qb_prior_dropbacks,training_seasons,qb_total_release_state
1,stage15_fixed_quality_v1,2026-10-01T22:33:17.320464+00:00,2026-10-04T17:00:00+00:00,2026,4,2026_04_ARI_NYG,NYG,ARI,44.29253257939179,43.16164502232605,-1.1308875570657435,quality,0.1,75.0,2022;2023;2024;2025,SHADOW
1,stage15_fixed_quality_v1,2026-10-01T22:33:17.320464+00:00,2026-10-06T00:15:00+00:00,2026,4,2026_04_ATL_NO,NO,ATL,44.858118261819186,44.54552061608926,-0.3125976457299207,quality,0.1,75.0,2022;2023;2024;2025,SHADOW
1,stage15_fixed_quality_v1,2026-10-01T22:33:17.320464+00:00,2026-10-04T17:00:00+00:00,2026,4,2026_04_DAL_HOU,HOU,DAL,47.84290949884729,49.018457155010445,1.1755476561631515,quality,0.1,75.0,2022;2023;2024;2025,SHADOW
1,stage15_fixed_quality_v1,2026-10-01T22:33:17.320464+00:00,2026-10-04T20:25:00+00:00,2026,4,2026_04_DEN_SF,SF,DEN,46.01551662557007,48.8987778391444,2.88326121357433,quality,0.1,75.0,2022;2023;2024;2025,SHADOW
1,stage15_fixed_quality_v1,2026-10-01T22:33:17.320464+00:00,2026-10-05T00:20:00+00:00,2026,4,2026_04_DET_CAR,CAR,DET,52.64730618734816,54.79144392285131,2.14413773550315,quality,0.1,75.0,2022;2023;2024;2025,SHADOW
1,stage15_fixed_quality_v1,2026-10-01T22:33:17.320464+00:00,2026-10-04T17:00:00+00:00,2026,4,2026_04_GB_TB,TB,GB,47.37750189377438,45.91261920071636,-1.4648826930580234,quality,0.1,75.0,2022;2023;2024;2025,SHADOW
1,stage15_fixed_quality_v1,2026-10-01T22:33:17.320464+00:00,2026-10-04T13:30:00+00:00,2026,4,2026_04_IND_WAS,WAS,IND,51.293844575454784,50.857412575048116,-0.43643200040667113,quality,0.1,75.0,2022;2023;2024;2025,SHADOW
1,stage15_fixed_quality_v1,2026-10-01T22:33:17.320464+00:00,2026-10-04T17:00:00+00:00,2026,4,2026_04_JAX_CIN,CIN,JAX,46.76635151596055,47.03204558464158,0.26569406868102774,quality,0.1,75.0,2022;2023;2024;2025,SHADOW
1,stage15_fixed_quality_v1,2026-10-01T22:33:17.320464+00:00,2026-10-04T20:25:00+00:00,2026,4,2026_04_KC_LV,LV,KC,44.91728003664006,46.26289504436522,1.345615007725164,quality,0.1,75.0,2022;2023;2024;2025,SHADOW
1,stage15_fixed_quality_v1,2026-10-01T22:33:17.320464+00:00,2026-10-04T20:25:00+00:00,2026,4,2026_04_LAC_SEA,SEA,LAC,42.55184865308637,41.32098430334804,-1.2308643497383245,quality,0.1,75.0,2022;2023;2024;2025,SHADOW
1,stage15_fixed_quality_v1,2026-10-01T22:33:17.320464+00:00,2026-10-04T17:00:00+00:00,2026,4,2026_04_LA_PHI,PHI,LA,43.77855459840623,42.56629362125958,-1.2122609771466493,quality,0.1,75.0,2022;2023;2024;2025,SHADOW
1,stage15_fixed_quality_v1,2026-10-01T22:33:17.320464+00:00,2026-10-04T20:05:00+00:00,2026,4,2026_04_MIA_MIN,MIN,MIA,41.39207398502428,39.74976366596024,-1.6423103190640453,quality,0.1,75.0,2022;2023;2024;2025,SHADOW
1,stage15_fixed_quality_v1,2026-10-01T22:33:17.320464+00:00,2026-10-04T17:00:00+00:00,2026,4,2026_04_NE_BUF,BUF,NE,46.24607378141935,45.098098304064635,-1.1479754773547157,quality,0.1,75.0,2022;2023;2024;2025,SHADOW
1,stage15_fixed_quality_v1,2026-10-01T22:33:17.320464+00:00,2026-10-04T17:00:00+00:00,2026,4,2026_04_NYJ_CHI,CHI,NYJ,45.906828070648544,46.11000026575677,0.20317219510822138,quality,0.1,75.0,2022;2023;2024;2025,SHADOW
1,stage15_fixed_quality_v1,2026-10-01T22:33:17.320464+00:00,2026-10-02T00:15:00+00:00,2026,4,2026_04_PIT_CLE,CLE,PIT,42.044233994458324,40.834992623815616,-1.209241370642709,quality,0.1,75.0,2022;2023;2024;2025,SHADOW
1,stage15_fixed_quality_v1,2026-10-01T22:33:17.320464+00:00,2026-10-04T17:00:00+00:00,2026,4,2026_04_TEN_BAL,BAL,TEN,45.239238508107256,44.38025007097372,-0.8589884371335317,quality,0.1,75.0,2022;2023;2024;2025,SHADOW
1,stage15_fixed_quality_v1,2026-10-06T03:15:53.036123+00:00,2026-10-12T00:20:00+00:00,2026,5,2026_05_BAL_ATL,ATL,BAL,46.12806258658695,47.964655399098255,1.836592812511303,quality,0.1,75.0,2022;2023;2024;2025,SHADOW
1,stage15_fixed_quality_v1,2026-10-06T03:15:53.036123+00:00,2026-10-13T00:15:00+00:00,2026,5,2026_05_BUF_LA,LA,BUF,49.93749047514732,51.19718007122947,1.2596895960821441,quality,0.1,75.0,2022;2023;2024;2025,SHADOW
1,stage15_fixed_quality_v1,2026-10-06T03:15:53.036123+00:00,2026-10-11T17:00:00+00:00,2026,5,2026_05_CHI_GB,GB,CHI,46.158946213715836,46.898679136137254,0.7397329224214195,quality,0.1,75.0,2022;2023;2024;2025,SHADOW
1,stage15_fixed_quality_v1,2026-10-06T03:15:53.036123+00:00,2026-10-11T17:00:00+00:00,2026,5,2026_05_CIN_MIA,MIA,CIN,44.42110513768981,43.74712661635998,-0.6739785213298256,quality,0.1,75.0,2022;2023;2024;2025,SHADOW
1,stage15_fixed_quality_v1,2026-10-06T03:15:53.036123+00:00,2026-10-11T17:00:00+00:00,2026,5,2026_05_CLE_NYJ,NYJ,CLE,42.7529605351809,42.883060694444566,0.13010015926366905,quality,0.1,75.0,2022;2023;2024;2025,SHADOW
1,stage15_fixed_quality_v1,2026-10-06T03:15:53.036123+00:00,2026-10-11T20:05:00+00:00,2026,5,2026_05_DEN_LAC,LAC,DEN,42.61098387971495,41.509251684283804,-1.1017321954311436,quality,0.1,75.0,2022;2023;2024;2025,SHADOW
1,stage15_fixed_quality_v1,2026-10-06T03:15:53.036123+00:00,2026-10-11T20:25:00+00:00,2026,5,2026_05_DET_ARI,ARI,DET,53.03388765295332,53.87933637967732,0.845448726724002,quality,0.1,75.0,2022;2023;2024;2025,SHADOW
1,stage15_fixed_quality_v1,2026-10-06T03:15:53.036123+00:00,2026-10-11T17:00:00+00:00,2026,5,2026_05_HOU_TEN,TEN,HOU,41.84504851744644,39.71049234432129,-2.134556173125157,quality,0.1,75.0,2022;2023;2024;2025,SHADOW
1,stage15_fixed_quality_v1,2026-10-06T03:15:53.036123+00:00,2026-10-11T17:00:00+00:00,2026,5,2026_05_IND_PIT,PIT,IND,47.08788299950402,44.51016639819076,-2.577716601313258,quality,0.1,75.0,2022;2023;2024;2025,SHADOW
1,stage15_fixed_quality_v1,2026-10-06T03:15:53.036123+00:00,2026-10-11T17:00:00+00:00,2026,5,2026_05_LV_NE,NE,LV,43.64048998788357,43.034252439830404,-0.6062375480531628,quality,0.1,75.0,2022;2023;2024;2025,SHADOW
1,stage15_fixed_quality_v1,2026-10-06T03:15:53.036123+00:00,2026-10-11T17:00:00+00:00,2026,5,2026_05_MIN_NO,NO,MIN,42.652972376788355,39.36305850165502,-3.289913875133337,quality,0.1,75.0,2022;2023;2024;2025,SHADOW
1,stage15_fixed_quality_v1,2026-10-06T03:15:53.036123+00:00,2026-10-11T17:00:00+00:00,2026,5,2026_05_NYG_WAS,WAS,NYG,45.970286019163346,44.933996070858136,-1.036289948305212,quality,0.1,75.0,2022;2023;2024;2025,SHADOW
1,stage15_fixed_quality_v1,2026-10-06T03:15:53.036123+00:00,2026-10-11T13:30:00+00:00,2026,5,2026_05_PHI_JAX,JAX,PHI,42.84989961905851,41.982380599439104,-0.8675190196194096,quality,0.1,75.0,2022;2023;2024;2025,SHADOW
1,stage15_fixed_quality_v1,2026-10-06T03:15:53.036123+00:00,2026-10-11T20:25:00+00:00,2026,5,2026_05_SF_SEA,SEA,SF,46.06240784855741,48.40492659458948,2.3425187460320687,quality,0.1,75.0,2022;2023;2024;2025,SHADOW
1,stage15_fixed_quality_v1,2026-10-06T03:15:53.036123+00:00,2026-10-09T00:15:00+00:00,2026,5,2026_05_TB_DAL,DAL,TB,50.489179444916005,51.520470709097474,1.0312912641814678,quality,0.1,75.0,2022;2023;2024;2025,SHADOW
