ledger_version,captured_at,kickoff,season,week,game_id,home_team,away_team,baseline_total,recent_form_shadow_total,recent_form_total_adjustment,recent_form_alpha,recent_form_ridge_alpha,recent_form_blend_weight,recent_form_feature_set,recent_form_total_release_state
1,2026-10-01T14:51:55.905008+00:00,2026-10-04T17:00:00+00:00,2026,4,2026_04_ARI_NYG,NYG,ARI,44.29253257939179,44.35877683170378,0.06624425231198783,0.2,10.0,0.5,epa_per_play;success_rate,SHADOW
1,2026-10-01T14:51:55.905008+00:00,2026-10-06T00:15:00+00:00,2026,4,2026_04_ATL_NO,NO,ATL,44.858118261819186,44.08261890447318,-0.7754993573460094,0.2,10.0,0.5,epa_per_play;success_rate,SHADOW
1,2026-10-01T14:51:55.905008+00:00,2026-10-04T17:00:00+00:00,2026,4,2026_04_DAL_HOU,HOU,DAL,47.84290949884729,47.16204590480973,-0.6808635940375594,0.2,10.0,0.5,epa_per_play;success_rate,SHADOW
1,2026-10-01T14:51:55.905008+00:00,2026-10-04T20:25:00+00:00,2026,4,2026_04_DEN_SF,SF,DEN,46.01551662557007,46.25083379550734,0.2353171699372651,0.2,10.0,0.5,epa_per_play;success_rate,SHADOW
1,2026-10-01T14:51:55.905008+00:00,2026-10-05T00:20:00+00:00,2026,4,2026_04_DET_CAR,CAR,DET,52.64730618734816,52.29035324080328,-0.35695294654488186,0.2,10.0,0.5,epa_per_play;success_rate,SHADOW
1,2026-10-01T14:51:55.905008+00:00,2026-10-04T17:00:00+00:00,2026,4,2026_04_GB_TB,TB,GB,47.37750189377438,45.98245457105334,-1.395047322721038,0.2,10.0,0.5,epa_per_play;success_rate,SHADOW
1,2026-10-01T14:51:55.905008+00:00,2026-10-04T13:30:00+00:00,2026,4,2026_04_IND_WAS,WAS,IND,51.293844575454784,49.53567451781689,-1.758170057637901,0.2,10.0,0.5,epa_per_play;success_rate,SHADOW
1,2026-10-01T14:51:55.905008+00:00,2026-10-04T17:00:00+00:00,2026,4,2026_04_JAX_CIN,CIN,JAX,46.76635151596055,48.996406927558056,2.230055411597504,0.2,10.0,0.5,epa_per_play;success_rate,SHADOW
1,2026-10-01T14:51:55.905008+00:00,2026-10-04T20:25:00+00:00,2026,4,2026_04_KC_LV,LV,KC,44.91728003664006,47.11637311228286,2.1990930756427973,0.2,10.0,0.5,epa_per_play;success_rate,SHADOW
1,2026-10-01T14:51:55.905008+00:00,2026-10-04T20:25:00+00:00,2026,4,2026_04_LAC_SEA,SEA,LAC,42.55184865308637,42.31314007291804,-0.23870858016833063,0.2,10.0,0.5,epa_per_play;success_rate,SHADOW
1,2026-10-01T14:51:55.905008+00:00,2026-10-04T17:00:00+00:00,2026,4,2026_04_LA_PHI,PHI,LA,43.77855459840623,43.361389945886,-0.41716465252022794,0.2,10.0,0.5,epa_per_play;success_rate,SHADOW
1,2026-10-01T14:51:55.905008+00:00,2026-10-04T20:05:00+00:00,2026,4,2026_04_MIA_MIN,MIN,MIA,41.39207398502428,41.795254023217794,0.40318003819350823,0.2,10.0,0.5,epa_per_play;success_rate,SHADOW
1,2026-10-01T14:51:55.905008+00:00,2026-10-04T17:00:00+00:00,2026,4,2026_04_NE_BUF,BUF,NE,46.24607378141935,46.39132852558825,0.1452547441689,0.2,10.0,0.5,epa_per_play;success_rate,SHADOW
1,2026-10-01T14:51:55.905008+00:00,2026-10-04T17:00:00+00:00,2026,4,2026_04_NYJ_CHI,CHI,NYJ,45.906828070648544,47.653079063811866,1.746250993163325,0.2,10.0,0.5,epa_per_play;success_rate,SHADOW
1,2026-10-01T14:51:55.905008+00:00,2026-10-02T00:15:00+00:00,2026,4,2026_04_PIT_CLE,CLE,PIT,42.044233994458324,41.231055520258494,-0.8131784741998285,0.2,10.0,0.5,epa_per_play;success_rate,SHADOW
1,2026-10-01T14:51:55.905008+00:00,2026-10-04T17:00:00+00:00,2026,4,2026_04_TEN_BAL,BAL,TEN,45.239238508107256,45.75795973288442,0.5187212247771642,0.2,10.0,0.5,epa_per_play;success_rate,SHADOW
1,2026-10-06T03:16:01.069653+00:00,2026-10-12T00:20:00+00:00,2026,5,2026_05_BAL_ATL,ATL,BAL,46.12806258658695,46.61943850906045,0.4913759224735021,0.2,10.0,0.5,epa_per_play;success_rate,SHADOW
1,2026-10-06T03:16:01.069653+00:00,2026-10-13T00:15:00+00:00,2026,5,2026_05_BUF_LA,LA,BUF,49.93749047514732,50.374005275318424,0.4365148001711052,0.2,10.0,0.5,epa_per_play;success_rate,SHADOW
1,2026-10-06T03:16:01.069653+00:00,2026-10-11T17:00:00+00:00,2026,5,2026_05_CHI_GB,GB,CHI,46.158946213715836,46.2153321281331,0.056385914417264704,0.2,10.0,0.5,epa_per_play;success_rate,SHADOW
1,2026-10-06T03:16:01.069653+00:00,2026-10-11T17:00:00+00:00,2026,5,2026_05_CIN_MIA,MIA,CIN,44.42110513768981,44.29570660825639,-0.12539852943342128,0.2,10.0,0.5,epa_per_play;success_rate,SHADOW
1,2026-10-06T03:16:01.069653+00:00,2026-10-11T17:00:00+00:00,2026,5,2026_05_CLE_NYJ,NYJ,CLE,42.7529605351809,42.73302396094535,-0.019936574235547122,0.2,10.0,0.5,epa_per_play;success_rate,SHADOW
1,2026-10-06T03:16:01.069653+00:00,2026-10-11T20:05:00+00:00,2026,5,2026_05_DEN_LAC,LAC,DEN,42.61098387971495,40.898826054364505,-1.7121578253504424,0.2,10.0,0.5,epa_per_play;success_rate,SHADOW
1,2026-10-06T03:16:01.069653+00:00,2026-10-11T20:25:00+00:00,2026,5,2026_05_DET_ARI,ARI,DET,53.03388765295332,52.83427807836773,-0.1996095745855836,0.2,10.0,0.5,epa_per_play;success_rate,SHADOW
1,2026-10-06T03:16:01.069653+00:00,2026-10-11T17:00:00+00:00,2026,5,2026_05_HOU_TEN,TEN,HOU,41.84504851744644,40.22651728424915,-1.6185312331972925,0.2,10.0,0.5,epa_per_play;success_rate,SHADOW
1,2026-10-06T03:16:01.069653+00:00,2026-10-11T17:00:00+00:00,2026,5,2026_05_IND_PIT,PIT,IND,47.08788299950402,46.037237852915794,-1.0506451465882207,0.2,10.0,0.5,epa_per_play;success_rate,SHADOW
1,2026-10-06T03:16:01.069653+00:00,2026-10-11T17:00:00+00:00,2026,5,2026_05_LV_NE,NE,LV,43.64048998788357,43.43227478456321,-0.20821520332035365,0.2,10.0,0.5,epa_per_play;success_rate,SHADOW
1,2026-10-06T03:16:01.069653+00:00,2026-10-11T17:00:00+00:00,2026,5,2026_05_MIN_NO,NO,MIN,42.652972376788355,43.43989627618293,0.7869238993945733,0.2,10.0,0.5,epa_per_play;success_rate,SHADOW
1,2026-10-06T03:16:01.069653+00:00,2026-10-11T17:00:00+00:00,2026,5,2026_05_NYG_WAS,WAS,NYG,45.970286019163346,45.86851905834115,-0.10176696082219425,0.2,10.0,0.5,epa_per_play;success_rate,SHADOW
1,2026-10-06T03:16:01.069653+00:00,2026-10-11T13:30:00+00:00,2026,5,2026_05_PHI_JAX,JAX,PHI,42.84989961905851,44.41048907036931,1.5605894513107967,0.2,10.0,0.5,epa_per_play;success_rate,SHADOW
1,2026-10-06T03:16:01.069653+00:00,2026-10-11T20:25:00+00:00,2026,5,2026_05_SF_SEA,SEA,SF,46.06240784855741,47.79956584383834,1.7371579952809246,0.2,10.0,0.5,epa_per_play;success_rate,SHADOW
1,2026-10-06T03:16:01.069653+00:00,2026-10-09T00:15:00+00:00,2026,5,2026_05_TB_DAL,DAL,TB,50.489179444916005,50.227204701862775,-0.26197474305323276,0.2,10.0,0.5,epa_per_play;success_rate,SHADOW
