team,offense,defense,overall
Rams,93,89,90
Eagles,88,87,88
Ravens,91,86,88
Broncos,86,88,87
Patriots,87,85,87
Lions,92,83,86
Seahawks,86,86,86
49ers,89,82,85
Bills,90,80,85
Chiefs,90,80,84
Cowboys,87,80,84
Bears,85,82,83
Bengals,88,77,83
Steelers,78,87,83
Chargers,85,79,82
Colts,84,79,82
Texans,80,88,82
Buccaneers,83,79,81
Falcons,83,78,81
Packers,82,81,81
Panthers,79,80,80
Vikings,82,78,80
Commanders,81,77,79
Giants,80,78,79
Jaguars,79,79,79
Browns,75,81,78
Saints,81,75,78
Jets,75,77,77
Raiders,79,76,77
Cardinals,77,74,76
Titans,74,78,76
Dolphins,74,73,74
