season,week,game_id,kickoff,away_team,home_team,quant_market,quant_side,quant_book,quant_price,quant_odds,quant_quote_at,quant_probability,quant_ev,quant_edge,edge_discovery_tier,research_signal,quant_signal,portfolio_action,portfolio_stake_units,edge_timing_action,edge_timing_reason,edge_timing_status,edge_timing_evidence_source,edge_timing_prior_captured_at,edge_timing_prior_book,edge_timing_prior_line,edge_timing_prior_odds,edge_timing_quote_age_minutes,edge_timing_observation_gap_minutes,edge_timing_line_change_points,edge_timing_price_change_pp,edge_timing_market_move,edge_timing_reference_line,edge_timing_same_line_min_american_odds,edge_timing_same_line_break_even_ceiling,edge_timing_bet_to_line,edge_timing_staking_authorized
2026,5,2026_05_BAL_ATL,2026-10-12T00:20:00+00:00,BAL,ATL,moneyline,away,WynnBET,,150,2026-10-08T14:23:49.379377+00:00,0.5583343333171196,0.3958358332927989,0.17570204023706532,EVIDENCE_OR_CONTEXT_BLOCKED,PASS,PASS,PASS,0.0,PASS,NO_VALIDATED_NFL_EDGE: EVIDENCE_OR_CONTEXT_BLOCKED,RESEARCH_ONLY,observed_capture_not_official_close,2026-10-08T07:25:23.539526+00:00,WynnBET,,150,0.18272298333333334,418.43066418333336,,0.0,STABLE,,,,,False
2026,5,2026_05_BAL_ATL,2026-10-12T00:20:00+00:00,BAL,ATL,spread,away,DraftKings,3.5,-110,2026-10-08T14:23:47.818070+00:00,0.6281001695290657,0.19910032364639818,0.12810016952906567,EVIDENCE_OR_CONTEXT_BLOCKED,PASS,PASS,PASS,0.0,PASS,NO_VALIDATED_NFL_EDGE: EVIDENCE_OR_CONTEXT_BLOCKED,RESEARCH_ONLY,observed_capture_not_official_close,2026-10-08T07:25:23.539526+00:00,DraftKings,3.5,-118,0.2087447666666667,418.4046424,0.0,1.747487986020091,IMPROVED,3.5,,,,False
2026,5,2026_05_BAL_ATL,2026-10-12T00:20:00+00:00,BAL,ATL,total,over,WynnBET,43.5,-109,2026-10-08T14:23:49.379377+00:00,0.6280184170635713,0.20418210244299462,0.13124311394206478,EVIDENCE_OR_CONTEXT_BLOCKED,PASS,PASS,PASS,0.0,PASS,NO_VALIDATED_NFL_EDGE: EVIDENCE_OR_CONTEXT_BLOCKED,RESEARCH_ONLY,observed_capture_not_official_close,2026-10-08T07:25:23.539526+00:00,WynnBET,43.5,-109,0.18272298333333334,418.43066418333336,0.0,0.0,STABLE,43.5,,,,False
2026,5,2026_05_BUF_LA,2026-10-13T00:15:00+00:00,BUF,LA,moneyline,away,PointsBet,,148,2026-10-08T14:23:49.379377+00:00,0.5068565811659571,0.2570043212915736,0.11947728630855758,EVIDENCE_OR_CONTEXT_BLOCKED,PASS,PASS,PASS,0.0,PASS,NO_VALIDATED_NFL_EDGE: EVIDENCE_OR_CONTEXT_BLOCKED,RESEARCH_ONLY,observed_capture_not_official_close,2026-10-08T07:25:23.539526+00:00,PointsBet,,138,0.18272298333333334,418.43066418333336,,1.6942260775277829,IMPROVED,,,,,False
2026,5,2026_05_BUF_LA,2026-10-13T00:15:00+00:00,BUF,LA,spread,away,ActionNetwork book 49,3.0,-106,2026-10-08T14:23:49.379377+00:00,0.5743374800768506,0.1161652914701059,0.08300148978054145,EVIDENCE_OR_CONTEXT_BLOCKED,STRONG,PASS,PASS,0.0,PASS,NO_VALIDATED_NFL_EDGE: EVIDENCE_OR_CONTEXT_BLOCKED,RESEARCH_ONLY,observed_capture_not_official_close,2026-10-08T07:25:23.539526+00:00,ActionNetwork book 49,3.0,-106,0.18272298333333334,418.43066418333336,0.0,0.0,STABLE,3.0,,,,False
2026,5,2026_05_BUF_LA,2026-10-13T00:15:00+00:00,BUF,LA,total,under,BetRivers,54.5,-102,2026-10-08T14:23:49.379377+00:00,0.6256646208600043,0.23906130797765557,0.1430287465762745,EVIDENCE_OR_CONTEXT_BLOCKED,STRONG,PASS,PASS,0.0,PASS,NO_VALIDATED_NFL_EDGE: EVIDENCE_OR_CONTEXT_BLOCKED,RESEARCH_ONLY,observed_capture_not_official_close,2026-10-08T07:25:23.539526+00:00,BetRivers,54.5,-102,0.18272298333333334,418.43066418333336,0.0,0.0,STABLE,54.5,,,,False
2026,5,2026_05_CHI_GB,2026-10-11T17:00:00+00:00,CHI,GB,moneyline,away,WynnBET,,-129,2026-10-08T14:23:49.379377+00:00,0.7050484892557163,0.25159770573301565,0.16791787519580614,EVIDENCE_OR_CONTEXT_BLOCKED,PASS,PASS,PASS,0.0,PASS,NO_VALIDATED_NFL_EDGE: EVIDENCE_OR_CONTEXT_BLOCKED,RESEARCH_ONLY,observed_capture_not_official_close,2026-10-08T07:25:23.539526+00:00,WynnBET,,-136,0.18272298333333334,418.43066418333336,,1.2952409148101585,IMPROVED,,,,,False
2026,5,2026_05_CHI_GB,2026-10-11T17:00:00+00:00,CHI,GB,spread,away,DraftKings,-1.5,-110,2026-10-08T14:23:47.818070+00:00,0.5991934987376126,0.14391486122635144,0.09919349873761263,EVIDENCE_OR_CONTEXT_BLOCKED,PASS,PASS,PASS,0.0,PASS,NO_VALIDATED_NFL_EDGE: EVIDENCE_OR_CONTEXT_BLOCKED,RESEARCH_ONLY,observed_capture_not_official_close,2026-10-08T07:25:23.539526+00:00,DraftKings,-2.0,-109,0.2087447666666667,418.4046424,0.5,-0.22784233310549906,IMPROVED,-1.5,,,,False
2026,5,2026_05_CHI_GB,2026-10-11T17:00:00+00:00,CHI,GB,total,over,WynnBET,45.5,-109,2026-10-08T14:23:49.379377+00:00,0.5238537144309534,0.004453452441002481,0.024943513907849768,EVIDENCE_OR_CONTEXT_BLOCKED,PASS,PASS,PASS,0.0,PASS,NO_VALIDATED_NFL_EDGE: EVIDENCE_OR_CONTEXT_BLOCKED,RESEARCH_ONLY,observed_capture_not_official_close,2026-10-08T07:25:23.539526+00:00,WynnBET,45.5,-110,0.18272298333333334,418.43066418333336,0.0,0.22784233310549906,STABLE,45.5,,,,False
2026,5,2026_05_CIN_MIA,2026-10-11T17:00:00+00:00,CIN,MIA,moneyline,home,ActionNetwork book 49,,265,2026-10-08T14:23:49.379377+00:00,0.3426325478630285,0.2506087997000539,0.08022868720852694,EVIDENCE_OR_CONTEXT_BLOCKED,PASS,PASS,PASS,0.0,PASS,NO_VALIDATED_NFL_EDGE: EVIDENCE_OR_CONTEXT_BLOCKED,RESEARCH_ONLY,observed_capture_not_official_close,2026-10-08T07:25:23.539526+00:00,ActionNetwork book 49,,265,0.18272298333333334,418.43066418333336,,0.0,STABLE,,,,,False
2026,5,2026_05_CIN_MIA,2026-10-11T17:00:00+00:00,CIN,MIA,spread,home,PointsBet,6.5,-102,2026-10-08T14:23:49.379377+00:00,0.5954886751280677,0.17930110172421254,0.11476888078359465,EVIDENCE_OR_CONTEXT_BLOCKED,STRONG,PASS,PASS,0.0,PASS,NO_VALIDATED_NFL_EDGE: EVIDENCE_OR_CONTEXT_BLOCKED,RESEARCH_ONLY,observed_capture_not_official_close,2026-10-08T07:25:23.539526+00:00,PointsBet,6.5,-102,0.18272298333333334,418.43066418333336,0.0,0.0,STABLE,6.5,,,,False
2026,5,2026_05_CIN_MIA,2026-10-11T17:00:00+00:00,CIN,MIA,total,over,ActionNetwork book 49,42.5,-108,2026-10-08T14:23:49.379377+00:00,0.5641319337909386,0.08647631693069657,0.06846168786090745,EVIDENCE_OR_CONTEXT_BLOCKED,BET,PASS,PASS,0.0,PASS,NO_VALIDATED_NFL_EDGE: EVIDENCE_OR_CONTEXT_BLOCKED,RESEARCH_ONLY,observed_capture_not_official_close,2026-10-08T07:25:23.539526+00:00,ActionNetwork book 49,42.5,-108,0.18272298333333334,418.43066418333336,0.0,0.0,STABLE,42.5,,,,False
2026,5,2026_05_CLE_NYJ,2026-10-11T17:00:00+00:00,CLE,NYJ,moneyline,away,ActionNetwork book 49,,113,2026-10-08T14:23:49.379377+00:00,0.5205656779447208,0.10880489402225524,0.07463479723123129,EVIDENCE_OR_CONTEXT_BLOCKED,LEAN,PASS,PASS,0.0,PASS,NO_VALIDATED_NFL_EDGE: EVIDENCE_OR_CONTEXT_BLOCKED,RESEARCH_ONLY,observed_capture_not_official_close,2026-10-08T07:25:23.539526+00:00,ActionNetwork book 49,,113,0.18272298333333334,418.43066418333336,,0.0,STABLE,,,,,False
2026,5,2026_05_CLE_NYJ,2026-10-11T17:00:00+00:00,CLE,NYJ,spread,away,WynnBET,2.5,-110,2026-10-08T14:23:49.379377+00:00,0.5696855169677015,0.08758144148379388,0.06859571749080529,EVIDENCE_OR_CONTEXT_BLOCKED,BET,PASS,PASS,0.0,PASS,NO_VALIDATED_NFL_EDGE: EVIDENCE_OR_CONTEXT_BLOCKED,RESEARCH_ONLY,observed_capture_not_official_close,2026-10-08T07:25:23.539526+00:00,WynnBET,2.5,-110,0.18272298333333334,418.43066418333336,0.0,0.0,STABLE,2.5,,,,False
2026,5,2026_05_CLE_NYJ,2026-10-11T17:00:00+00:00,CLE,NYJ,total,over,FanDuel,39.5,-110,2026-10-08T14:23:49.379377+00:00,0.6030734386289915,0.15132201920080202,0.10307343862899154,EVIDENCE_OR_CONTEXT_BLOCKED,STRONG,PASS,PASS,0.0,PASS,NO_VALIDATED_NFL_EDGE: EVIDENCE_OR_CONTEXT_BLOCKED,RESEARCH_ONLY,observed_capture_not_official_close,2026-10-08T07:25:23.539526+00:00,FanDuel,39.5,-110,0.18272298333333334,418.43066418333336,0.0,0.0,STABLE,39.5,,,,False
2026,5,2026_05_DEN_LAC,2026-10-11T20:05:00+00:00,DEN,LAC,moneyline,home,WynnBET,,155,2026-10-08T14:23:49.379377+00:00,0.40308846110633406,0.027875575821151743,0.0286533416744425,EVIDENCE_OR_CONTEXT_BLOCKED,PASS,PASS,PASS,0.0,PASS,NO_VALIDATED_NFL_EDGE: EVIDENCE_OR_CONTEXT_BLOCKED,RESEARCH_ONLY,observed_capture_not_official_close,2026-10-08T07:25:23.539526+00:00,WynnBET,,155,0.18272298333333334,418.43066418333336,,0.0,STABLE,,,,,False
2026,5,2026_05_DEN_LAC,2026-10-11T20:05:00+00:00,DEN,LAC,spread,home,WynnBET,3.5,-108,2026-10-08T14:23:49.379377+00:00,0.5542126479187912,0.06737250710285725,0.05640755573266304,EVIDENCE_OR_CONTEXT_BLOCKED,BET,PASS,PASS,0.0,PASS,NO_VALIDATED_NFL_EDGE: EVIDENCE_OR_CONTEXT_BLOCKED,RESEARCH_ONLY,observed_capture_not_official_close,2026-10-08T07:25:23.539526+00:00,WynnBET,3.5,-108,0.18272298333333334,418.43066418333336,0.0,0.0,STABLE,3.5,,,,False
2026,5,2026_05_DEN_LAC,2026-10-11T20:05:00+00:00,DEN,LAC,total,under,FanDuel,44.5,-110,2026-10-08T14:23:49.379377+00:00,0.5473652536616757,0.04497002971774444,0.047365253661675655,EVIDENCE_OR_CONTEXT_BLOCKED,BET,PASS,PASS,0.0,PASS,NO_VALIDATED_NFL_EDGE: EVIDENCE_OR_CONTEXT_BLOCKED,RESEARCH_ONLY,observed_capture_not_official_close,2026-10-08T07:25:23.539526+00:00,FanDuel,44.5,-110,0.18272298333333334,418.43066418333336,0.0,0.0,STABLE,44.5,,,,False
2026,5,2026_05_DET_ARI,2026-10-11T20:25:00+00:00,DET,ARI,moneyline,home,FanDuel,,310,2026-10-08T14:23:49.379377+00:00,0.4080140812208375,0.6728577330054335,0.1739161857372716,EVIDENCE_OR_CONTEXT_BLOCKED,PASS,PASS,PASS,0.0,PASS,NO_VALIDATED_NFL_EDGE: EVIDENCE_OR_CONTEXT_BLOCKED,RESEARCH_ONLY,observed_capture_not_official_close,2026-10-08T07:25:23.539526+00:00,FanDuel,,310,0.18272298333333334,418.43066418333336,,0.0,STABLE,,,,,False
2026,5,2026_05_DET_ARI,2026-10-11T20:25:00+00:00,DET,ARI,spread,home,WynnBET,5.5,-107,2026-10-08T14:23:49.379377+00:00,0.6181422892748651,0.1958453633635242,0.12463832669204067,EVIDENCE_OR_CONTEXT_BLOCKED,STRONG,PASS,PASS,0.0,PASS,NO_VALIDATED_NFL_EDGE: EVIDENCE_OR_CONTEXT_BLOCKED,RESEARCH_ONLY,observed_capture_not_official_close,2026-10-08T07:25:23.539526+00:00,WynnBET,5.5,-107,0.18272298333333334,418.43066418333336,0.0,0.0,STABLE,5.5,,,,False
2026,5,2026_05_DET_ARI,2026-10-11T20:25:00+00:00,DET,ARI,total,under,BetMGM,55.0,-110,2026-10-08T14:23:49.379377+00:00,0.5537679919830065,0.057193439240285304,0.05157308416913464,EVIDENCE_OR_CONTEXT_BLOCKED,BET,PASS,PASS,0.0,PASS,NO_VALIDATED_NFL_EDGE: EVIDENCE_OR_CONTEXT_BLOCKED,RESEARCH_ONLY,observed_capture_not_official_close,2026-10-08T07:25:23.539526+00:00,BetMGM,54.5,-108,0.18272298333333334,418.43066418333336,0.5,-0.45787545787546735,IMPROVED,55.0,,,,False
2026,5,2026_05_HOU_TEN,2026-10-11T17:00:00+00:00,HOU,TEN,moneyline,home,DraftKings,,330,2026-10-08T14:23:47.818070+00:00,0.39798327845088755,0.7113280973388163,0.17481643466767818,EVIDENCE_OR_CONTEXT_BLOCKED,PASS,PASS,PASS,0.0,PASS,NO_VALIDATED_NFL_EDGE: EVIDENCE_OR_CONTEXT_BLOCKED,RESEARCH_ONLY,observed_capture_not_official_close,2026-10-08T07:25:23.539526+00:00,DraftKings,,300,0.2087447666666667,418.4046424,,1.7441860465116283,IMPROVED,,,,,False
2026,5,2026_05_HOU_TEN,2026-10-11T17:00:00+00:00,HOU,TEN,spread,home,DraftKings,7.5,-110,2026-10-08T14:23:47.818070+00:00,0.668087835657444,0.27544041352784765,0.168087835657444,EVIDENCE_OR_CONTEXT_BLOCKED,STRONG,PASS,PASS,0.0,PASS,NO_VALIDATED_NFL_EDGE: EVIDENCE_OR_CONTEXT_BLOCKED,RESEARCH_ONLY,observed_capture_not_official_close,2026-10-08T07:25:23.539526+00:00,DraftKings,7.5,-111,0.2087447666666667,418.4046424,0.0,0.22568269013766296,STABLE,7.5,,,,False
2026,5,2026_05_HOU_TEN,2026-10-11T17:00:00+00:00,HOU,TEN,total,over,DraftKings,38.5,-102,2026-10-08T14:23:49.379377+00:00,0.6049933623284078,0.1981241097091999,0.11196491837971845,EVIDENCE_OR_CONTEXT_BLOCKED,STRONG,PASS,PASS,0.0,PASS,NO_VALIDATED_NFL_EDGE: EVIDENCE_OR_CONTEXT_BLOCKED,RESEARCH_ONLY,observed_capture_not_official_close,2026-10-08T07:25:23.539526+00:00,DraftKings,37.5,-110,0.18272298333333334,418.43066418333336,-1.0,1.885902876001888,MIXED_LINE_PRICE,38.5,,,,False
2026,5,2026_05_IND_PIT,2026-10-11T17:00:00+00:00,IND,PIT,moneyline,away,ActionNetwork book 49,,121,2026-10-08T14:23:49.379377+00:00,0.5352607887557066,0.18292634315011158,0.10057928686850914,EVIDENCE_OR_CONTEXT_BLOCKED,LEAN,PASS,PASS,0.0,PASS,NO_VALIDATED_NFL_EDGE: EVIDENCE_OR_CONTEXT_BLOCKED,RESEARCH_ONLY,observed_capture_not_official_close,2026-10-08T07:25:23.539526+00:00,ActionNetwork book 49,,121,0.18272298333333334,418.43066418333336,,0.0,STABLE,,,,,False
2026,5,2026_05_IND_PIT,2026-10-11T17:00:00+00:00,IND,PIT,spread,away,BetRivers,2.5,-102,2026-10-08T14:23:49.379377+00:00,0.5809386722474219,0.15048639013705123,0.09830279796369212,EVIDENCE_OR_CONTEXT_BLOCKED,STRONG,PASS,PASS,0.0,PASS,NO_VALIDATED_NFL_EDGE: EVIDENCE_OR_CONTEXT_BLOCKED,RESEARCH_ONLY,observed_capture_not_official_close,2026-10-08T07:25:23.539526+00:00,BetRivers,2.5,-105,0.18272298333333334,418.43066418333336,0.0,0.7244626901714568,STABLE,2.5,,,,False
2026,5,2026_05_IND_PIT,2026-10-11T17:00:00+00:00,IND,PIT,total,over,PointsBet,44.5,-104,2026-10-08T14:23:49.379377+00:00,0.5797895690365313,0.1372795392639654,0.09476475301736315,EVIDENCE_OR_CONTEXT_BLOCKED,STRONG,PASS,PASS,0.0,PASS,NO_VALIDATED_NFL_EDGE: EVIDENCE_OR_CONTEXT_BLOCKED,RESEARCH_ONLY,observed_capture_not_official_close,2026-10-08T07:25:23.539526+00:00,PointsBet,44.5,-102,0.18272298333333334,418.43066418333336,0.0,-0.4853426519122461,STABLE,44.5,,,,False
2026,5,2026_05_LV_NE,2026-10-11T17:00:00+00:00,LV,NE,moneyline,away,PointsBet,,166,2026-10-08T14:23:49.379377+00:00,0.4749668017417481,0.2634116926330501,0.11361451964444974,EVIDENCE_OR_CONTEXT_BLOCKED,PASS,PASS,PASS,0.0,PASS,NO_VALIDATED_NFL_EDGE: EVIDENCE_OR_CONTEXT_BLOCKED,RESEARCH_ONLY,observed_capture_not_official_close,2026-10-08T07:25:23.539526+00:00,PointsBet,,164,0.18272298333333334,418.43066418333336,,0.28480291638187105,STABLE,,,,,False
2026,5,2026_05_LV_NE,2026-10-11T17:00:00+00:00,LV,NE,spread,away,PointsBet,3.5,-105,2026-10-08T14:23:49.379377+00:00,0.5650720500155221,0.10323590717316211,0.07590628620187095,EVIDENCE_OR_CONTEXT_BLOCKED,BET,PASS,PASS,0.0,PASS,NO_VALIDATED_NFL_EDGE: EVIDENCE_OR_CONTEXT_BLOCKED,RESEARCH_ONLY,observed_capture_not_official_close,2026-10-08T07:25:23.539526+00:00,PointsBet,3.5,-106,0.18272298333333334,418.43066418333336,0.0,0.23679848448969754,STABLE,3.5,,,,False
2026,5,2026_05_LV_NE,2026-10-11T17:00:00+00:00,LV,NE,total,under,DraftKings,45.5,-110,2026-10-08T14:23:47.818070+00:00,0.5508828501187935,0.051685441135878474,0.050882850118793455,EVIDENCE_OR_CONTEXT_BLOCKED,BET,PASS,PASS,0.0,PASS,NO_VALIDATED_NFL_EDGE: EVIDENCE_OR_CONTEXT_BLOCKED,RESEARCH_ONLY,observed_capture_not_official_close,2026-10-08T07:25:23.539526+00:00,DraftKings,45.5,-112,0.2087447666666667,418.4046424,0.0,0.4492362982928988,STABLE,45.5,,,,False
2026,5,2026_05_MIN_NO,2026-10-11T17:00:00+00:00,MIN,NO,moneyline,away,FanDuel,,-125,2026-10-08T14:23:49.379377+00:00,0.6664596312595403,0.19962733626717255,0.1339920987920078,EVIDENCE_OR_CONTEXT_BLOCKED,STRONG,PASS,PASS,0.0,PASS,NO_VALIDATED_NFL_EDGE: EVIDENCE_OR_CONTEXT_BLOCKED,RESEARCH_ONLY,observed_capture_not_official_close,2026-10-08T07:25:23.539526+00:00,FanDuel,,-125,0.18272298333333334,418.43066418333336,,0.0,STABLE,,,,,False
2026,5,2026_05_MIN_NO,2026-10-11T17:00:00+00:00,MIN,NO,spread,away,BetMGM,-1.5,-108,2026-10-08T14:23:49.379377+00:00,0.5651177394125879,0.08837490553535465,0.06731264722645974,EVIDENCE_OR_CONTEXT_BLOCKED,BET,PASS,PASS,0.0,PASS,NO_VALIDATED_NFL_EDGE: EVIDENCE_OR_CONTEXT_BLOCKED,RESEARCH_ONLY,observed_capture_not_official_close,2026-10-08T07:25:23.539526+00:00,BetMGM,-2.0,-108,0.18272298333333334,418.43066418333336,0.5,0.0,IMPROVED,-1.5,,,,False
2026,5,2026_05_MIN_NO,2026-10-11T17:00:00+00:00,MIN,NO,total,over,BetMGM,41.5,-110,2026-10-08T14:23:49.379377+00:00,0.5895312464077255,0.1254687431420214,0.08733633859385359,EVIDENCE_OR_CONTEXT_BLOCKED,STRONG,PASS,PASS,0.0,PASS,NO_VALIDATED_NFL_EDGE: EVIDENCE_OR_CONTEXT_BLOCKED,RESEARCH_ONLY,observed_capture_not_official_close,2026-10-08T07:25:23.539526+00:00,BetMGM,42.0,-110,0.18272298333333334,418.43066418333336,0.5,0.0,IMPROVED,41.5,,,,False
2026,5,2026_05_NYG_WAS,2026-10-11T17:00:00+00:00,NYG,WAS,moneyline,away,PointsBet,,166,2026-10-08T14:23:49.379377+00:00,0.588486861692392,0.5653750521017626,0.2271345795950936,EVIDENCE_OR_CONTEXT_BLOCKED,PASS,PASS,PASS,0.0,PASS,NO_VALIDATED_NFL_EDGE: EVIDENCE_OR_CONTEXT_BLOCKED,RESEARCH_ONLY,observed_capture_not_official_close,2026-10-08T07:25:23.539526+00:00,PointsBet,,166,0.18272298333333334,418.43066418333336,,0.0,STABLE,,,,,False
2026,5,2026_05_NYG_WAS,2026-10-11T17:00:00+00:00,NYG,WAS,spread,away,PointsBet,3.5,-102,2026-10-08T14:23:49.379377+00:00,0.6505796698016733,0.2884028754895882,0.16985987545720022,EVIDENCE_OR_CONTEXT_BLOCKED,PASS,PASS,PASS,0.0,PASS,NO_VALIDATED_NFL_EDGE: EVIDENCE_OR_CONTEXT_BLOCKED,RESEARCH_ONLY,observed_capture_not_official_close,2026-10-08T07:25:23.539526+00:00,PointsBet,3.5,-104,0.18272298333333334,418.43066418333336,0.0,0.4853426519122461,STABLE,3.5,,,,False
2026,5,2026_05_NYG_WAS,2026-10-11T17:00:00+00:00,NYG,WAS,total,over,DraftKings,41.5,-110,2026-10-08T14:23:47.818070+00:00,0.6361413118663263,0.21445159538116831,0.13614131186632628,EVIDENCE_OR_CONTEXT_BLOCKED,PASS,PASS,PASS,0.0,PASS,NO_VALIDATED_NFL_EDGE: EVIDENCE_OR_CONTEXT_BLOCKED,RESEARCH_ONLY,observed_capture_not_official_close,2026-10-08T07:25:23.539526+00:00,DraftKings,42.5,-106,0.2087447666666667,418.4046424,1.0,-0.9246417013407338,IMPROVED,41.5,,,,False
2026,5,2026_05_PHI_JAX,2026-10-11T13:30:00+00:00,PHI,JAX,moneyline,away,WynnBET,,325,2026-10-08T14:23:49.379377+00:00,0.28444003100739024,0.20887013178140856,0.06000374364504102,EVIDENCE_OR_CONTEXT_BLOCKED,PASS,PASS,PASS,0.0,PASS,NO_VALIDATED_NFL_EDGE: EVIDENCE_OR_CONTEXT_BLOCKED,RESEARCH_ONLY,observed_capture_not_official_close,2026-10-08T07:25:23.539526+00:00,WynnBET,,320,0.18272298333333334,418.43066418333336,,0.2801120448179262,STABLE,,,,,False
2026,5,2026_05_PHI_JAX,2026-10-11T13:30:00+00:00,PHI,JAX,spread,away,WynnBET,8.0,-108,2026-10-08T14:23:49.379377+00:00,0.54402507856586,0.04775200316387873,0.04940049784856404,EVIDENCE_OR_CONTEXT_BLOCKED,BET,PASS,PASS,0.0,PASS,NO_VALIDATED_NFL_EDGE: EVIDENCE_OR_CONTEXT_BLOCKED,RESEARCH_ONLY,observed_capture_not_official_close,,,,,0.18272298333333334,,,,NO_HISTORY,8.0,,,,False
2026,5,2026_05_PHI_JAX,2026-10-11T13:30:00+00:00,PHI,JAX,total,over,WynnBET,41.5,-109,2026-10-08T14:23:49.379377+00:00,0.547434105187039,0.04966722921184563,0.05065880206553253,EVIDENCE_OR_CONTEXT_BLOCKED,BET,PASS,PASS,0.0,PASS,NO_VALIDATED_NFL_EDGE: EVIDENCE_OR_CONTEXT_BLOCKED,RESEARCH_ONLY,observed_capture_not_official_close,2026-10-08T07:25:23.539526+00:00,WynnBET,41.5,-109,0.18272298333333334,418.43066418333336,0.0,0.0,STABLE,41.5,,,,False
2026,5,2026_05_SF_SEA,2026-10-11T20:25:00+00:00,SF,SEA,moneyline,away,FanDuel,,170,2026-10-08T14:23:49.379377+00:00,0.538278985708383,0.4533532614126341,0.1830081645086159,EVIDENCE_OR_CONTEXT_BLOCKED,LEAN,PASS,PASS,0.0,PASS,NO_VALIDATED_NFL_EDGE: EVIDENCE_OR_CONTEXT_BLOCKED,RESEARCH_ONLY,observed_capture_not_official_close,2026-10-08T07:25:23.539526+00:00,FanDuel,,170,0.18272298333333334,418.43066418333336,,0.0,STABLE,,,,,False
2026,5,2026_05_SF_SEA,2026-10-11T20:25:00+00:00,SF,SEA,spread,away,FanDuel,3.5,-110,2026-10-08T14:23:49.379377+00:00,0.6130887757979084,0.17044220834146162,0.11308877579790844,EVIDENCE_OR_CONTEXT_BLOCKED,STRONG,PASS,PASS,0.0,PASS,NO_VALIDATED_NFL_EDGE: EVIDENCE_OR_CONTEXT_BLOCKED,RESEARCH_ONLY,observed_capture_not_official_close,2026-10-08T07:25:23.539526+00:00,FanDuel,3.5,-110,0.18272298333333334,418.43066418333336,0.0,0.0,STABLE,3.5,,,,False
2026,5,2026_05_SF_SEA,2026-10-11T20:25:00+00:00,SF,SEA,total,under,FanDuel,48.5,-110,2026-10-08T14:23:49.379377+00:00,0.5650385935947457,0.07871004231724199,0.06503859359474573,EVIDENCE_OR_CONTEXT_BLOCKED,BET,PASS,PASS,0.0,PASS,NO_VALIDATED_NFL_EDGE: EVIDENCE_OR_CONTEXT_BLOCKED,RESEARCH_ONLY,observed_capture_not_official_close,2026-10-08T07:25:23.539526+00:00,FanDuel,48.5,-110,0.18272298333333334,418.43066418333336,0.0,0.0,STABLE,48.5,,,,False
2026,5,2026_05_TB_DAL,2026-10-09T00:15:00+00:00,TB,DAL,moneyline,away,WynnBET,,380,2026-10-08T14:23:49.379377+00:00,0.4172333837639478,1.0027202420669492,0.21612381372233894,EVIDENCE_OR_CONTEXT_BLOCKED,PASS,PASS,PASS,0.0,PASS,NO_VALIDATED_NFL_EDGE: EVIDENCE_OR_CONTEXT_BLOCKED,RESEARCH_ONLY,observed_capture_not_official_close,2026-10-08T07:25:23.539526+00:00,WynnBET,,380,0.18272298333333334,418.43066418333336,,0.0,STABLE,,,,,False
2026,5,2026_05_TB_DAL,2026-10-09T00:15:00+00:00,TB,DAL,spread,away,BetRivers,8.5,-105,2026-10-08T14:23:49.379377+00:00,0.6684939222892364,0.30515480065993783,0.1793281584755853,EVIDENCE_OR_CONTEXT_BLOCKED,STRONG,PASS,PASS,0.0,PASS,NO_VALIDATED_NFL_EDGE: EVIDENCE_OR_CONTEXT_BLOCKED,RESEARCH_ONLY,observed_capture_not_official_close,2026-10-08T07:25:23.539526+00:00,BetRivers,8.5,-105,0.18272298333333334,418.43066418333336,0.0,0.0,STABLE,8.5,,,,False
2026,5,2026_05_TB_DAL,2026-10-09T00:15:00+00:00,TB,DAL,total,over,WynnBET,48.0,-109,2026-10-08T14:23:49.379377+00:00,0.5797067386047716,0.1115477831963052,0.08293143548326509,EVIDENCE_OR_CONTEXT_BLOCKED,STRONG,PASS,PASS,0.0,PASS,NO_VALIDATED_NFL_EDGE: EVIDENCE_OR_CONTEXT_BLOCKED,RESEARCH_ONLY,observed_capture_not_official_close,2026-10-08T07:25:23.539526+00:00,WynnBET,47.5,-109,0.18272298333333334,418.43066418333336,-0.5,0.0,WORSENED,48.0,,,,False
