cohort,market,rule,frozen,eligible_quotes,settled,eligible_settled,hypothetical_bets,wins,losses,pushes,hypothetical_units,hypothetical_roi_on_bets,units_per_eligible_settled_candidate,net_units_per_candidate_ci95,ci_supported
all,,no_bet_market_only,45,45,0,0,0,0,0,0,0,,,,False
all,,same_selected_side_flat,45,45,0,0,0,0,0,0,0,,,,False
all,,model_ev_positive,45,45,0,0,0,0,0,0,0,,,,False
all,,model_edge_2pp_and_positive_ev,45,45,0,0,0,0,0,0,0,,,,False
all,,model_edge_5pp_and_positive_ev,45,45,0,0,0,0,0,0,0,,,,False
market,moneyline,no_bet_market_only,15,15,0,0,0,0,0,0,0,,,,False
market,moneyline,same_selected_side_flat,15,15,0,0,0,0,0,0,0,,,,False
market,moneyline,model_ev_positive,15,15,0,0,0,0,0,0,0,,,,False
market,moneyline,model_edge_2pp_and_positive_ev,15,15,0,0,0,0,0,0,0,,,,False
market,moneyline,model_edge_5pp_and_positive_ev,15,15,0,0,0,0,0,0,0,,,,False
market,spread,no_bet_market_only,15,15,0,0,0,0,0,0,0,,,,False
market,spread,same_selected_side_flat,15,15,0,0,0,0,0,0,0,,,,False
market,spread,model_ev_positive,15,15,0,0,0,0,0,0,0,,,,False
market,spread,model_edge_2pp_and_positive_ev,15,15,0,0,0,0,0,0,0,,,,False
market,spread,model_edge_5pp_and_positive_ev,15,15,0,0,0,0,0,0,0,,,,False
market,total,no_bet_market_only,15,15,0,0,0,0,0,0,0,,,,False
market,total,same_selected_side_flat,15,15,0,0,0,0,0,0,0,,,,False
market,total,model_ev_positive,15,15,0,0,0,0,0,0,0,,,,False
market,total,model_edge_2pp_and_positive_ev,15,15,0,0,0,0,0,0,0,,,,False
market,total,model_edge_5pp_and_positive_ev,15,15,0,0,0,0,0,0,0,,,,False
