cohort,segment,season,market,rows,games,week_blocks,timestamp_verified_rows,observed_wins,observed_losses,pushes,decided_rows,mean_model_probability,observed_win_rate,model_calibration_gap,mean_no_vig_probability,realized_minus_market_probability,mean_raw_probability_edge,realized_edge_retention_ratio,raw_positive_fraction,mean_expected_value_per_unit,archive_roi_per_unit,ev_realization_gap,mean_market_only_ev,model_brier,market_brier,model_minus_market_brier,model_log_loss,market_log_loss,model_minus_market_log_loss,ci_95_archive_roi,ci_95_model_minus_market_brier,ci_95_ev_realization_gap,evidence_status
all,all,,,1632,544,36,0,738,881,13,1619,0.5374116884062602,0.4558369363804818,0.08157475202577841,0.46345880200726264,-0.007621865626780855,0.07395288639899762,-0.10306380180563397,0.7984068627450981,0.13405151674139826,-0.06220155926012001,0.19625307600151826,-0.04326729628082418,0.24837395786044159,0.23675577944334755,0.011618178417094033,0.6896506806607855,0.665159370496723,0.024491310164062474,"[-0.118888, -0.003627]","[0.006552, 0.016789]","[0.137073, 0.252515]",ARCHIVE_DIAGNOSTIC_NOT_EXECUTION_VERIFIED
season,2024,2024,,816,272,18,0,368,439,9,807,0.5373152844439945,0.4560099132589839,0.08130537118501058,0.46476894013326386,-0.008759026874279985,0.07254634431073052,-0.12073698485430663,0.803921568627451,0.1278902796699002,-0.07026594253512213,0.19815622220502233,-0.0431803387675232,0.2459247604751928,0.23466558586197792,0.011259174613214878,0.684665605862568,0.6611399299518347,0.02352567591073329,"[-0.151362, 0.006113]","[0.004884, 0.018209]","[0.128403, 0.274293]",ARCHIVE_DIAGNOSTIC_NOT_EXECUTION_VERIFIED
season_market,2024:moneyline,2024,moneyline,272,272,18,0,97,175,0,272,0.47740415785566415,0.35661764705882354,0.12078651079684061,0.3982298651116885,-0.04161221805286497,0.07917429274397558,-0.5255773889566101,0.8382352941176471,0.20646497224736252,-0.15250875308227657,0.3589737253296391,-0.039398678653583985,0.22147201858727103,0.20445868234968412,0.017013336237586912,0.6332691886226532,0.5980974698593436,0.0351717187633096,"[-0.322574, 0.009847]","[0.009123, 0.026154]","[0.213358, 0.513309]",ARCHIVE_DIAGNOSTIC_NOT_EXECUTION_VERIFIED
raw_positive_season_market,2024:moneyline,2024,moneyline,228,228,18,0,79,149,0,228,0.48010111351538504,0.34649122807017546,0.13360988544520958,0.38735926638341933,-0.04086803831324387,0.0927418471319657,-0.4406644850958303,1.0,0.2503829416618537,-0.1440600702025971,0.3944430118644508,-0.039414725155640186,0.22568168914471373,0.2053477907389424,0.020333898405771322,0.6420439263108745,0.599953058695576,0.042090867615298455,"[-0.344836, 0.042512]","[0.010763, 0.030793]","[0.209457, 0.585429]",ARCHIVE_DIAGNOSTIC_NOT_EXECUTION_VERIFIED
season_market,2024:spread,2024,spread,272,272,18,0,136,127,9,263,0.5709506640080176,0.5171102661596958,0.05384039784832184,0.49793331675016533,0.019176949409530464,0.07301734725785246,0.26263552607312957,0.8014705882352942,0.09683122898942807,-0.007642906965157583,0.10447413595458566,-0.04512286849201247,0.2597964747266237,0.25022842141094287,0.009568053315680836,0.7139088328378815,0.6936005551721126,0.020308277665768926,"[-0.122088, 0.104957]","[-0.000443, 0.019902]","[-0.013679, 0.226283]",ARCHIVE_DIAGNOSTIC_NOT_EXECUTION_VERIFIED
raw_positive_season_market,2024:spread,2024,spread,218,218,18,0,104,106,8,210,0.5859109742491652,0.49523809523809526,0.0906728790110699,0.49753159056412377,-0.0022934953260285162,0.08837938368504138,-0.02595056935678429,1.0,0.12631517476903656,-0.04700694332924087,0.17332211809827744,-0.04510493762827161,0.2629321425046055,0.25027261534692435,0.01265952715768115,0.7204760409368947,0.693689100543807,0.02678694039308771,"[-0.160874, 0.068671]","[4.8e-05, 0.025748]","[0.058989, 0.291925]",ARCHIVE_DIAGNOSTIC_NOT_EXECUTION_VERIFIED
season_market,2024:total,2024,total,272,272,18,0,135,137,0,272,0.5647039668215227,0.4963235294117647,0.06838043740975797,0.4992409892348205,-0.0029174598230558013,0.06546297758670215,-0.04456656159875686,0.7720588235294118,0.08037463777291003,-0.05064616755793224,0.13102080533084226,-0.04501946915697318,0.25696477865676776,0.24982460058979464,0.0071401780669731185,0.7077864029020872,0.6927958296291303,0.01499057327295683,"[-0.180425, 0.053709]","[-0.002792, 0.017823]","[0.025736, 0.26076]",ARCHIVE_DIAGNOSTIC_NOT_EXECUTION_VERIFIED
raw_positive_season_market,2024:total,2024,total,210,210,18,0,105,105,0,210,0.580835354353915,0.5,0.08083535435391498,0.4990671460752819,0.0009328539247180911,0.0817682082786331,0.011408516150180287,1.0,0.11159003243481914,-0.043196024127701134,0.15478605656252029,-0.04503906352301064,0.2589491605960972,0.249893576418166,0.009055584177931175,0.7119656354710598,0.6929340113123772,0.019031624158682647,"[-0.200919, 0.091152]","[-0.003901, 0.022393]","[0.025006, 0.303884]",ARCHIVE_DIAGNOSTIC_NOT_EXECUTION_VERIFIED
season,2025,2025,,816,272,18,0,370,442,4,812,0.5375074987480687,0.45566502463054187,0.08184247411752682,0.4621567312342539,-0.006491706603712011,0.07535076751381481,-0.08615315832744266,0.7928921568627451,0.14021275381289633,-0.054137175985117914,0.19434992979801424,-0.043354253794125164,0.25080807398100297,0.23883310237458566,0.011974971606417306,0.694605059185615,0.6691540607919508,0.02545099839366416,"[-0.139726, 0.032343]","[0.003973, 0.019597]","[0.106751, 0.277311]",ARCHIVE_DIAGNOSTIC_NOT_EXECUTION_VERIFIED
season_market,2025:moneyline,2025,moneyline,272,272,18,0,112,159,1,271,0.4724425003290746,0.4132841328413284,0.059158367487746166,0.38796510260450484,0.02531903023682358,0.08447739772456973,0.2997136621013563,0.8382352941176471,0.23964485023183205,0.008379426447616271,0.23126542378421577,-0.04069879759425924,0.23016990702261278,0.21536389365472755,0.014806013367885229,0.6506996050792572,0.6189004340044184,0.03179917107483876,"[-0.134639, 0.144735]","[0.005101, 0.024968]","[0.085158, 0.38202]",ARCHIVE_DIAGNOSTIC_NOT_EXECUTION_VERIFIED
raw_positive_season_market,2025:moneyline,2025,moneyline,228,228,18,0,83,144,1,227,0.4619442339189964,0.3656387665198238,0.09630546739917262,0.36337285194170676,0.0022659145781170342,0.09857138197728962,0.022987550064369495,1.0,0.2894794800229998,-0.02897767266681173,0.3184571526898115,-0.04082130504866332,0.23481042944204178,0.21656189938944304,0.018248530052598744,0.6603727673841121,0.6212422612406495,0.039130506143462584,"[-0.197093, 0.129027]","[0.006919, 0.030871]","[0.143269, 0.49097]",ARCHIVE_DIAGNOSTIC_NOT_EXECUTION_VERIFIED
season_market,2025:spread,2025,spread,272,272,18,0,130,139,3,269,0.5757038717254488,0.483271375464684,0.09243249626076477,0.4995538928719552,-0.016282517407271158,0.07614997885349366,-0.21382169309064933,0.7536764705882353,0.1004864790259009,-0.07142953569727437,0.17191601472317525,-0.04443031149793198,0.26409214932871916,0.25137716021610357,0.012714989112615593,0.7231773845502849,0.6959083572845611,0.027269027265723778,"[-0.158415, 0.016754]","[0.001822, 0.023575]","[0.085006, 0.263991]",ARCHIVE_DIAGNOSTIC_NOT_EXECUTION_VERIFIED
raw_positive_season_market,2025:spread,2025,spread,205,205,18,0,94,110,1,204,0.5965141016014422,0.46078431372549017,0.13572978787595208,0.49953593796548285,-0.03875162423999268,0.09697816363595935,-0.3995912356668263,1.0,0.14117367016066285,-0.11375456238849092,0.25492823254915375,-0.04432062240605163,0.2690450912861902,0.2516327178366448,0.017412373449545382,0.7336708409924625,0.6964215282603113,0.03724931273215115,"[-0.226572, -0.007933]","[0.003221, 0.031421]","[0.149385, 0.369928]",ARCHIVE_DIAGNOSTIC_NOT_EXECUTION_VERIFIED
season_market,2025:total,2025,total,272,272,18,0,128,144,0,272,0.5645581981621577,0.47058823529411764,0.09396996286804005,0.49909090358028474,-0.0285026682861671,0.06546729458187289,-0.4353726309939673,0.7867647058823529,0.08050693218095611,-0.09936141870569566,0.17986835088665176,-0.04493365229018429,0.2582328055147825,0.24981032297647243,0.008422482538310072,0.7100919067581398,0.6927637192585285,0.01732818749961129,"[-0.224696, 0.041358]","[-0.003597, 0.019501]","[0.037838, 0.309996]",ARCHIVE_DIAGNOSTIC_NOT_EXECUTION_VERIFIED
raw_positive_season_market,2025:total,2025,total,214,214,18,0,100,114,0,214,0.5785502877815237,0.4672897196261682,0.11126056815535551,0.49859328376434153,-0.03130356413817331,0.07995700401718223,-0.39150496598704954,1.0,0.10828602350979145,-0.1046003433890058,0.21288636689879725,-0.04494503792278405,0.2608065202378668,0.24995647775470695,0.010850042483159877,0.7153791305401881,0.6930602270190261,0.022318903521161948,"[-0.238934, 0.043592]","[-0.004171, 0.025081]","[0.062259, 0.345639]",ARCHIVE_DIAGNOSTIC_NOT_EXECUTION_VERIFIED
market,moneyline,,moneyline,544,544,36,0,209,334,1,543,0.4749278978377898,0.3848987108655617,0.09002918697222811,0.3931069357572745,-0.008208224891712801,0.0818209620805152,-0.10031933972660416,0.8382352941176471,0.22305491123959728,-0.07206466331733016,0.29511957455692744,-0.04004873812392161,0.22581295369956864,0.20990124637116986,0.015911707328398778,0.6419683467437206,0.6084797963479538,0.033488550395766814,"[-0.176355, 0.040701]","[0.009406, 0.023049]","[0.184542, 0.402053]",ARCHIVE_DIAGNOSTIC_NOT_EXECUTION_VERIFIED
raw_positive_market,moneyline,,moneyline,456,456,36,0,162,293,1,455,0.47104262633213184,0.35604395604395606,0.11499867028817579,0.37539241785975175,-0.019348461815795692,0.09565020847238007,-0.20228353000801613,1.0,0.26993121084242677,-0.08651887143470442,0.3564500822771312,-0.04011801510215175,0.23023602771063345,0.2109425218678735,0.01929350584275996,0.6511882052638964,0.6105742652400412,0.04061394002385521,"[-0.213426, 0.041961]","[0.011436, 0.028034]","[0.229705, 0.48302]",ARCHIVE_DIAGNOSTIC_NOT_EXECUTION_VERIFIED
market_raw_edge_band,moneyline:nonpositive,,moneyline,0,0,0,0,0,0,0,0,,,,,,,,,,,,,,,,,,,,,,NO_VALID_ROWS
market_raw_edge_band,"moneyline:(0,2pp)",,moneyline,99,99,34,0,47,52,0,99,0.4526170554298229,0.47474747474747475,-0.02213041931765186,0.44230579339380544,0.032441681353669316,0.01031126203601738,3.146237700133124,0.18181818181818182,-0.015210352385439309,-0.05445546097158693,0.039245108586147624,-0.03918860801030987,0.19565139983821847,0.1966856135070245,-0.0010342136688060166,0.5788154332539098,0.5809002021122358,-0.0020847688583259805,,,,ARCHIVE_DIAGNOSTIC_NOT_EXECUTION_VERIFIED
market_raw_edge_band,"moneyline:[2,5pp)",,moneyline,125,125,36,0,55,70,0,125,0.48307225053103536,0.44,0.04307225053103536,0.44846896504682643,-0.008468965046826427,0.03460328548420886,-0.24474453591093892,0.944,0.04836923951733427,-0.043664912945375105,0.09203415246270938,-0.04016535956449401,0.22815636237126075,0.2264954792042,0.001660883167060756,0.6461725289646203,0.6428484704904202,0.0033240584742001422,"[-0.248253, 0.166923]","[-0.003767, 0.007166]","[-0.116, 0.300098]",ARCHIVE_DIAGNOSTIC_NOT_EXECUTION_VERIFIED
market_raw_edge_band,"moneyline:[5,10pp)",,moneyline,142,142,36,0,57,85,0,142,0.4726891583819816,0.4014084507042254,0.07128070767775624,0.3992426125927197,0.002165838111505669,0.07344654578926191,0.02948863133359664,1.0,0.1726325569912366,-0.016995764594744358,0.18962832158598097,-0.040570312489254474,0.22486764769627188,0.21994395064473865,0.004923697051533227,0.6400324189059566,0.6306888596585346,0.009343559247422029,"[-0.239953, 0.21844]","[-0.007472, 0.017418]","[-0.043272, 0.41764]",ARCHIVE_DIAGNOSTIC_NOT_EXECUTION_VERIFIED
market_raw_edge_band,"moneyline:[10,20pp)",,moneyline,141,141,35,0,42,98,1,140,0.4701850310919549,0.3,0.17018503109195493,0.3287714660742658,-0.028771466074265784,0.14141356501768912,-0.2034561965159907,1.0,0.4358568575262966,-0.10057527700961304,0.5364321345359097,-0.039829689333253086,0.23537431188762012,0.20626071910852495,0.02911359277909517,0.6624272600857174,0.6008549751483481,0.061572284937369326,"[-0.322259, 0.131517]","[0.009204, 0.049183]","[0.302772, 0.759182]",ARCHIVE_DIAGNOSTIC_NOT_EXECUTION_VERIFIED
market_raw_edge_band,moneyline:20pp_plus,,moneyline,37,37,23,0,8,29,0,37,0.53364767240197,0.21621621621621623,0.31743145618575375,0.2943166405620711,-0.07810042434585485,0.2393310318398989,-0.32632803086772433,1.0,0.8332946393748433,-0.31782322863403945,1.1511178680088827,-0.040789211658597516,0.2660483876037064,0.16443309392103886,0.10161529368266756,0.726759415472419,0.5097793514660637,0.21698006400635528,,,,ARCHIVE_DIAGNOSTIC_NOT_EXECUTION_VERIFIED
market_probability_band,moneyline:below_50,,moneyline,294,294,36,0,81,212,1,293,0.3712150968612516,0.2764505119453925,0.0947645849158591,0.29367570598515014,-0.01722519403975764,0.0775393908761015,-0.22214765740527165,0.8571428571428571,0.2738494576421788,-0.07551020408163264,0.3493596617238114,-0.040592149607031745,0.21093594317220826,0.198894054218877,0.012041888953331276,0.6112259556477528,0.5849022541127976,0.026323701534955224,"[-0.249454, 0.116114]","[0.002563, 0.021151]","[0.163176, 0.530766]",ARCHIVE_DIAGNOSTIC_NOT_EXECUTION_VERIFIED
market_probability_band,"moneyline:[50,55)",,moneyline,75,75,31,0,27,48,0,75,0.525166622653884,0.36,0.16516662265388404,0.4225759770296192,-0.0625759770296192,0.10259064562426486,-0.6099579220780209,0.8666666666666667,0.241057181940048,-0.2208962610630997,0.46195344300314767,-0.03992017268051838,0.25936421154747613,0.22064748135915588,0.03871673018832025,0.7119150509238484,0.6312226854209184,0.08069236550293002,,,,ARCHIVE_DIAGNOSTIC_NOT_EXECUTION_VERIFIED
market_probability_band,"moneyline:[55,60)",,moneyline,83,83,34,0,43,40,0,83,0.574950827749032,0.5180722891566265,0.056878538592405437,0.4857053831676165,0.032366905989009986,0.08924544458141559,0.3626729200668921,0.8313253012048193,0.1695585415078818,0.0152033466311131,0.1543551948767687,-0.0400906733330101,0.2512619437360028,0.2406824207683597,0.010579522967643112,0.695692515066551,0.6741332505923449,0.021559264474206197,,,,ARCHIVE_DIAGNOSTIC_NOT_EXECUTION_VERIFIED
market_probability_band,"moneyline:[60,65)",,moneyline,41,41,23,0,21,20,0,41,0.6248149452581934,0.5121951219512195,0.11261982330697384,0.5479146236763258,-0.035719501725106295,0.07690032158186752,-0.4644909278705626,0.7317073170731707,0.1210995243326267,-0.11997554829496519,0.2410750726275919,-0.03813622803425022,0.26441301302718956,0.23671697598229788,0.02769603704489168,0.7231452527817828,0.6658337865012002,0.05731146628058259,,,,ARCHIVE_DIAGNOSTIC_NOT_EXECUTION_VERIFIED
market_probability_band,"moneyline:[65,70)",,moneyline,27,27,19,0,17,10,0,27,0.6740294643452697,0.6296296296296297,0.04439983471564002,0.6017257347045529,0.027903894925076722,0.07230372964071663,0.3859260796605313,0.8148148148148148,0.08888506489972502,-0.013182515626520093,0.10206758052624511,-0.037841027840963944,0.2305978007112536,0.21729890975435193,0.013298890956901677,0.6533971938629222,0.6259327428348717,0.027464451028050507,,,,ARCHIVE_DIAGNOSTIC_NOT_EXECUTION_VERIFIED
market_probability_band,moneyline:70_plus,,moneyline,24,24,14,0,20,4,0,24,0.7581333937689146,0.8333333333333334,-0.07519993956441873,0.6955101989443836,0.13782313438894978,0.06262319482453092,2.200832052327061,0.75,0.054687763623012385,0.1490454319471711,-0.0943576683241587,-0.039399567339875895,0.14325296499754991,0.15011459537758454,-0.006861630380034622,0.4613675045368509,0.48058493554437093,-0.019217431007520047,,,,ARCHIVE_DIAGNOSTIC_NOT_EXECUTION_VERIFIED
market,spread,,spread,544,544,36,0,266,266,12,532,0.5733540716696511,0.5,0.07335407166965113,0.4987527433982132,0.001247256601786817,0.07460132827143795,0.01671895971139625,0.7775735294117647,0.09865885400766447,-0.039536221331215975,0.13819507533888045,-0.04477658999497222,0.2619685357566306,0.2508092686639282,0.011159267092702374,0.7185953749631381,0.6947674701500236,0.023827904813114476,"[-0.115396, 0.03192]","[0.004336, 0.018521]","[0.068982, 0.217169]",ARCHIVE_DIAGNOSTIC_NOT_EXECUTION_VERIFIED
raw_positive_market,spread,,spread,423,423,36,0,198,216,9,414,0.5911357036691278,0.4782608695652174,0.11287483410391042,0.49851924000827175,-0.02025837044305434,0.09261646366085605,-0.21873400950868366,1.0,0.13351610043164508,-0.07935508022556773,0.2128711806572128,-0.04472483214232575,0.2659443201650965,0.2509428107766417,0.015001509388454792,0.7269778264715223,0.6950355142012149,0.031942312270307416,"[-0.164141, 0.004551]","[0.006115, 0.024747]","[0.135254, 0.300421]",ARCHIVE_DIAGNOSTIC_NOT_EXECUTION_VERIFIED
market_raw_edge_band,spread:nonpositive,,spread,0,0,0,0,0,0,0,0,,,,,,,,,,,,,,,,,,,,,,NO_VALID_ROWS
market_raw_edge_band,"spread:(0,2pp)",,spread,102,102,34,0,57,43,2,100,0.5086126943253653,0.57,-0.061387305674634685,0.49910416275687397,0.07089583724312598,0.009508531568491374,7.45602375429399,0.0,-0.02689859525114995,0.08850036720880712,-0.11539896245995707,-0.04497218872797169,0.2480026023916448,0.249901877944896,-0.0018992755532512007,0.6891499976735047,0.6929482431352224,-0.0037982454617176975,"[-0.10681, 0.269804]","[-0.00374, -6.5e-05]","[-0.296227, 0.082394]",ARCHIVE_DIAGNOSTIC_NOT_EXECUTION_VERIFIED
market_raw_edge_band,"spread:[2,5pp)",,spread,132,132,35,0,64,66,2,130,0.5321505718562697,0.49230769230769234,0.03984287954857735,0.4982244116758131,-0.005916719368120771,0.033926160180456556,-0.17439991253502204,0.8560606060606061,0.020076419397603733,-0.05159436766814896,0.0716707870657527,-0.04492751430531713,0.2541183352985515,0.2519678581528303,0.002150477145721197,0.7014315868559307,0.6970869696270466,0.004344617228884018,"[-0.197345, 0.091063]","[-0.003215, 0.00764]","[-0.065027, 0.216266]",ARCHIVE_DIAGNOSTIC_NOT_EXECUTION_VERIFIED
market_raw_edge_band,"spread:[5,10pp)",,spread,146,146,36,0,67,76,3,143,0.5741085098074042,0.46853146853146854,0.1055770412759357,0.5008649094240764,-0.03233344089260781,0.0732436003833279,-0.4414507304854954,1.0,0.09474879625094203,-0.10369351406510328,0.1984423103160453,-0.04456408479820989,0.25919910134153196,0.2496613375727838,0.009537763768748153,0.7117178500594068,0.692477892730796,0.019239957328610835,"[-0.261202, 0.065041]","[-0.002841, 0.022315]","[0.04727, 0.359383]",ARCHIVE_DIAGNOSTIC_NOT_EXECUTION_VERIFIED
market_raw_edge_band,"spread:[10,20pp)",,spread,145,145,35,0,72,69,4,141,0.636530182696481,0.5106382978723404,0.1258918848241406,0.4965363475776191,0.014101950294721277,0.13999383511886193,0.10073265213963171,1.0,0.2241139081724791,-0.01453776549464,0.2386516736671191,-0.044721667271969225,0.26704611485131974,0.25132066629991706,0.015725448551402677,0.7293510328099424,0.6957854093652095,0.033565623444732906,"[-0.174171, 0.141952]","[-0.007993, 0.040009]","[0.075071, 0.396623]",ARCHIVE_DIAGNOSTIC_NOT_EXECUTION_VERIFIED
market_raw_edge_band,spread:20pp_plus,,spread,19,19,15,0,6,12,1,18,0.729736093985565,0.3333333333333333,0.39640276065223173,0.5011979243455055,-0.16786459101217216,0.22853816964005955,-0.7345144632800448,1.0,0.3912707893503199,-0.34089769879243564,0.7321684881427555,-0.044730088617670354,0.378480194926454,0.2525964640919943,0.1258837308344597,0.9765269576150533,0.6983379096542175,0.27818904796083577,,,,ARCHIVE_DIAGNOSTIC_NOT_EXECUTION_VERIFIED
market_probability_band,spread:below_50,,spread,24,24,18,0,10,13,1,23,0.4896435116887004,0.43478260869565216,0.054860902993048244,0.4769163151293545,-0.042133706433702345,0.012727196559345821,-3.3105253177505745,0.125,-0.01808586617508151,-0.12033730158730159,0.10225143541222008,-0.0438414138641206,0.24620333843395867,0.2478781667541481,-0.0016748283201894199,0.6855447016176498,0.6889413259092393,-0.0033966242915894895,,,,ARCHIVE_DIAGNOSTIC_NOT_EXECUTION_VERIFIED
market_probability_band,"spread:[50,55)",,spread,214,214,36,0,115,95,4,210,0.5242770333568901,0.5476190476190477,-0.02334201426215754,0.4976462175321673,0.04997283008688036,0.026630815824722785,1.8765039124519782,0.5327102803738317,0.00677962858990007,0.050669187765896434,-0.043889559175996365,-0.04501356314286917,0.2504569668783392,0.2505787435467957,-0.00012177666845653023,0.6940673210875938,0.6943033183029531,-0.00023599721535927376,"[-0.052672, 0.149414]","[-0.0035, 0.003613]","[-0.146638, 0.065087]",ARCHIVE_DIAGNOSTIC_NOT_EXECUTION_VERIFIED
market_probability_band,"spread:[55,60)",,spread,140,140,36,0,61,77,2,138,0.57436826752431,0.4420289855072464,0.13233928201706363,0.5010051921326173,-0.0589762066253709,0.07336307539169262,-0.8038949609253861,1.0,0.09561654895891748,-0.15393210248526285,0.2495486514441803,-0.044715749107068666,0.2624993628450722,0.2505251004365243,0.011974262408547875,0.7183568011776207,0.6941988094301623,0.024157991747458363,"[-0.312882, 0.011229]","[-0.001877, 0.025143]","[0.097154, 0.408094]",ARCHIVE_DIAGNOSTIC_NOT_EXECUTION_VERIFIED
market_probability_band,"spread:[60,65)",,spread,97,97,34,0,49,44,4,93,0.621043116355998,0.5268817204301075,0.09416139592589046,0.5004918400120375,0.02638988041807,0.12055127634396053,0.21891000426054055,1.0,0.18705763497439284,0.004845610216387177,0.18221202475800566,-0.04467137756806289,0.25802701778787535,0.24935271262890546,0.008674305158969886,0.7098564758219502,0.6918479424689208,0.018008533353029432,,,,ARCHIVE_DIAGNOSTIC_NOT_EXECUTION_VERIFIED
market_probability_band,"spread:[65,70)",,spread,49,49,26,0,25,24,0,49,0.6688178970823818,0.5102040816326531,0.15861381544972875,0.501849334395728,0.008354747236925086,0.1669685626866539,0.05003784606210123,1.0,0.27452939873234233,-0.01847528395886869,0.29300468269121105,-0.044635225882904486,0.2761533630373697,0.2547562169391423,0.021397146098227404,0.749187133551065,0.7026697403393825,0.04651739321168258,,,,ARCHIVE_DIAGNOSTIC_NOT_EXECUTION_VERIFIED
market_probability_band,spread:70_plus,,spread,20,20,15,0,6,13,1,19,0.7301305609456874,0.3157894736842105,0.4143410872614769,0.5045580809109349,-0.1887686072267244,0.22557248003475247,-0.8368423630295773,1.0,0.38353944327417433,-0.3738528138528138,0.7573922571269882,-0.044645697229898036,0.387141140966933,0.25591979917319857,0.1312213417937344,0.9953165029912437,0.7049913238251658,0.2903251791660779,,,,ARCHIVE_DIAGNOSTIC_NOT_EXECUTION_VERIFIED
market,total,,total,544,544,36,0,263,281,0,544,0.5646310824918401,0.4834558823529412,0.08117520013889895,0.49916594640755263,-0.01571006405461145,0.06546513608428753,-0.2399760390688635,0.7794117647058824,0.08044078497693308,-0.07500379313181395,0.155444578108747,-0.04497656072357874,0.25759879208577513,0.24981746178313352,0.007781330302641609,0.7089391548301135,0.6927797744438294,0.01615938038628406,"[-0.167143, 0.018364]","[6.5e-05, 0.015301]","[0.065595, 0.249087]",ARCHIVE_DIAGNOSTIC_NOT_EXECUTION_VERIFIED
raw_positive_market,total,,total,424,424,36,0,205,219,0,424,0.5796820424518119,0.4834905660377358,0.09619147641407605,0.4988279797202318,-0.01533741368249597,0.08085406273158005,-0.1896925542679684,1.0,0.10992244302454575,-0.07418782677373698,0.1841102697982827,-0.04499160720591514,0.25988660154736776,0.24992532379085414,0.00996127775651362,0.7136884843974594,0.6929977145228085,0.020690769874650905,"[-0.177347, 0.032665]","[0.000288, 0.019449]","[0.08329, 0.282922]",ARCHIVE_DIAGNOSTIC_NOT_EXECUTION_VERIFIED
market_raw_edge_band,total:nonpositive,,total,0,0,0,0,0,0,0,0,,,,,,,,,,,,,,,,,,,,,,NO_VALID_ROWS
market_raw_edge_band,"total:(0,2pp)",,total,104,104,36,0,51,53,0,104,0.5095755168788059,0.49038461538461536,0.019190901494190504,0.5001022892087424,-0.009717673824127082,0.009473227670063374,-1.0258038930950841,0.0,-0.026782203828179994,-0.06317695991609032,0.036394756087910325,-0.0449128951985059,0.24942610721570502,0.24985417163748955,-0.00042806442178452975,0.6919809185434828,0.6928441352064598,-0.0008632166629770621,"[-0.26405, 0.127932]","[-0.002676, 0.001687]","[-0.163008, 0.221611]",ARCHIVE_DIAGNOSTIC_NOT_EXECUTION_VERIFIED
market_raw_edge_band,"total:[2,5pp)",,total,145,145,36,0,67,78,0,145,0.5338319253997942,0.46206896551724136,0.07176295988255282,0.49984927559210063,-0.03778031007485927,0.03398264980769351,-1.1117529176993721,0.8896551724137931,0.019862223238430378,-0.11704499390190443,0.1369072171403348,-0.04507103441218337,0.2544169884930771,0.24994244771362778,0.00447454077944931,0.7020013331098687,0.6930322345696434,0.008969098540225318,"[-0.283626, 0.056936]","[-0.001747, 0.010734]","[-0.035163, 0.305622]",ARCHIVE_DIAGNOSTIC_NOT_EXECUTION_VERIFIED
market_raw_edge_band,"total:[5,10pp)",,total,172,172,36,0,84,88,0,172,0.5696276247422744,0.4883720930232558,0.08125553171901856,0.4982516547915885,-0.009879561768332712,0.07137596995068579,-0.13841579701345674,1.0,0.09205672056875301,-0.06399944847872048,0.1560561690474735,-0.04486468349483084,0.25493642585311926,0.24987006604199147,0.005066359811127796,0.7031136672488816,0.6928872751888642,0.010226392060017409,"[-0.229149, 0.09914]","[-0.007, 0.017077]","[-0.006484, 0.317338]",ARCHIVE_DIAGNOSTIC_NOT_EXECUTION_VERIFIED
market_raw_edge_band,"total:[10,20pp)",,total,113,113,36,0,55,58,0,113,0.6330514480434942,0.48672566371681414,0.1463257843266801,0.4990767219811206,-0.012351058264306436,0.13397472606237365,-0.0921894645901813,1.0,0.2115070966534215,-0.0686895892359532,0.2801966858893747,-0.04499672815218919,0.2736775206194546,0.24956853355908984,0.024108987060364767,0.7429086539602963,0.6922831408445488,0.05062551311574748,"[-0.24537, 0.122634]","[-0.003121, 0.049146]","[0.095533, 0.459596]",ARCHIVE_DIAGNOSTIC_NOT_EXECUTION_VERIFIED
market_raw_edge_band,total:20pp_plus,,total,10,10,9,0,6,4,0,10,0.7247060852609043,0.6,0.12470608526090432,0.4962537599124966,0.10374624008750338,0.22845232534840765,0.4541264350418944,1.0,0.3931055996347756,0.1509693205345379,0.2421362791002377,-0.04596521009073433,0.25283393359972745,0.24953147898500022,0.003302454614727224,0.7022462733807436,0.6922126975454467,0.01003357583529696,,,,ARCHIVE_DIAGNOSTIC_NOT_EXECUTION_VERIFIED
market_probability_band,total:below_50,,total,21,21,16,0,11,10,0,21,0.4942641727447171,0.5238095238095238,-0.029545351064806713,0.48553079906417307,0.03827872474535077,0.008733373680543917,4.383039836097653,0.0,-0.027197630106683777,0.03174603174603173,-0.058943661852715504,-0.04446747373875359,0.24968230436623465,0.25127098040055185,-0.001588676034317199,0.6925120524240226,0.6956907823558394,-0.0031787299318167817,,,,ARCHIVE_DIAGNOSTIC_NOT_EXECUTION_VERIFIED
market_probability_band,"total:[50,55)",,total,226,226,36,0,103,123,0,226,0.5250654203940607,0.4557522123893805,0.06931320800468016,0.49884758576617305,-0.043095373376792534,0.026217834627887515,-1.6437426655728706,0.5663716814159292,0.005425762287435852,-0.12794823313291953,0.13337399542035538,-0.04506954018030363,0.2537222184952263,0.24961069053363616,0.0041115279615901446,0.7006061380832479,0.6923679899264824,0.00823814815676549,"[-0.25509, 0.005857]","[-0.000132, 0.008644]","[-0.005961, 0.266743]",ARCHIVE_DIAGNOSTIC_NOT_EXECUTION_VERIFIED
market_probability_band,"total:[55,60)",,total,183,183,36,0,91,92,0,183,0.5717445281132376,0.4972677595628415,0.07447676855039609,0.5001628074430221,-0.002895047880180579,0.07158172067021551,-0.040443954868287786,0.994535519125683,0.09232335825143587,-0.05000155061162343,0.1423249088630593,-0.044892532361512964,0.2552678277748516,0.2501250910646234,0.005142736710228191,0.7038140227290329,0.6933915133671712,0.010422509361861731,"[-0.210993, 0.124253]","[-0.007128, 0.016838]","[-0.022388, 0.299929]",ARCHIVE_DIAGNOSTIC_NOT_EXECUTION_VERIFIED
market_probability_band,"total:[60,65)",,total,76,76,33,0,41,35,0,76,0.6248435801533594,0.5394736842105263,0.08536989594283306,0.5008421116054479,0.038631572605078435,0.12400146854791172,0.3115412507405262,1.0,0.1919751117599521,0.028217529990985375,0.16375758176896674,-0.04489913303925532,0.25487539403274356,0.24907812492042025,0.005797269112323311,0.7033837325132805,0.6913013882491645,0.012082344264115918,,,,ARCHIVE_DIAGNOSTIC_NOT_EXECUTION_VERIFIED
market_probability_band,"total:[65,70)",,total,28,28,21,0,12,16,0,28,0.6692446833020088,0.42857142857142855,0.24067325473058027,0.5007738740133106,-0.07220244544188209,0.1684708092886982,-0.4285754057140732,1.0,0.2770128661283704,-0.18058468446667206,0.4575975505950425,-0.04496116253617781,0.3050757405367996,0.2508967398482146,0.054179000688585,0.8097119832994668,0.694942528481688,0.11476945481777878,,,,ARCHIVE_DIAGNOSTIC_NOT_EXECUTION_VERIFIED
market_probability_band,total:70_plus,,total,10,10,8,0,5,5,0,10,0.7258764370030228,0.5,0.22587643700302285,0.4995110965746098,0.000488903425390208,0.2263653404284131,0.002159798070079643,1.0,0.3863071677367951,-0.04903067946546209,0.43533784720225716,-0.04611359202111258,0.2922529958732848,0.24840546864832497,0.043847527224959826,0.7856094557055823,0.6899581893969501,0.09565126630863219,,,,ARCHIVE_DIAGNOSTIC_NOT_EXECUTION_VERIFIED
