season,week,game_id,away_team,home_team,model_margin_home,model_total,quant_market,quant_side,quant_book,quant_price,quant_odds,quant_probability,quant_edge,quant_ev,quant_quote_at,recommendation_status,production_signal,research_signal,execution_ready,portfolio_stake_units,context_veto,probability_reliability_veto,regime_reliability_ready,regime_reliability_status,probability_reliability_ready,context_injuries_personnel_fresh,context_freshness_veto,qb_certainty_veto,qb_context_ready,market_execution_verified,market_quote_timestamp_verified,market_quote_sanity_ok,edge_discovery_tier,edge_discovery_reason,edge_shrunk_ev,edge_market_shrinkage_status,market_disagreement_severity,market_dispersion_high,predicted_home_score,predicted_away_score,projected_winner,betting_action,quote_quality,evidence_status,evidence_blockers,conservative_ev
2026,5,2026_05_BAL_ATL,BAL,ATL,-0.8445508518439198,47.7702948251064,moneyline,away,WynnBET,,150,0.5583343333171271,0.17570204023707287,0.3958358332928178,2026-10-09T17:11:58.319340+00:00,ACTIVE,PASS,PASS,true,0.0,false,false,false,BLOCKED,true,false,true,true,false,true,true,true,EVIDENCE_OR_CONTEXT_BLOCKED,NFL_REGIME_MARKET_NOT_RELIABLE;CANDIDATE_REGIME_NOT_SUPPORTED;PRODUCTION_MARKET_DISABLED;NO_VERIFIED_INCREMENTAL_MODEL_VALUE;HOLDOUT_SELECTS_MARKET_ONLY;NO_POSITIVE_SHRUNK_EV;CURRENT_INJURY_CONTEXT_NOT_FRESH;QB_UNCERTAINTY;HIGH_MARKET_DISAGREEMENT,-0.04341926729986423,MARKET_ONLY_PREFERRED,HIGH,true,23.46287198663124,24.30742283847516,BAL,PASS,VERIFIED_QUOTE_RESEARCH_ONLY,BLOCKED_OR_MISSING,STALE_OR_UNKNOWN_INJURY_CONTEXT;QB_STARTER_STATE_UNCERTAIN;HISTORICAL_REGIME_NOT_VALIDATED;HOLDOUT_PREFERS_MARKET;NO_POSITIVE_HOLDOUT_SHRUNK_EV;EDGE_EVIDENCE_NOT_SUPPORTED;UNUSUAL_MARKET_DISAGREEMENT,
2026,5,2026_05_BAL_ATL,BAL,ATL,-0.8445508518439198,47.7702948251064,total,over,WynnBET,43.5,-109,0.6280184170635756,0.1312431139420691,0.20418210244300283,2026-10-09T17:11:58.319340+00:00,ACTIVE,PASS,PASS,true,0.0,false,false,false,BLOCKED,true,false,true,true,false,true,true,true,EVIDENCE_OR_CONTEXT_BLOCKED,NFL_REGIME_MARKET_NOT_RELIABLE;CANDIDATE_REGIME_NOT_SUPPORTED;PRODUCTION_MARKET_DISABLED;NO_VERIFIED_INCREMENTAL_MODEL_VALUE;HOLDOUT_SELECTS_MARKET_ONLY;NO_POSITIVE_SHRUNK_EV;CURRENT_INJURY_CONTEXT_NOT_FRESH;QB_UNCERTAINTY;HIGH_MARKET_DISAGREEMENT,-0.04746753805142312,MARKET_ONLY_PREFERRED,MEDIUM,true,23.46287198663124,24.30742283847516,BAL,PASS,VERIFIED_QUOTE_RESEARCH_ONLY,BLOCKED_OR_MISSING,STALE_OR_UNKNOWN_INJURY_CONTEXT;QB_STARTER_STATE_UNCERTAIN;HISTORICAL_REGIME_NOT_VALIDATED;HOLDOUT_PREFERS_MARKET;NO_POSITIVE_HOLDOUT_SHRUNK_EV;EDGE_EVIDENCE_NOT_SUPPORTED;UNUSUAL_MARKET_DISAGREEMENT,
2026,5,2026_05_BAL_ATL,BAL,ATL,-0.8445508518439198,47.7702948251064,spread,away,BetRivers,3.0,100,0.6134186115018689,0.13515774193665153,0.22683722300373788,2026-10-09T17:11:58.319340+00:00,ACTIVE,PASS,PASS,true,0.0,false,false,false,BLOCKED,true,false,true,true,false,true,true,true,EVIDENCE_OR_CONTEXT_BLOCKED,NFL_REGIME_MARKET_NOT_RELIABLE;CANDIDATE_REGIME_NOT_SUPPORTED;PRODUCTION_MARKET_DISABLED;NO_VERIFIED_INCREMENTAL_MODEL_VALUE;HOLDOUT_SELECTS_MARKET_ONLY;NO_POSITIVE_SHRUNK_EV;CURRENT_INJURY_CONTEXT_NOT_FRESH;QB_UNCERTAINTY;HIGH_MARKET_DISAGREEMENT,-0.04347826086956519,MARKET_ONLY_PREFERRED,HIGH,true,23.46287198663124,24.30742283847516,BAL,PASS,VERIFIED_QUOTE_RESEARCH_ONLY,BLOCKED_OR_MISSING,STALE_OR_UNKNOWN_INJURY_CONTEXT;QB_STARTER_STATE_UNCERTAIN;HISTORICAL_REGIME_NOT_VALIDATED;HOLDOUT_PREFERS_MARKET;NO_POSITIVE_HOLDOUT_SHRUNK_EV;EDGE_EVIDENCE_NOT_SUPPORTED;UNUSUAL_MARKET_DISAGREEMENT,
2026,5,2026_05_BUF_LA,BUF,LA,0.46180045262534364,50.01382879805384,moneyline,away,PointsBet,,148,0.5068565811659644,0.11947728630856491,0.2570043212915918,2026-10-09T17:11:58.319340+00:00,ACTIVE,PASS,PASS,true,0.0,false,false,false,BLOCKED,true,false,true,false,true,true,true,true,EVIDENCE_OR_CONTEXT_BLOCKED,NFL_REGIME_MARKET_NOT_RELIABLE;CANDIDATE_REGIME_NOT_SUPPORTED;PRODUCTION_MARKET_DISABLED;NO_VERIFIED_INCREMENTAL_MODEL_VALUE;HOLDOUT_SELECTS_MARKET_ONLY;NO_POSITIVE_SHRUNK_EV;CURRENT_INJURY_CONTEXT_NOT_FRESH;HIGH_MARKET_DISAGREEMENT,-0.039299348753649044,MARKET_ONLY_PREFERRED,HIGH,false,25.23781462533959,24.776014172714248,LA,PASS,VERIFIED_QUOTE_RESEARCH_ONLY,BLOCKED_OR_MISSING,STALE_OR_UNKNOWN_INJURY_CONTEXT;HISTORICAL_REGIME_NOT_VALIDATED;HOLDOUT_PREFERS_MARKET;NO_POSITIVE_HOLDOUT_SHRUNK_EV;EDGE_EVIDENCE_NOT_SUPPORTED;UNUSUAL_MARKET_DISAGREEMENT,
2026,5,2026_05_BUF_LA,BUF,LA,0.46180045262534364,50.01382879805384,spread,away,BetRivers,3.0,100,0.5743374800768563,0.09607661051163885,0.1486749601537125,2026-10-09T17:11:58.319340+00:00,ACTIVE,PASS,STRONG,true,0.0,false,false,false,BLOCKED,true,false,true,false,true,true,true,true,EVIDENCE_OR_CONTEXT_BLOCKED,NFL_REGIME_MARKET_NOT_RELIABLE;CANDIDATE_REGIME_NOT_SUPPORTED;PRODUCTION_MARKET_DISABLED;NO_VERIFIED_INCREMENTAL_MODEL_VALUE;HOLDOUT_SELECTS_MARKET_ONLY;NO_POSITIVE_SHRUNK_EV;CURRENT_INJURY_CONTEXT_NOT_FRESH,-0.04347826086956519,MARKET_ONLY_PREFERRED,MEDIUM,false,25.23781462533959,24.776014172714248,LA,PASS,VERIFIED_QUOTE_RESEARCH_ONLY,BLOCKED_OR_MISSING,STALE_OR_UNKNOWN_INJURY_CONTEXT;HISTORICAL_REGIME_NOT_VALIDATED;HOLDOUT_PREFERS_MARKET;NO_POSITIVE_HOLDOUT_SHRUNK_EV;EDGE_EVIDENCE_NOT_SUPPORTED,
2026,5,2026_05_BUF_LA,BUF,LA,0.46180045262534364,50.01382879805384,total,under,BetRivers,54.5,-102,0.6256646208600001,0.1430287465762703,0.23906130797764735,2026-10-09T17:11:58.319340+00:00,ACTIVE,PASS,STRONG,true,0.0,false,false,false,BLOCKED,true,false,true,false,true,true,true,true,EVIDENCE_OR_CONTEXT_BLOCKED,NFL_REGIME_MARKET_NOT_RELIABLE;CANDIDATE_REGIME_NOT_SUPPORTED;PRODUCTION_MARKET_DISABLED;NO_VERIFIED_INCREMENTAL_MODEL_VALUE;HOLDOUT_SELECTS_MARKET_ONLY;NO_POSITIVE_SHRUNK_EV;CURRENT_INJURY_CONTEXT_NOT_FRESH,-0.044191699947907614,MARKET_ONLY_PREFERRED,MEDIUM,false,25.23781462533959,24.776014172714248,LA,PASS,VERIFIED_QUOTE_RESEARCH_ONLY,BLOCKED_OR_MISSING,STALE_OR_UNKNOWN_INJURY_CONTEXT;HISTORICAL_REGIME_NOT_VALIDATED;HOLDOUT_PREFERS_MARKET;NO_POSITIVE_HOLDOUT_SHRUNK_EV;EDGE_EVIDENCE_NOT_SUPPORTED,
2026,5,2026_05_CHI_GB,CHI,GB,-4.865351916552026,46.15969868095354,spread,away,ActionNetwork book 49,-1.0,-110,0.6140328080258192,0.11403280802581917,0.17224445168565472,2026-10-09T17:11:58.319340+00:00,ACTIVE,PASS,PASS,true,0.0,false,false,false,BLOCKED,true,false,true,true,false,true,true,true,EVIDENCE_OR_CONTEXT_BLOCKED,NFL_REGIME_MARKET_NOT_RELIABLE;CANDIDATE_REGIME_NOT_SUPPORTED;PRODUCTION_MARKET_DISABLED;NO_VERIFIED_INCREMENTAL_MODEL_VALUE;HOLDOUT_SELECTS_MARKET_ONLY;NO_POSITIVE_SHRUNK_EV;CURRENT_INJURY_CONTEXT_NOT_FRESH;QB_UNCERTAINTY;HIGH_MARKET_DISAGREEMENT,-0.045454545454545414,MARKET_ONLY_PREFERRED,MEDIUM,true,20.647173382200755,25.512525298752784,CHI,PASS,VERIFIED_QUOTE_RESEARCH_ONLY,BLOCKED_OR_MISSING,STALE_OR_UNKNOWN_INJURY_CONTEXT;QB_STARTER_STATE_UNCERTAIN;HISTORICAL_REGIME_NOT_VALIDATED;HOLDOUT_PREFERS_MARKET;NO_POSITIVE_HOLDOUT_SHRUNK_EV;EDGE_EVIDENCE_NOT_SUPPORTED;UNUSUAL_MARKET_DISAGREEMENT,
2026,5,2026_05_CHI_GB,CHI,GB,-4.865351916552026,46.15969868095354,total,over,PointsBet,45.5,-110,0.5238537144309581,0.023853714430958073,0.00008436391364718965,2026-10-09T17:11:58.319340+00:00,ACTIVE,PASS,PASS,true,0.0,false,false,false,BLOCKED,true,false,true,true,false,true,true,true,EVIDENCE_OR_CONTEXT_BLOCKED,NFL_REGIME_MARKET_NOT_RELIABLE;CANDIDATE_REGIME_NOT_SUPPORTED;PRODUCTION_MARKET_DISABLED;NO_VERIFIED_INCREMENTAL_MODEL_VALUE;HOLDOUT_SELECTS_MARKET_ONLY;NO_POSITIVE_SHRUNK_EV;CURRENT_INJURY_CONTEXT_NOT_FRESH;QB_UNCERTAINTY;HIGH_MARKET_DISAGREEMENT,-0.045454545454545414,MARKET_ONLY_PREFERRED,LOW,true,20.647173382200755,25.512525298752784,CHI,PASS,VERIFIED_QUOTE_RESEARCH_ONLY,BLOCKED_OR_MISSING,STALE_OR_UNKNOWN_INJURY_CONTEXT;QB_STARTER_STATE_UNCERTAIN;HISTORICAL_REGIME_NOT_VALIDATED;HOLDOUT_PREFERS_MARKET;NO_POSITIVE_HOLDOUT_SHRUNK_EV;EDGE_EVIDENCE_NOT_SUPPORTED;UNUSUAL_MARKET_DISAGREEMENT,
2026,5,2026_05_CHI_GB,CHI,GB,-4.865351916552026,46.15969868095354,moneyline,away,WynnBET,,-120,0.7050484892557234,0.1833093588209408,0.2925888969688264,2026-10-09T17:11:58.319340+00:00,ACTIVE,PASS,PASS,true,0.0,false,false,false,BLOCKED,true,false,true,true,false,true,true,true,EVIDENCE_OR_CONTEXT_BLOCKED,NFL_REGIME_MARKET_NOT_RELIABLE;CANDIDATE_REGIME_NOT_SUPPORTED;PRODUCTION_MARKET_DISABLED;NO_VERIFIED_INCREMENTAL_MODEL_VALUE;HOLDOUT_SELECTS_MARKET_ONLY;NO_POSITIVE_SHRUNK_EV;CURRENT_INJURY_CONTEXT_NOT_FRESH;QB_UNCERTAINTY;HIGH_MARKET_DISAGREEMENT,-0.04347826086956519,MARKET_ONLY_PREFERRED,HIGH,true,20.647173382200755,25.512525298752784,CHI,PASS,VERIFIED_QUOTE_RESEARCH_ONLY,BLOCKED_OR_MISSING,STALE_OR_UNKNOWN_INJURY_CONTEXT;QB_STARTER_STATE_UNCERTAIN;HISTORICAL_REGIME_NOT_VALIDATED;HOLDOUT_PREFERS_MARKET;NO_POSITIVE_HOLDOUT_SHRUNK_EV;EDGE_EVIDENCE_NOT_SUPPORTED;UNUSUAL_MARKET_DISAGREEMENT,
2026,5,2026_05_CIN_MIA,CIN,MIA,-3.477616979972069,44.535089329163874,spread,home,BetRivers,6.5,100,0.5954886751280621,0.11722780556284473,0.19097735025612428,2026-10-09T17:11:58.319340+00:00,ACTIVE,PASS,STRONG,true,0.0,false,false,false,BLOCKED,true,false,true,false,true,true,true,true,EVIDENCE_OR_CONTEXT_BLOCKED,NFL_REGIME_MARKET_NOT_RELIABLE;CANDIDATE_REGIME_NOT_SUPPORTED;PRODUCTION_MARKET_DISABLED;NO_VERIFIED_INCREMENTAL_MODEL_VALUE;HOLDOUT_SELECTS_MARKET_ONLY;NO_POSITIVE_SHRUNK_EV;CURRENT_INJURY_CONTEXT_NOT_FRESH,-0.04347826086956519,MARKET_ONLY_PREFERRED,MEDIUM,false,20.528736174595902,24.00635315456797,CIN,PASS,VERIFIED_QUOTE_RESEARCH_ONLY,BLOCKED_OR_MISSING,STALE_OR_UNKNOWN_INJURY_CONTEXT;HISTORICAL_REGIME_NOT_VALIDATED;HOLDOUT_PREFERS_MARKET;NO_POSITIVE_HOLDOUT_SHRUNK_EV;EDGE_EVIDENCE_NOT_SUPPORTED,
2026,5,2026_05_CIN_MIA,CIN,MIA,-3.477616979972069,44.535089329163874,moneyline,home,ActionNetwork book 49,,265,0.3426325478630216,0.08022868720852006,0.2506087997000288,2026-10-09T17:11:58.319340+00:00,ACTIVE,PASS,PASS,true,0.0,false,false,false,BLOCKED,true,false,true,false,true,true,true,true,EVIDENCE_OR_CONTEXT_BLOCKED,NFL_REGIME_MARKET_NOT_RELIABLE;CANDIDATE_REGIME_NOT_SUPPORTED;PRODUCTION_MARKET_DISABLED;NO_VERIFIED_INCREMENTAL_MODEL_VALUE;HOLDOUT_SELECTS_MARKET_ONLY;NO_POSITIVE_SHRUNK_EV;CURRENT_INJURY_CONTEXT_NOT_FRESH,-0.04222590861106934,MARKET_ONLY_PREFERRED,MEDIUM,false,20.528736174595902,24.00635315456797,CIN,PASS,VERIFIED_QUOTE_RESEARCH_ONLY,BLOCKED_OR_MISSING,STALE_OR_UNKNOWN_INJURY_CONTEXT;HISTORICAL_REGIME_NOT_VALIDATED;HOLDOUT_PREFERS_MARKET;NO_POSITIVE_HOLDOUT_SHRUNK_EV;EDGE_EVIDENCE_NOT_SUPPORTED,
2026,5,2026_05_CIN_MIA,CIN,MIA,-3.477616979972069,44.535089329163874,total,over,DraftKings,42.5,-110,0.564131933790943,0.06413193379094295,0.07697914632816394,2026-10-09T17:11:55.143869+00:00,ACTIVE,PASS,BET,true,0.0,false,false,false,BLOCKED,true,false,true,false,true,true,true,true,EVIDENCE_OR_CONTEXT_BLOCKED,NFL_REGIME_MARKET_NOT_RELIABLE;CANDIDATE_REGIME_NOT_SUPPORTED;PRODUCTION_MARKET_DISABLED;NO_VERIFIED_INCREMENTAL_MODEL_VALUE;HOLDOUT_SELECTS_MARKET_ONLY;NO_POSITIVE_SHRUNK_EV;CURRENT_INJURY_CONTEXT_NOT_FRESH;HIGH_MARKET_DISAGREEMENT,-0.045454545454545414,MARKET_ONLY_PREFERRED,LOW,true,20.528736174595902,24.00635315456797,CIN,PASS,VERIFIED_QUOTE_RESEARCH_ONLY,BLOCKED_OR_MISSING,STALE_OR_UNKNOWN_INJURY_CONTEXT;HISTORICAL_REGIME_NOT_VALIDATED;HOLDOUT_PREFERS_MARKET;NO_POSITIVE_HOLDOUT_SHRUNK_EV;EDGE_EVIDENCE_NOT_SUPPORTED;UNUSUAL_MARKET_DISAGREEMENT,
2026,5,2026_05_CLE_NYJ,CLE,NYJ,0.115413648817146,42.88654181439965,spread,away,DraftKings,2.5,-107,0.5696855169677069,0.07513593992052803,0.10210188796556374,2026-10-09T17:11:58.319340+00:00,ACTIVE,PASS,BET,true,0.0,false,false,false,BLOCKED,true,false,true,false,true,true,true,true,EVIDENCE_OR_CONTEXT_BLOCKED,NFL_REGIME_MARKET_NOT_RELIABLE;CANDIDATE_REGIME_NOT_SUPPORTED;PRODUCTION_MARKET_DISABLED;NO_VERIFIED_INCREMENTAL_MODEL_VALUE;HOLDOUT_SELECTS_MARKET_ONLY;NO_POSITIVE_SHRUNK_EV;CURRENT_INJURY_CONTEXT_NOT_FRESH,-0.043254556553588674,MARKET_ONLY_PREFERRED,MEDIUM,false,21.500977731608398,21.38556408279125,NYJ,PASS,VERIFIED_QUOTE_RESEARCH_ONLY,BLOCKED_OR_MISSING,STALE_OR_UNKNOWN_INJURY_CONTEXT;HISTORICAL_REGIME_NOT_VALIDATED;HOLDOUT_PREFERS_MARKET;NO_POSITIVE_HOLDOUT_SHRUNK_EV;EDGE_EVIDENCE_NOT_SUPPORTED,
2026,5,2026_05_CLE_NYJ,CLE,NYJ,0.115413648817146,42.88654181439965,moneyline,away,ActionNetwork book 49,,122,0.5205656779447277,0.09174921139241216,0.15565580503729537,2026-10-09T17:11:58.319340+00:00,ACTIVE,PASS,LEAN,true,0.0,false,false,false,BLOCKED,true,false,true,false,true,true,true,true,EVIDENCE_OR_CONTEXT_BLOCKED,NFL_REGIME_MARKET_NOT_RELIABLE;CANDIDATE_REGIME_NOT_SUPPORTED;PRODUCTION_MARKET_DISABLED;NO_VERIFIED_INCREMENTAL_MODEL_VALUE;HOLDOUT_SELECTS_MARKET_ONLY;NO_POSITIVE_SHRUNK_EV;CURRENT_INJURY_CONTEXT_NOT_FRESH,-0.04802744425385952,MARKET_ONLY_PREFERRED,MEDIUM,false,21.500977731608398,21.38556408279125,NYJ,PASS,VERIFIED_QUOTE_RESEARCH_ONLY,BLOCKED_OR_MISSING,STALE_OR_UNKNOWN_INJURY_CONTEXT;HISTORICAL_REGIME_NOT_VALIDATED;HOLDOUT_PREFERS_MARKET;NO_POSITIVE_HOLDOUT_SHRUNK_EV;EDGE_EVIDENCE_NOT_SUPPORTED,
2026,5,2026_05_CLE_NYJ,CLE,NYJ,0.115413648817146,42.88654181439965,total,over,FanDuel,39.5,-110,0.6030734386289958,0.10307343862899576,0.15132201920081023,2026-10-09T17:11:58.319340+00:00,ACTIVE,PASS,STRONG,true,0.0,false,false,false,BLOCKED,true,false,true,false,true,true,true,true,EVIDENCE_OR_CONTEXT_BLOCKED,NFL_REGIME_MARKET_NOT_RELIABLE;CANDIDATE_REGIME_NOT_SUPPORTED;PRODUCTION_MARKET_DISABLED;NO_VERIFIED_INCREMENTAL_MODEL_VALUE;HOLDOUT_SELECTS_MARKET_ONLY;NO_POSITIVE_SHRUNK_EV;CURRENT_INJURY_CONTEXT_NOT_FRESH,-0.045454545454545414,MARKET_ONLY_PREFERRED,MEDIUM,false,21.500977731608398,21.38556408279125,NYJ,PASS,VERIFIED_QUOTE_RESEARCH_ONLY,BLOCKED_OR_MISSING,STALE_OR_UNKNOWN_INJURY_CONTEXT;HISTORICAL_REGIME_NOT_VALIDATED;HOLDOUT_PREFERS_MARKET;NO_POSITIVE_HOLDOUT_SHRUNK_EV;EDGE_EVIDENCE_NOT_SUPPORTED,
2026,5,2026_05_DEN_LAC,DEN,LAC,-1.8430949798459473,42.739356487522045,total,under,FanDuel,44.5,-110,0.5473652536616711,0.0473652536616711,0.04497002971773578,2026-10-09T17:11:58.319340+00:00,ACTIVE,PASS,BET,true,0.0,false,false,false,BLOCKED,true,false,true,false,true,true,true,true,EVIDENCE_OR_CONTEXT_BLOCKED,NFL_REGIME_MARKET_NOT_RELIABLE;CANDIDATE_REGIME_NOT_SUPPORTED;PRODUCTION_MARKET_DISABLED;NO_VERIFIED_INCREMENTAL_MODEL_VALUE;HOLDOUT_SELECTS_MARKET_ONLY;NO_POSITIVE_SHRUNK_EV;CURRENT_INJURY_CONTEXT_NOT_FRESH,-0.045454545454545414,MARKET_ONLY_PREFERRED,LOW,false,20.44813075383805,22.291225733683994,DEN,PASS,VERIFIED_QUOTE_RESEARCH_ONLY,BLOCKED_OR_MISSING,STALE_OR_UNKNOWN_INJURY_CONTEXT;HISTORICAL_REGIME_NOT_VALIDATED;HOLDOUT_PREFERS_MARKET;NO_POSITIVE_HOLDOUT_SHRUNK_EV;EDGE_EVIDENCE_NOT_SUPPORTED,
2026,5,2026_05_DEN_LAC,DEN,LAC,-1.8430949798459473,42.739356487522045,spread,home,WynnBET,3.0,100,0.5389252522371678,0.06253040245176006,0.07785050447433561,2026-10-09T17:11:58.319340+00:00,ACTIVE,PASS,LEAN,true,0.0,false,false,false,BLOCKED,true,false,true,false,true,true,true,true,EVIDENCE_OR_CONTEXT_BLOCKED,NFL_REGIME_MARKET_NOT_RELIABLE;CANDIDATE_REGIME_NOT_SUPPORTED;PRODUCTION_MARKET_DISABLED;NO_VERIFIED_INCREMENTAL_MODEL_VALUE;HOLDOUT_SELECTS_MARKET_ONLY;NO_POSITIVE_SHRUNK_EV;CURRENT_INJURY_CONTEXT_NOT_FRESH;HIGH_MARKET_DISAGREEMENT,-0.04721030042918439,MARKET_ONLY_PREFERRED,LOW,true,20.44813075383805,22.291225733683994,DEN,PASS,VERIFIED_QUOTE_RESEARCH_ONLY,BLOCKED_OR_MISSING,STALE_OR_UNKNOWN_INJURY_CONTEXT;HISTORICAL_REGIME_NOT_VALIDATED;HOLDOUT_PREFERS_MARKET;NO_POSITIVE_HOLDOUT_SHRUNK_EV;EDGE_EVIDENCE_NOT_SUPPORTED;UNUSUAL_MARKET_DISAGREEMENT,
2026,5,2026_05_DEN_LAC,DEN,LAC,-1.8430949798459473,42.739356487522045,moneyline,home,ActionNetwork book 49,,152,0.4030884611063283,0.022336678863943304,0.015782921987947285,2026-10-09T17:11:58.319340+00:00,ACTIVE,PASS,PASS,true,0.0,false,false,false,BLOCKED,true,false,true,false,true,true,true,true,EVIDENCE_OR_CONTEXT_BLOCKED,NFL_REGIME_MARKET_NOT_RELIABLE;CANDIDATE_REGIME_NOT_SUPPORTED;PRODUCTION_MARKET_DISABLED;NO_VERIFIED_INCREMENTAL_MODEL_VALUE;HOLDOUT_SELECTS_MARKET_ONLY;NO_POSITIVE_SHRUNK_EV;CURRENT_INJURY_CONTEXT_NOT_FRESH;HIGH_MARKET_DISAGREEMENT,-0.04050550874918979,MARKET_ONLY_PREFERRED,LOW,true,20.44813075383805,22.291225733683994,DEN,PASS,VERIFIED_QUOTE_RESEARCH_ONLY,BLOCKED_OR_MISSING,STALE_OR_UNKNOWN_INJURY_CONTEXT;HISTORICAL_REGIME_NOT_VALIDATED;HOLDOUT_PREFERS_MARKET;NO_POSITIVE_HOLDOUT_SHRUNK_EV;EDGE_EVIDENCE_NOT_SUPPORTED;UNUSUAL_MARKET_DISAGREEMENT,
2026,5,2026_05_DET_ARI,DET,ARI,-1.714138427084631,53.02038317137641,moneyline,home,FanDuel,,310,0.4080140812208305,0.1739161857372646,0.6728577330054049,2026-10-09T17:11:58.319340+00:00,ACTIVE,PASS,PASS,true,0.0,false,false,false,BLOCKED,true,false,true,false,true,true,true,true,EVIDENCE_OR_CONTEXT_BLOCKED,NFL_REGIME_MARKET_NOT_RELIABLE;CANDIDATE_REGIME_NOT_SUPPORTED;PRODUCTION_MARKET_DISABLED;NO_VERIFIED_INCREMENTAL_MODEL_VALUE;HOLDOUT_SELECTS_MARKET_ONLY;NO_POSITIVE_SHRUNK_EV;CURRENT_INJURY_CONTEXT_NOT_FRESH;HIGH_MARKET_DISAGREEMENT,-0.040198628517379986,MARKET_ONLY_PREFERRED,HIGH,false,25.653122372145887,27.36726079923052,DET,PASS,VERIFIED_QUOTE_RESEARCH_ONLY,BLOCKED_OR_MISSING,STALE_OR_UNKNOWN_INJURY_CONTEXT;HISTORICAL_REGIME_NOT_VALIDATED;HOLDOUT_PREFERS_MARKET;NO_POSITIVE_HOLDOUT_SHRUNK_EV;EDGE_EVIDENCE_NOT_SUPPORTED;UNUSUAL_MARKET_DISAGREEMENT,
2026,5,2026_05_DET_ARI,DET,ARI,-1.714138427084631,53.02038317137641,total,under,BetRivers,54.5,-105,0.5391302349793536,0.04996447116570252,0.05258760162635712,2026-10-09T17:11:58.319340+00:00,ACTIVE,PASS,LEAN,true,0.0,false,false,false,BLOCKED,true,false,true,false,true,true,true,true,EVIDENCE_OR_CONTEXT_BLOCKED,NFL_REGIME_MARKET_NOT_RELIABLE;CANDIDATE_REGIME_NOT_SUPPORTED;PRODUCTION_MARKET_DISABLED;NO_VERIFIED_INCREMENTAL_MODEL_VALUE;HOLDOUT_SELECTS_MARKET_ONLY;NO_POSITIVE_SHRUNK_EV;CURRENT_INJURY_CONTEXT_NOT_FRESH;HIGH_MARKET_DISAGREEMENT,-0.044962080173347796,MARKET_ONLY_PREFERRED,LOW,true,25.653122372145887,27.36726079923052,DET,PASS,VERIFIED_QUOTE_RESEARCH_ONLY,BLOCKED_OR_MISSING,STALE_OR_UNKNOWN_INJURY_CONTEXT;HISTORICAL_REGIME_NOT_VALIDATED;HOLDOUT_PREFERS_MARKET;NO_POSITIVE_HOLDOUT_SHRUNK_EV;EDGE_EVIDENCE_NOT_SUPPORTED;UNUSUAL_MARKET_DISAGREEMENT,
2026,5,2026_05_DET_ARI,DET,ARI,-1.714138427084631,53.02038317137641,spread,home,WynnBET,5.5,-110,0.6181422892748599,0.11814228927485992,0.18008982497927817,2026-10-09T17:11:58.319340+00:00,ACTIVE,PASS,STRONG,true,0.0,false,false,false,BLOCKED,true,false,true,false,true,true,true,true,EVIDENCE_OR_CONTEXT_BLOCKED,NFL_REGIME_MARKET_NOT_RELIABLE;CANDIDATE_REGIME_NOT_SUPPORTED;PRODUCTION_MARKET_DISABLED;NO_VERIFIED_INCREMENTAL_MODEL_VALUE;HOLDOUT_SELECTS_MARKET_ONLY;NO_POSITIVE_SHRUNK_EV;CURRENT_INJURY_CONTEXT_NOT_FRESH;HIGH_MARKET_DISAGREEMENT,-0.045454545454545414,MARKET_ONLY_PREFERRED,HIGH,true,25.653122372145887,27.36726079923052,DET,PASS,VERIFIED_QUOTE_RESEARCH_ONLY,BLOCKED_OR_MISSING,STALE_OR_UNKNOWN_INJURY_CONTEXT;HISTORICAL_REGIME_NOT_VALIDATED;HOLDOUT_PREFERS_MARKET;NO_POSITIVE_HOLDOUT_SHRUNK_EV;EDGE_EVIDENCE_NOT_SUPPORTED;UNUSUAL_MARKET_DISAGREEMENT,
2026,5,2026_05_HOU_TEN,HOU,TEN,-1.9772941201461656,41.953980489342,moneyline,home,DraftKings,,330,0.39798327845088044,0.17481643466767108,0.7113280973387859,2026-10-09T17:11:55.143869+00:00,ACTIVE,PASS,PASS,true,0.0,false,false,false,BLOCKED,true,false,true,false,true,true,true,true,EVIDENCE_OR_CONTEXT_BLOCKED,NFL_REGIME_MARKET_NOT_RELIABLE;CANDIDATE_REGIME_NOT_SUPPORTED;PRODUCTION_MARKET_DISABLED;NO_VERIFIED_INCREMENTAL_MODEL_VALUE;HOLDOUT_SELECTS_MARKET_ONLY;NO_POSITIVE_SHRUNK_EV;CURRENT_INJURY_CONTEXT_NOT_FRESH;HIGH_MARKET_DISAGREEMENT,-0.04038257173219961,MARKET_ONLY_PREFERRED,HIGH,true,19.988343184597916,21.965637304744085,HOU,PASS,VERIFIED_QUOTE_RESEARCH_ONLY,BLOCKED_OR_MISSING,STALE_OR_UNKNOWN_INJURY_CONTEXT;HISTORICAL_REGIME_NOT_VALIDATED;HOLDOUT_PREFERS_MARKET;NO_POSITIVE_HOLDOUT_SHRUNK_EV;EDGE_EVIDENCE_NOT_SUPPORTED;UNUSUAL_MARKET_DISAGREEMENT,
2026,5,2026_05_HOU_TEN,HOU,TEN,-1.9772941201461656,41.953980489342,spread,home,DraftKings,7.5,-110,0.6680878356574389,0.1680878356574389,0.2754404135278379,2026-10-09T17:11:55.143869+00:00,ACTIVE,PASS,STRONG,true,0.0,false,false,false,BLOCKED,true,false,true,false,true,true,true,true,EVIDENCE_OR_CONTEXT_BLOCKED,NFL_REGIME_MARKET_NOT_RELIABLE;CANDIDATE_REGIME_NOT_SUPPORTED;PRODUCTION_MARKET_DISABLED;NO_VERIFIED_INCREMENTAL_MODEL_VALUE;HOLDOUT_SELECTS_MARKET_ONLY;NO_POSITIVE_SHRUNK_EV;CURRENT_INJURY_CONTEXT_NOT_FRESH;HIGH_MARKET_DISAGREEMENT,-0.045454545454545414,MARKET_ONLY_PREFERRED,HIGH,true,19.988343184597916,21.965637304744085,HOU,PASS,VERIFIED_QUOTE_RESEARCH_ONLY,BLOCKED_OR_MISSING,STALE_OR_UNKNOWN_INJURY_CONTEXT;HISTORICAL_REGIME_NOT_VALIDATED;HOLDOUT_PREFERS_MARKET;NO_POSITIVE_HOLDOUT_SHRUNK_EV;EDGE_EVIDENCE_NOT_SUPPORTED;UNUSUAL_MARKET_DISAGREEMENT,
2026,5,2026_05_HOU_TEN,HOU,TEN,-1.9772941201461656,41.953980489342,total,over,WynnBET,36.5,-107,0.6605887199106549,0.16913390256393424,0.2779613553411737,2026-10-09T17:11:58.319340+00:00,ACTIVE,PASS,STRONG,true,0.0,false,false,false,BLOCKED,true,false,true,false,true,true,true,true,EVIDENCE_OR_CONTEXT_BLOCKED,NFL_REGIME_MARKET_NOT_RELIABLE;CANDIDATE_REGIME_NOT_SUPPORTED;PRODUCTION_MARKET_DISABLED;NO_VERIFIED_INCREMENTAL_MODEL_VALUE;HOLDOUT_SELECTS_MARKET_ONLY;NO_POSITIVE_SHRUNK_EV;CURRENT_INJURY_CONTEXT_NOT_FRESH;HIGH_MARKET_DISAGREEMENT,-0.049241615039521514,MARKET_ONLY_PREFERRED,MEDIUM,true,19.988343184597916,21.965637304744085,HOU,PASS,VERIFIED_QUOTE_RESEARCH_ONLY,BLOCKED_OR_MISSING,STALE_OR_UNKNOWN_INJURY_CONTEXT;HISTORICAL_REGIME_NOT_VALIDATED;HOLDOUT_PREFERS_MARKET;NO_POSITIVE_HOLDOUT_SHRUNK_EV;EDGE_EVIDENCE_NOT_SUPPORTED;UNUSUAL_MARKET_DISAGREEMENT,
2026,5,2026_05_IND_PIT,IND,PIT,-0.2567712378467135,47.0751130906528,moneyline,away,DraftKings,,124,0.535260788755713,0.10732042431617694,0.1989841668127974,2026-10-09T17:11:55.143869+00:00,ACTIVE,PASS,LEAN,true,0.0,false,false,false,BLOCKED,true,false,true,false,true,true,true,true,EVIDENCE_OR_CONTEXT_BLOCKED,NFL_REGIME_MARKET_NOT_RELIABLE;CANDIDATE_REGIME_NOT_SUPPORTED;PRODUCTION_MARKET_DISABLED;NO_VERIFIED_INCREMENTAL_MODEL_VALUE;HOLDOUT_SELECTS_MARKET_ONLY;NO_POSITIVE_SHRUNK_EV;CURRENT_INJURY_CONTEXT_NOT_FRESH;HIGH_MARKET_DISAGREEMENT,-0.0414135836554389,MARKET_ONLY_PREFERRED,HIGH,false,23.409170926403043,23.665942164249756,IND,PASS,VERIFIED_QUOTE_RESEARCH_ONLY,BLOCKED_OR_MISSING,STALE_OR_UNKNOWN_INJURY_CONTEXT;HISTORICAL_REGIME_NOT_VALIDATED;HOLDOUT_PREFERS_MARKET;NO_POSITIVE_HOLDOUT_SHRUNK_EV;EDGE_EVIDENCE_NOT_SUPPORTED;UNUSUAL_MARKET_DISAGREEMENT,
2026,5,2026_05_IND_PIT,IND,PIT,-0.2567712378467135,47.0751130906528,total,over,PointsBet,43.5,-110,0.6084354852093317,0.10843548520933166,0.1615586535814515,2026-10-09T17:11:58.319340+00:00,ACTIVE,PASS,STRONG,true,0.0,false,false,false,BLOCKED,true,false,true,false,true,true,true,true,EVIDENCE_OR_CONTEXT_BLOCKED,NFL_REGIME_MARKET_NOT_RELIABLE;CANDIDATE_REGIME_NOT_SUPPORTED;PRODUCTION_MARKET_DISABLED;NO_VERIFIED_INCREMENTAL_MODEL_VALUE;HOLDOUT_SELECTS_MARKET_ONLY;NO_POSITIVE_SHRUNK_EV;CURRENT_INJURY_CONTEXT_NOT_FRESH;HIGH_MARKET_DISAGREEMENT,-0.045454545454545414,MARKET_ONLY_PREFERRED,MEDIUM,true,23.409170926403043,23.665942164249756,IND,PASS,VERIFIED_QUOTE_RESEARCH_ONLY,BLOCKED_OR_MISSING,STALE_OR_UNKNOWN_INJURY_CONTEXT;HISTORICAL_REGIME_NOT_VALIDATED;HOLDOUT_PREFERS_MARKET;NO_POSITIVE_HOLDOUT_SHRUNK_EV;EDGE_EVIDENCE_NOT_SUPPORTED;UNUSUAL_MARKET_DISAGREEMENT,
2026,5,2026_05_IND_PIT,IND,PIT,-0.2567712378467135,47.0751130906528,spread,away,BetRivers,2.5,-102,0.5809386722474268,0.09830279796369701,0.150486390137061,2026-10-09T17:11:58.319340+00:00,ACTIVE,PASS,STRONG,true,0.0,false,false,false,BLOCKED,true,false,true,false,true,true,true,true,EVIDENCE_OR_CONTEXT_BLOCKED,NFL_REGIME_MARKET_NOT_RELIABLE;CANDIDATE_REGIME_NOT_SUPPORTED;PRODUCTION_MARKET_DISABLED;NO_VERIFIED_INCREMENTAL_MODEL_VALUE;HOLDOUT_SELECTS_MARKET_ONLY;NO_POSITIVE_SHRUNK_EV;CURRENT_INJURY_CONTEXT_NOT_FRESH,-0.044191699947907614,MARKET_ONLY_PREFERRED,MEDIUM,false,23.409170926403043,23.665942164249756,IND,PASS,VERIFIED_QUOTE_RESEARCH_ONLY,BLOCKED_OR_MISSING,STALE_OR_UNKNOWN_INJURY_CONTEXT;HISTORICAL_REGIME_NOT_VALIDATED;HOLDOUT_PREFERS_MARKET;NO_POSITIVE_HOLDOUT_SHRUNK_EV;EDGE_EVIDENCE_NOT_SUPPORTED,
2026,5,2026_05_LV_NE,LV,NE,1.267440477876029,43.61911072954666,moneyline,away,BetRivers,,164,0.4749668017417551,0.11187098343587726,0.2539123565982333,2026-10-09T17:11:58.319340+00:00,ACTIVE,PASS,PASS,true,0.0,false,false,false,BLOCKED,true,false,true,true,false,true,true,true,EVIDENCE_OR_CONTEXT_BLOCKED,NFL_REGIME_MARKET_NOT_RELIABLE;CANDIDATE_REGIME_NOT_SUPPORTED;PRODUCTION_MARKET_DISABLED;NO_VERIFIED_INCREMENTAL_MODEL_VALUE;HOLDOUT_SELECTS_MARKET_ONLY;NO_POSITIVE_SHRUNK_EV;CURRENT_INJURY_CONTEXT_NOT_FRESH;QB_UNCERTAINTY;HIGH_MARKET_DISAGREEMENT,-0.04142703967248251,MARKET_ONLY_PREFERRED,HIGH,true,22.443275603711346,21.175835125835317,NE,PASS,VERIFIED_QUOTE_RESEARCH_ONLY,BLOCKED_OR_MISSING,STALE_OR_UNKNOWN_INJURY_CONTEXT;QB_STARTER_STATE_UNCERTAIN;HISTORICAL_REGIME_NOT_VALIDATED;HOLDOUT_PREFERS_MARKET;NO_POSITIVE_HOLDOUT_SHRUNK_EV;EDGE_EVIDENCE_NOT_SUPPORTED;UNUSUAL_MARKET_DISAGREEMENT,
2026,5,2026_05_LV_NE,LV,NE,1.267440477876029,43.61911072954666,spread,away,PointsBet,3.5,-105,0.5650720500155274,0.07590628620187628,0.10323590717317255,2026-10-09T17:11:58.319340+00:00,ACTIVE,PASS,PASS,true,0.0,false,false,false,BLOCKED,true,false,true,true,false,true,true,true,EVIDENCE_OR_CONTEXT_BLOCKED,NFL_REGIME_MARKET_NOT_RELIABLE;CANDIDATE_REGIME_NOT_SUPPORTED;PRODUCTION_MARKET_DISABLED;NO_VERIFIED_INCREMENTAL_MODEL_VALUE;HOLDOUT_SELECTS_MARKET_ONLY;NO_POSITIVE_SHRUNK_EV;CURRENT_INJURY_CONTEXT_NOT_FRESH;QB_UNCERTAINTY;HIGH_MARKET_DISAGREEMENT,-0.044962080173347796,MARKET_ONLY_PREFERRED,MEDIUM,true,22.443275603711346,21.175835125835317,NE,PASS,VERIFIED_QUOTE_RESEARCH_ONLY,BLOCKED_OR_MISSING,STALE_OR_UNKNOWN_INJURY_CONTEXT;QB_STARTER_STATE_UNCERTAIN;HISTORICAL_REGIME_NOT_VALIDATED;HOLDOUT_PREFERS_MARKET;NO_POSITIVE_HOLDOUT_SHRUNK_EV;EDGE_EVIDENCE_NOT_SUPPORTED;UNUSUAL_MARKET_DISAGREEMENT,
2026,5,2026_05_LV_NE,LV,NE,1.267440477876029,43.61911072954666,total,under,DraftKings,45.5,-110,0.550882850118789,0.050882850118789014,0.051685441135870036,2026-10-09T17:11:55.143869+00:00,ACTIVE,PASS,PASS,true,0.0,false,false,false,BLOCKED,true,false,true,true,false,true,true,true,EVIDENCE_OR_CONTEXT_BLOCKED,NFL_REGIME_MARKET_NOT_RELIABLE;CANDIDATE_REGIME_NOT_SUPPORTED;PRODUCTION_MARKET_DISABLED;NO_VERIFIED_INCREMENTAL_MODEL_VALUE;HOLDOUT_SELECTS_MARKET_ONLY;NO_POSITIVE_SHRUNK_EV;CURRENT_INJURY_CONTEXT_NOT_FRESH;QB_UNCERTAINTY,-0.045454545454545414,MARKET_ONLY_PREFERRED,LOW,false,22.443275603711346,21.175835125835317,NE,PASS,VERIFIED_QUOTE_RESEARCH_ONLY,BLOCKED_OR_MISSING,STALE_OR_UNKNOWN_INJURY_CONTEXT;QB_STARTER_STATE_UNCERTAIN;HISTORICAL_REGIME_NOT_VALIDATED;HOLDOUT_PREFERS_MARKET;NO_POSITIVE_HOLDOUT_SHRUNK_EV;EDGE_EVIDENCE_NOT_SUPPORTED,
2026,5,2026_05_MIN_NO,MIN,NO,-3.734063651143149,44.41324632303893,total,over,BetMGM,41.5,-108,0.5895312464077296,0.09172615422160141,0.13539351160007196,2026-10-09T17:11:58.319340+00:00,ACTIVE,PASS,PASS,true,0.0,false,false,false,BLOCKED,true,false,true,true,false,true,true,true,EVIDENCE_OR_CONTEXT_BLOCKED,NFL_REGIME_MARKET_NOT_RELIABLE;CANDIDATE_REGIME_NOT_SUPPORTED;PRODUCTION_MARKET_DISABLED;NO_VERIFIED_INCREMENTAL_MODEL_VALUE;HOLDOUT_SELECTS_MARKET_ONLY;NO_POSITIVE_SHRUNK_EV;CURRENT_INJURY_CONTEXT_NOT_FRESH;QB_UNCERTAINTY,-0.041264266900790214,MARKET_ONLY_PREFERRED,LOW,false,20.339591335947894,24.07365498709104,MIN,PASS,VERIFIED_QUOTE_RESEARCH_ONLY,BLOCKED_OR_MISSING,STALE_OR_UNKNOWN_INJURY_CONTEXT;QB_STARTER_STATE_UNCERTAIN;HISTORICAL_REGIME_NOT_VALIDATED;HOLDOUT_PREFERS_MARKET;NO_POSITIVE_HOLDOUT_SHRUNK_EV;EDGE_EVIDENCE_NOT_SUPPORTED,
2026,5,2026_05_MIN_NO,MIN,NO,-3.734063651143149,44.41324632303893,spread,away,FanDuel,-1.5,-110,0.5651177394125925,0.06511773941259247,0.07886113887858559,2026-10-09T17:11:58.319340+00:00,ACTIVE,PASS,PASS,true,0.0,false,false,false,BLOCKED,true,false,true,true,false,true,true,true,EVIDENCE_OR_CONTEXT_BLOCKED,NFL_REGIME_MARKET_NOT_RELIABLE;CANDIDATE_REGIME_NOT_SUPPORTED;PRODUCTION_MARKET_DISABLED;NO_VERIFIED_INCREMENTAL_MODEL_VALUE;HOLDOUT_SELECTS_MARKET_ONLY;NO_POSITIVE_SHRUNK_EV;CURRENT_INJURY_CONTEXT_NOT_FRESH;QB_UNCERTAINTY,-0.045454545454545414,MARKET_ONLY_PREFERRED,LOW,false,20.339591335947894,24.07365498709104,MIN,PASS,VERIFIED_QUOTE_RESEARCH_ONLY,BLOCKED_OR_MISSING,STALE_OR_UNKNOWN_INJURY_CONTEXT;QB_STARTER_STATE_UNCERTAIN;HISTORICAL_REGIME_NOT_VALIDATED;HOLDOUT_PREFERS_MARKET;NO_POSITIVE_HOLDOUT_SHRUNK_EV;EDGE_EVIDENCE_NOT_SUPPORTED,
2026,5,2026_05_MIN_NO,MIN,NO,-3.734063651143149,44.41324632303893,moneyline,away,FanDuel,,-125,0.6664596312595458,0.13399209879201324,0.19962733626718232,2026-10-09T17:11:58.319340+00:00,ACTIVE,PASS,PASS,true,0.0,false,false,false,BLOCKED,true,false,true,true,false,true,true,true,EVIDENCE_OR_CONTEXT_BLOCKED,NFL_REGIME_MARKET_NOT_RELIABLE;CANDIDATE_REGIME_NOT_SUPPORTED;PRODUCTION_MARKET_DISABLED;NO_VERIFIED_INCREMENTAL_MODEL_VALUE;HOLDOUT_SELECTS_MARKET_ONLY;NO_POSITIVE_SHRUNK_EV;CURRENT_INJURY_CONTEXT_NOT_FRESH;QB_UNCERTAINTY;HIGH_MARKET_DISAGREEMENT,-0.04155844155844146,MARKET_ONLY_PREFERRED,HIGH,false,20.339591335947894,24.07365498709104,MIN,PASS,VERIFIED_QUOTE_RESEARCH_ONLY,BLOCKED_OR_MISSING,STALE_OR_UNKNOWN_INJURY_CONTEXT;QB_STARTER_STATE_UNCERTAIN;HISTORICAL_REGIME_NOT_VALIDATED;HOLDOUT_PREFERS_MARKET;NO_POSITIVE_HOLDOUT_SHRUNK_EV;EDGE_EVIDENCE_NOT_SUPPORTED;UNUSUAL_MARKET_DISAGREEMENT,
2026,5,2026_05_NYG_WAS,NYG,WAS,-1.6228255078115765,46.062003359253374,moneyline,away,PointsBet,,168,0.588486861692399,0.22963518705125074,0.5771447893356294,2026-10-09T17:11:58.319340+00:00,ACTIVE,PASS,PASS,true,0.0,false,false,false,BLOCKED,true,false,true,true,false,true,true,true,EVIDENCE_OR_CONTEXT_BLOCKED,NFL_REGIME_MARKET_NOT_RELIABLE;CANDIDATE_REGIME_NOT_SUPPORTED;PRODUCTION_MARKET_DISABLED;NO_VERIFIED_INCREMENTAL_MODEL_VALUE;HOLDOUT_SELECTS_MARKET_ONLY;NO_POSITIVE_SHRUNK_EV;CURRENT_INJURY_CONTEXT_NOT_FRESH;QB_UNCERTAINTY;HIGH_MARKET_DISAGREEMENT,-0.03827751196172258,MARKET_ONLY_PREFERRED,HIGH,false,22.2195889257209,23.842414433532475,NYG,PASS,VERIFIED_QUOTE_RESEARCH_ONLY,BLOCKED_OR_MISSING,STALE_OR_UNKNOWN_INJURY_CONTEXT;QB_STARTER_STATE_UNCERTAIN;HISTORICAL_REGIME_NOT_VALIDATED;HOLDOUT_PREFERS_MARKET;NO_POSITIVE_HOLDOUT_SHRUNK_EV;EDGE_EVIDENCE_NOT_SUPPORTED;UNUSUAL_MARKET_DISAGREEMENT,
2026,5,2026_05_NYG_WAS,NYG,WAS,-1.6228255078115765,46.062003359253374,total,over,DraftKings,41.5,-110,0.6361413118663304,0.13614131186633038,0.2144515953811763,2026-10-09T17:11:55.143869+00:00,ACTIVE,PASS,PASS,true,0.0,false,false,false,BLOCKED,true,false,true,true,false,true,true,true,EVIDENCE_OR_CONTEXT_BLOCKED,NFL_REGIME_MARKET_NOT_RELIABLE;CANDIDATE_REGIME_NOT_SUPPORTED;PRODUCTION_MARKET_DISABLED;NO_VERIFIED_INCREMENTAL_MODEL_VALUE;HOLDOUT_SELECTS_MARKET_ONLY;NO_POSITIVE_SHRUNK_EV;CURRENT_INJURY_CONTEXT_NOT_FRESH;QB_UNCERTAINTY;HIGH_MARKET_DISAGREEMENT,-0.045454545454545414,MARKET_ONLY_PREFERRED,MEDIUM,true,22.2195889257209,23.842414433532475,NYG,PASS,VERIFIED_QUOTE_RESEARCH_ONLY,BLOCKED_OR_MISSING,STALE_OR_UNKNOWN_INJURY_CONTEXT;QB_STARTER_STATE_UNCERTAIN;HISTORICAL_REGIME_NOT_VALIDATED;HOLDOUT_PREFERS_MARKET;NO_POSITIVE_HOLDOUT_SHRUNK_EV;EDGE_EVIDENCE_NOT_SUPPORTED;UNUSUAL_MARKET_DISAGREEMENT,
2026,5,2026_05_NYG_WAS,NYG,WAS,-1.6228255078115765,46.062003359253374,spread,away,PointsBet,3.5,-102,0.6505796698016784,0.16985987545720532,0.2884028754895984,2026-10-09T17:11:58.319340+00:00,ACTIVE,PASS,PASS,true,0.0,false,false,false,BLOCKED,true,false,true,true,false,true,true,true,EVIDENCE_OR_CONTEXT_BLOCKED,NFL_REGIME_MARKET_NOT_RELIABLE;CANDIDATE_REGIME_NOT_SUPPORTED;PRODUCTION_MARKET_DISABLED;NO_VERIFIED_INCREMENTAL_MODEL_VALUE;HOLDOUT_SELECTS_MARKET_ONLY;NO_POSITIVE_SHRUNK_EV;CURRENT_INJURY_CONTEXT_NOT_FRESH;QB_UNCERTAINTY;HIGH_MARKET_DISAGREEMENT,-0.04798628963153373,MARKET_ONLY_PREFERRED,HIGH,false,22.2195889257209,23.842414433532475,NYG,PASS,VERIFIED_QUOTE_RESEARCH_ONLY,BLOCKED_OR_MISSING,STALE_OR_UNKNOWN_INJURY_CONTEXT;QB_STARTER_STATE_UNCERTAIN;HISTORICAL_REGIME_NOT_VALIDATED;HOLDOUT_PREFERS_MARKET;NO_POSITIVE_HOLDOUT_SHRUNK_EV;EDGE_EVIDENCE_NOT_SUPPORTED;UNUSUAL_MARKET_DISAGREEMENT,
2026,5,2026_05_PHI_JAX,PHI,JAX,6.457623973270756,42.96297851679992,moneyline,away,PointsBet,,315,0.2844400310073948,0.05295854952591331,0.18042612868068852,2026-10-09T17:11:58.319340+00:00,ACTIVE,PASS,PASS,true,0.0,false,false,false,BLOCKED,true,false,true,false,true,true,true,true,EVIDENCE_OR_CONTEXT_BLOCKED,NFL_REGIME_MARKET_NOT_RELIABLE;CANDIDATE_REGIME_NOT_SUPPORTED;PRODUCTION_MARKET_DISABLED;NO_VERIFIED_INCREMENTAL_MODEL_VALUE;HOLDOUT_SELECTS_MARKET_ONLY;NO_POSITIVE_SHRUNK_EV;CURRENT_INJURY_CONTEXT_NOT_FRESH;HIGH_MARKET_DISAGREEMENT,-0.03935185185185164,MARKET_ONLY_PREFERRED,LOW,true,24.71030124503534,18.252677271764583,JAX,PASS,VERIFIED_QUOTE_RESEARCH_ONLY,BLOCKED_OR_MISSING,STALE_OR_UNKNOWN_INJURY_CONTEXT;HISTORICAL_REGIME_NOT_VALIDATED;HOLDOUT_PREFERS_MARKET;NO_POSITIVE_HOLDOUT_SHRUNK_EV;EDGE_EVIDENCE_NOT_SUPPORTED;UNUSUAL_MARKET_DISAGREEMENT,
2026,5,2026_05_PHI_JAX,PHI,JAX,6.457623973270756,42.96297851679992,total,over,WynnBET,41.5,-109,0.5474341051870435,0.05065880206553697,0.04966722921185407,2026-10-09T17:11:58.319340+00:00,ACTIVE,PASS,BET,true,0.0,false,false,false,BLOCKED,true,false,true,false,true,true,true,true,EVIDENCE_OR_CONTEXT_BLOCKED,NFL_REGIME_MARKET_NOT_RELIABLE;CANDIDATE_REGIME_NOT_SUPPORTED;PRODUCTION_MARKET_DISABLED;NO_VERIFIED_INCREMENTAL_MODEL_VALUE;HOLDOUT_SELECTS_MARKET_ONLY;NO_POSITIVE_SHRUNK_EV;CURRENT_INJURY_CONTEXT_NOT_FRESH;HIGH_MARKET_DISAGREEMENT,-0.04746753805142312,MARKET_ONLY_PREFERRED,LOW,true,24.71030124503534,18.252677271764583,JAX,PASS,VERIFIED_QUOTE_RESEARCH_ONLY,BLOCKED_OR_MISSING,STALE_OR_UNKNOWN_INJURY_CONTEXT;HISTORICAL_REGIME_NOT_VALIDATED;HOLDOUT_PREFERS_MARKET;NO_POSITIVE_HOLDOUT_SHRUNK_EV;EDGE_EVIDENCE_NOT_SUPPORTED;UNUSUAL_MARKET_DISAGREEMENT,
2026,5,2026_05_PHI_JAX,PHI,JAX,6.457623973270756,42.96297851679992,spread,away,ActionNetwork book 49,7.5,-105,0.5286966610887877,0.039530897275136534,0.03221729069715673,2026-10-09T17:11:58.319340+00:00,ACTIVE,PASS,LEAN,true,0.0,false,false,false,BLOCKED,true,false,true,false,true,true,true,true,EVIDENCE_OR_CONTEXT_BLOCKED,NFL_REGIME_MARKET_NOT_RELIABLE;CANDIDATE_REGIME_NOT_SUPPORTED;PRODUCTION_MARKET_DISABLED;NO_VERIFIED_INCREMENTAL_MODEL_VALUE;HOLDOUT_SELECTS_MARKET_ONLY;NO_POSITIVE_SHRUNK_EV;CURRENT_INJURY_CONTEXT_NOT_FRESH;HIGH_MARKET_DISAGREEMENT,-0.044962080173347796,MARKET_ONLY_PREFERRED,LOW,true,24.71030124503534,18.252677271764583,JAX,PASS,VERIFIED_QUOTE_RESEARCH_ONLY,BLOCKED_OR_MISSING,STALE_OR_UNKNOWN_INJURY_CONTEXT;HISTORICAL_REGIME_NOT_VALIDATED;HOLDOUT_PREFERS_MARKET;NO_POSITIVE_HOLDOUT_SHRUNK_EV;EDGE_EVIDENCE_NOT_SUPPORTED;UNUSUAL_MARKET_DISAGREEMENT,
2026,5,2026_05_SF_SEA,SF,SEA,-0.3333842421460069,46.13372601562662,total,under,FanDuel,48.5,-110,0.5650385935947412,0.06503859359474118,0.07871004231723311,2026-10-09T17:11:58.319340+00:00,ACTIVE,PASS,BET,true,0.0,false,false,false,BLOCKED,true,false,true,false,true,true,true,true,EVIDENCE_OR_CONTEXT_BLOCKED,NFL_REGIME_MARKET_NOT_RELIABLE;CANDIDATE_REGIME_NOT_SUPPORTED;PRODUCTION_MARKET_DISABLED;NO_VERIFIED_INCREMENTAL_MODEL_VALUE;HOLDOUT_SELECTS_MARKET_ONLY;NO_POSITIVE_SHRUNK_EV;CURRENT_INJURY_CONTEXT_NOT_FRESH,-0.045454545454545414,MARKET_ONLY_PREFERRED,LOW,false,22.900170886740305,23.233555128886316,SF,PASS,VERIFIED_QUOTE_RESEARCH_ONLY,BLOCKED_OR_MISSING,STALE_OR_UNKNOWN_INJURY_CONTEXT;HISTORICAL_REGIME_NOT_VALIDATED;HOLDOUT_PREFERS_MARKET;NO_POSITIVE_HOLDOUT_SHRUNK_EV;EDGE_EVIDENCE_NOT_SUPPORTED,
2026,5,2026_05_SF_SEA,SF,SEA,-0.3333842421460069,46.13372601562662,spread,away,BetMGM,3.0,-102,0.5982396051637325,0.11560373088000275,0.18474902199092136,2026-10-09T17:11:58.319340+00:00,ACTIVE,PASS,STRONG,true,0.0,false,false,false,BLOCKED,true,false,true,false,true,true,true,true,EVIDENCE_OR_CONTEXT_BLOCKED,NFL_REGIME_MARKET_NOT_RELIABLE;CANDIDATE_REGIME_NOT_SUPPORTED;PRODUCTION_MARKET_DISABLED;NO_VERIFIED_INCREMENTAL_MODEL_VALUE;HOLDOUT_SELECTS_MARKET_ONLY;NO_POSITIVE_SHRUNK_EV;CURRENT_INJURY_CONTEXT_NOT_FRESH,-0.044191699947907614,MARKET_ONLY_PREFERRED,MEDIUM,false,22.900170886740305,23.233555128886316,SF,PASS,VERIFIED_QUOTE_RESEARCH_ONLY,BLOCKED_OR_MISSING,STALE_OR_UNKNOWN_INJURY_CONTEXT;HISTORICAL_REGIME_NOT_VALIDATED;HOLDOUT_PREFERS_MARKET;NO_POSITIVE_HOLDOUT_SHRUNK_EV;EDGE_EVIDENCE_NOT_SUPPORTED,
2026,5,2026_05_SF_SEA,SF,SEA,-0.3333842421460069,46.13372601562662,moneyline,away,FanDuel,,170,0.5382789857083903,0.18300816450862323,0.45335326141265386,2026-10-09T17:11:58.319340+00:00,ACTIVE,PASS,LEAN,true,0.0,false,false,false,BLOCKED,true,false,true,false,true,true,true,true,EVIDENCE_OR_CONTEXT_BLOCKED,NFL_REGIME_MARKET_NOT_RELIABLE;CANDIDATE_REGIME_NOT_SUPPORTED;PRODUCTION_MARKET_DISABLED;NO_VERIFIED_INCREMENTAL_MODEL_VALUE;HOLDOUT_SELECTS_MARKET_ONLY;NO_POSITIVE_SHRUNK_EV;CURRENT_INJURY_CONTEXT_NOT_FRESH;HIGH_MARKET_DISAGREEMENT,-0.0407687827606289,MARKET_ONLY_PREFERRED,HIGH,false,22.900170886740305,23.233555128886316,SF,PASS,VERIFIED_QUOTE_RESEARCH_ONLY,BLOCKED_OR_MISSING,STALE_OR_UNKNOWN_INJURY_CONTEXT;HISTORICAL_REGIME_NOT_VALIDATED;HOLDOUT_PREFERS_MARKET;NO_POSITIVE_HOLDOUT_SHRUNK_EV;EDGE_EVIDENCE_NOT_SUPPORTED;UNUSUAL_MARKET_DISAGREEMENT,
