game_id,season,week,kickoff_utc,team,player_id,player_name,position,market,prior_season_games,most_recent_seen_week,baseline_three_game_mean,challenger_mean,window,shrinkage,line,book,true_market_ev,recommendation
2026_05_BAL_ATL,2026,5,2026-10-12T00:20:00+00:00,ATL,00-0032392,A.Hooper,TE,receiving_yards,3,4,13.333333,13.333333,8,0.0,,,,UNPRICED_RESEARCH_ONLY
2026_05_BAL_ATL,2026,5,2026-10-12T00:20:00+00:00,ATL,00-0032392,A.Hooper,TE,receptions,3,4,1.666667,1.666667,8,0.0,,,,UNPRICED_RESEARCH_ONLY
2026_05_BAL_ATL,2026,5,2026-10-12T00:20:00+00:00,ATL,00-0035208,O.Zaccheaus,WR,receiving_yards,4,4,4.0,4.25,8,0.0,,,,UNPRICED_RESEARCH_ONLY
2026_05_BAL_ATL,2026,5,2026-10-12T00:20:00+00:00,ATL,00-0035208,O.Zaccheaus,WR,receptions,4,4,1.0,1.0,8,0.0,,,,UNPRICED_RESEARCH_ONLY
2026_05_BAL_ATL,2026,5,2026-10-12T00:20:00+00:00,ATL,00-0036463,C.Blair,WR,receiving_yards,4,4,2.0,1.5,8,0.0,,,,UNPRICED_RESEARCH_ONLY
2026_05_BAL_ATL,2026,5,2026-10-12T00:20:00+00:00,ATL,00-0036463,C.Blair,WR,receptions,4,4,0.333333,0.25,8,0.0,,,,UNPRICED_RESEARCH_ONLY
2026_05_BAL_ATL,2026,5,2026-10-12T00:20:00+00:00,ATL,00-0036970,K.Pitts,TE,receiving_yards,4,4,22.333333,16.75,8,0.0,,,,UNPRICED_RESEARCH_ONLY
2026_05_BAL_ATL,2026,5,2026-10-12T00:20:00+00:00,ATL,00-0036970,K.Pitts,TE,receptions,4,4,1.666667,1.25,8,0.0,,,,UNPRICED_RESEARCH_ONLY
2026_05_BAL_ATL,2026,5,2026-10-12T00:20:00+00:00,ATL,00-0037238,D.London,WR,receiving_yards,4,4,113.666667,92.5,8,0.0,,,,UNPRICED_RESEARCH_ONLY
2026_05_BAL_ATL,2026,5,2026-10-12T00:20:00+00:00,ATL,00-0037238,D.London,WR,receptions,4,4,6.0,5.0,8,0.0,,,,UNPRICED_RESEARCH_ONLY
2026_05_BAL_ATL,2026,5,2026-10-12T00:20:00+00:00,ATL,00-0037741,J.Dotson,WR,receiving_yards,4,4,25.333333,23.75,8,0.0,,,,UNPRICED_RESEARCH_ONLY
2026_05_BAL_ATL,2026,5,2026-10-12T00:20:00+00:00,ATL,00-0037741,J.Dotson,WR,receptions,4,4,1.666667,1.5,8,0.0,,,,UNPRICED_RESEARCH_ONLY
2026_05_BAL_ATL,2026,5,2026-10-12T00:20:00+00:00,ATL,00-0037746,Br.Robinson,RB,receiving_yards,4,4,7.0,5.25,8,0.0,,,,UNPRICED_RESEARCH_ONLY
2026_05_BAL_ATL,2026,5,2026-10-12T00:20:00+00:00,ATL,00-0037746,Br.Robinson,RB,receptions,4,4,1.0,0.75,8,0.0,,,,UNPRICED_RESEARCH_ONLY
2026_05_BAL_ATL,2026,5,2026-10-12T00:20:00+00:00,ATL,00-0037746,Br.Robinson,RB,rushing_yards,4,4,54.333333,48.5,8,0.0,,,,UNPRICED_RESEARCH_ONLY
2026_05_BAL_ATL,2026,5,2026-10-12T00:20:00+00:00,ATL,00-0038542,Bi.Robinson,RB,receiving_yards,4,4,10.0,30.0,8,0.0,,,,UNPRICED_RESEARCH_ONLY
2026_05_BAL_ATL,2026,5,2026-10-12T00:20:00+00:00,ATL,00-0038542,Bi.Robinson,RB,receptions,4,4,2.0,3.5,8,0.0,,,,UNPRICED_RESEARCH_ONLY
2026_05_BAL_ATL,2026,5,2026-10-12T00:20:00+00:00,ATL,00-0038542,Bi.Robinson,RB,rushing_yards,4,4,137.0,123.5,8,0.0,,,,UNPRICED_RESEARCH_ONLY
2026_05_BAL_ATL,2026,5,2026-10-12T00:20:00+00:00,ATL,00-0041044,Z.Branch,WR,receiving_yards,4,4,10.333333,7.75,8,0.0,,,,UNPRICED_RESEARCH_ONLY
2026_05_BAL_ATL,2026,5,2026-10-12T00:20:00+00:00,ATL,00-0041044,Z.Branch,WR,receptions,4,4,1.666667,1.25,8,0.0,,,,UNPRICED_RESEARCH_ONLY
2026_05_BAL_ATL,2026,5,2026-10-12T00:20:00+00:00,BAL,00-0032398,C.Moore,WR,receiving_yards,3,3,21.0,21.0,8,0.0,,,,UNPRICED_RESEARCH_ONLY
2026_05_BAL_ATL,2026,5,2026-10-12T00:20:00+00:00,BAL,00-0032398,C.Moore,WR,receptions,3,3,1.0,1.0,8,0.0,,,,UNPRICED_RESEARCH_ONLY
2026_05_BAL_ATL,2026,5,2026-10-12T00:20:00+00:00,BAL,00-0032764,D.Henry,RB,receiving_yards,4,4,8.333333,11.0,8,0.0,,,,UNPRICED_RESEARCH_ONLY
2026_05_BAL_ATL,2026,5,2026-10-12T00:20:00+00:00,BAL,00-0032764,D.Henry,RB,receptions,4,4,2.0,1.75,8,0.0,,,,UNPRICED_RESEARCH_ONLY
2026_05_BAL_ATL,2026,5,2026-10-12T00:20:00+00:00,BAL,00-0032764,D.Henry,RB,rushing_yards,4,4,76.666667,93.5,8,0.0,,,,UNPRICED_RESEARCH_ONLY
2026_05_BAL_ATL,2026,5,2026-10-12T00:20:00+00:00,BAL,00-0034753,M.Andrews,TE,receiving_yards,4,4,33.333333,37.25,8,0.0,,,,UNPRICED_RESEARCH_ONLY
2026_05_BAL_ATL,2026,5,2026-10-12T00:20:00+00:00,BAL,00-0034753,M.Andrews,TE,receptions,4,4,4.666667,4.5,8,0.0,,,,UNPRICED_RESEARCH_ONLY
2026_05_BAL_ATL,2026,5,2026-10-12T00:20:00+00:00,BAL,00-0034796,L.Jackson,QB,passing_yards,4,4,214.333333,214.333333,3,0.0,,,,UNPRICED_RESEARCH_ONLY
2026_05_BAL_ATL,2026,5,2026-10-12T00:20:00+00:00,BAL,00-0034796,L.Jackson,QB,rushing_yards,4,4,34.666667,36.0,8,0.0,,,,UNPRICED_RESEARCH_ONLY
2026_05_BAL_ATL,2026,5,2026-10-12T00:20:00+00:00,BAL,00-0034798,D.Smythe,TE,receiving_yards,3,4,1.333333,1.333333,8,0.0,,,,UNPRICED_RESEARCH_ONLY
2026_05_BAL_ATL,2026,5,2026-10-12T00:20:00+00:00,BAL,00-0034798,D.Smythe,TE,receptions,3,4,0.333333,0.333333,8,0.0,,,,UNPRICED_RESEARCH_ONLY
2026_05_BAL_ATL,2026,5,2026-10-12T00:20:00+00:00,BAL,00-0034975,J.Hill,RB,receiving_yards,4,4,11.333333,11.0,8,0.0,,,,UNPRICED_RESEARCH_ONLY
2026_05_BAL_ATL,2026,5,2026-10-12T00:20:00+00:00,BAL,00-0034975,J.Hill,RB,receptions,4,4,1.333333,1.25,8,0.0,,,,UNPRICED_RESEARCH_ONLY
2026_05_BAL_ATL,2026,5,2026-10-12T00:20:00+00:00,BAL,00-0034975,J.Hill,RB,rushing_yards,4,4,14.0,15.0,8,0.0,,,,UNPRICED_RESEARCH_ONLY
2026_05_BAL_ATL,2026,5,2026-10-12T00:20:00+00:00,BAL,00-0036550,R.Bateman,WR,receiving_yards,4,4,57.0,42.75,8,0.0,,,,UNPRICED_RESEARCH_ONLY
2026_05_BAL_ATL,2026,5,2026-10-12T00:20:00+00:00,BAL,00-0036550,R.Bateman,WR,receptions,4,4,3.666667,2.75,8,0.0,,,,UNPRICED_RESEARCH_ONLY
2026_05_BAL_ATL,2026,5,2026-10-12T00:20:00+00:00,BAL,00-0039064,Z.Flowers,WR,receiving_yards,3,4,117.333333,117.333333,8,0.0,,,,UNPRICED_RESEARCH_ONLY
2026_05_BAL_ATL,2026,5,2026-10-12T00:20:00+00:00,BAL,00-0039064,Z.Flowers,WR,receptions,3,4,6.0,6.0,8,0.0,,,,UNPRICED_RESEARCH_ONLY
2026_05_BAL_ATL,2026,5,2026-10-12T00:20:00+00:00,BAL,00-0039064,Z.Flowers,WR,rushing_yards,3,4,6.666667,6.666667,8,0.0,,,,UNPRICED_RESEARCH_ONLY
2026_05_BAL_ATL,2026,5,2026-10-12T00:20:00+00:00,BAL,00-0039792,D.Walker,WR,receiving_yards,3,4,22.0,22.0,8,0.0,,,,UNPRICED_RESEARCH_ONLY
2026_05_BAL_ATL,2026,5,2026-10-12T00:20:00+00:00,BAL,00-0039792,D.Walker,WR,receptions,3,4,0.666667,0.666667,8,0.0,,,,UNPRICED_RESEARCH_ONLY
2026_05_BAL_ATL,2026,5,2026-10-12T00:20:00+00:00,BAL,00-0040075,L.Wester,WR,receiving_yards,4,4,4.666667,7.25,8,0.0,,,,UNPRICED_RESEARCH_ONLY
2026_05_BAL_ATL,2026,5,2026-10-12T00:20:00+00:00,BAL,00-0040075,L.Wester,WR,receptions,4,4,0.333333,0.75,8,0.0,,,,UNPRICED_RESEARCH_ONLY
2026_05_BAL_ATL,2026,5,2026-10-12T00:20:00+00:00,BAL,00-0040879,M.Hibner,TE,receiving_yards,3,4,23.333333,23.333333,8,0.0,,,,UNPRICED_RESEARCH_ONLY
2026_05_BAL_ATL,2026,5,2026-10-12T00:20:00+00:00,BAL,00-0040879,M.Hibner,TE,receptions,3,4,1.666667,1.666667,8,0.0,,,,UNPRICED_RESEARCH_ONLY
2026_05_BUF_LA,2026,5,2026-10-13T00:15:00+00:00,BUF,00-0034827,D.Moore,WR,receiving_yards,4,4,26.0,44.5,8,0.0,,,,UNPRICED_RESEARCH_ONLY
2026_05_BUF_LA,2026,5,2026-10-13T00:15:00+00:00,BUF,00-0034827,D.Moore,WR,receptions,4,4,2.333333,3.0,8,0.0,,,,UNPRICED_RESEARCH_ONLY
2026_05_BUF_LA,2026,5,2026-10-13T00:15:00+00:00,BUF,00-0034827,D.Moore,WR,rushing_yards,4,4,1.666667,1.25,8,0.0,,,,UNPRICED_RESEARCH_ONLY
2026_05_BUF_LA,2026,5,2026-10-13T00:15:00+00:00,BUF,00-0034857,J.Allen,QB,passing_yards,4,4,235.0,235.0,3,0.0,,,,UNPRICED_RESEARCH_ONLY
2026_05_BUF_LA,2026,5,2026-10-13T00:15:00+00:00,BUF,00-0034857,J.Allen,QB,rushing_yards,4,4,31.666667,29.5,8,0.0,,,,UNPRICED_RESEARCH_ONLY
2026_05_BUF_LA,2026,5,2026-10-13T00:15:00+00:00,BUF,00-0035689,D.Knox,TE,receiving_yards,4,4,7.666667,7.5,8,0.0,,,,UNPRICED_RESEARCH_ONLY
2026_05_BUF_LA,2026,5,2026-10-13T00:15:00+00:00,BUF,00-0035689,D.Knox,TE,receptions,4,4,1.666667,1.5,8,0.0,,,,UNPRICED_RESEARCH_ONLY
2026_05_BUF_LA,2026,5,2026-10-13T00:15:00+00:00,BUF,00-0036988,J.Palmer,WR,receiving_yards,3,4,26.666667,26.666667,8,0.0,,,,UNPRICED_RESEARCH_ONLY
2026_05_BUF_LA,2026,5,2026-10-13T00:15:00+00:00,BUF,00-0036988,J.Palmer,WR,receptions,3,4,1.0,1.0,8,0.0,,,,UNPRICED_RESEARCH_ONLY
2026_05_BUF_LA,2026,5,2026-10-13T00:15:00+00:00,BUF,00-0037248,J.Cook,RB,receiving_yards,4,4,4.0,6.0,8,0.0,,,,UNPRICED_RESEARCH_ONLY
2026_05_BUF_LA,2026,5,2026-10-13T00:15:00+00:00,BUF,00-0037248,J.Cook,RB,receptions,4,4,1.0,1.5,8,0.0,,,,UNPRICED_RESEARCH_ONLY
2026_05_BUF_LA,2026,5,2026-10-13T00:15:00+00:00,BUF,00-0037248,J.Cook,RB,rushing_yards,4,4,121.333333,105.25,8,0.0,,,,UNPRICED_RESEARCH_ONLY
2026_05_BUF_LA,2026,5,2026-10-13T00:15:00+00:00,BUF,00-0037261,K.Shakir,WR,receiving_yards,4,4,42.0,44.0,8,0.0,,,,UNPRICED_RESEARCH_ONLY
2026_05_BUF_LA,2026,5,2026-10-13T00:15:00+00:00,BUF,00-0037261,K.Shakir,WR,receptions,4,4,3.666667,3.75,8,0.0,,,,UNPRICED_RESEARCH_ONLY
2026_05_BUF_LA,2026,5,2026-10-13T00:15:00+00:00,BUF,00-0038933,D.Kincaid,TE,receiving_yards,4,4,46.666667,67.5,8,0.0,,,,UNPRICED_RESEARCH_ONLY
2026_05_BUF_LA,2026,5,2026-10-13T00:15:00+00:00,BUF,00-0038933,D.Kincaid,TE,receptions,4,4,3.333333,3.75,8,0.0,,,,UNPRICED_RESEARCH_ONLY
2026_05_BUF_LA,2026,5,2026-10-13T00:15:00+00:00,BUF,00-0039875,R.Davis,RB,receiving_yards,3,4,1.333333,1.333333,8,0.0,,,,UNPRICED_RESEARCH_ONLY
2026_05_BUF_LA,2026,5,2026-10-13T00:15:00+00:00,BUF,00-0039875,R.Davis,RB,receptions,3,4,0.333333,0.333333,8,0.0,,,,UNPRICED_RESEARCH_ONLY
2026_05_BUF_LA,2026,5,2026-10-13T00:15:00+00:00,BUF,00-0039875,R.Davis,RB,rushing_yards,3,4,2.0,2.0,8,0.0,,,,UNPRICED_RESEARCH_ONLY
2026_05_BUF_LA,2026,5,2026-10-13T00:15:00+00:00,BUF,00-0039901,K.Coleman,WR,receiving_yards,4,4,72.0,54.25,8,0.0,,,,UNPRICED_RESEARCH_ONLY
2026_05_BUF_LA,2026,5,2026-10-13T00:15:00+00:00,BUF,00-0039901,K.Coleman,WR,receptions,4,4,4.333333,3.5,8,0.0,,,,UNPRICED_RESEARCH_ONLY
2026_05_BUF_LA,2026,5,2026-10-13T00:15:00+00:00,LA,00-0026498,M.Stafford,QB,passing_yards,4,4,344.666667,344.666667,3,0.0,,,,UNPRICED_RESEARCH_ONLY
2026_05_BUF_LA,2026,5,2026-10-13T00:15:00+00:00,LA,00-0026498,M.Stafford,QB,rushing_yards,4,4,7.333333,5.25,8,0.0,,,,UNPRICED_RESEARCH_ONLY
2026_05_BUF_LA,2026,5,2026-10-13T00:15:00+00:00,LA,00-0031381,D.Adams,WR,receiving_yards,4,4,121.333333,97.5,8,0.0,,,,UNPRICED_RESEARCH_ONLY
2026_05_BUF_LA,2026,5,2026-10-13T00:15:00+00:00,LA,00-0031381,D.Adams,WR,receptions,4,4,6.333333,5.5,8,0.0,,,,UNPRICED_RESEARCH_ONLY
2026_05_BUF_LA,2026,5,2026-10-13T00:15:00+00:00,LA,00-0033110,T.Higbee,TE,receiving_yards,3,4,47.0,47.0,8,0.0,,,,UNPRICED_RESEARCH_ONLY
2026_05_BUF_LA,2026,5,2026-10-13T00:15:00+00:00,LA,00-0033110,T.Higbee,TE,receptions,3,4,5.0,5.0,8,0.0,,,,UNPRICED_RESEARCH_ONLY
2026_05_BUF_LA,2026,5,2026-10-13T00:15:00+00:00,LA,00-0036244,C.Parkinson,TE,receiving_yards,3,3,7.0,7.0,8,0.0,,,,UNPRICED_RESEARCH_ONLY
2026_05_BUF_LA,2026,5,2026-10-13T00:15:00+00:00,LA,00-0036244,C.Parkinson,TE,receptions,3,3,1.0,1.0,8,0.0,,,,UNPRICED_RESEARCH_ONLY
2026_05_BUF_LA,2026,5,2026-10-13T00:15:00+00:00,LA,00-0037840,K.Williams,RB,receiving_yards,4,4,49.666667,43.25,8,0.0,,,,UNPRICED_RESEARCH_ONLY
2026_05_BUF_LA,2026,5,2026-10-13T00:15:00+00:00,LA,00-0037840,K.Williams,RB,receptions,4,4,6.0,5.25,8,0.0,,,,UNPRICED_RESEARCH_ONLY
2026_05_BUF_LA,2026,5,2026-10-13T00:15:00+00:00,LA,00-0037840,K.Williams,RB,rushing_yards,4,4,84.333333,73.5,8,0.0,,,,UNPRICED_RESEARCH_ONLY
2026_05_BUF_LA,2026,5,2026-10-13T00:15:00+00:00,LA,00-0039074,D.Allen,TE,receiving_yards,4,4,8.666667,9.75,8,0.0,,,,UNPRICED_RESEARCH_ONLY
2026_05_BUF_LA,2026,5,2026-10-13T00:15:00+00:00,LA,00-0039074,D.Allen,TE,receptions,4,4,1.0,1.0,8,0.0,,,,UNPRICED_RESEARCH_ONLY
2026_05_BUF_LA,2026,5,2026-10-13T00:15:00+00:00,LA,00-0039738,B.Corum,RB,receiving_yards,4,4,6.666667,5.0,8,0.0,,,,UNPRICED_RESEARCH_ONLY
2026_05_BUF_LA,2026,5,2026-10-13T00:15:00+00:00,LA,00-0039738,B.Corum,RB,receptions,4,4,1.333333,1.0,8,0.0,,,,UNPRICED_RESEARCH_ONLY
2026_05_BUF_LA,2026,5,2026-10-13T00:15:00+00:00,LA,00-0039738,B.Corum,RB,rushing_yards,4,4,36.0,40.5,8,0.0,,,,UNPRICED_RESEARCH_ONLY
2026_05_BUF_LA,2026,5,2026-10-13T00:15:00+00:00,LA,00-0040590,K.Mumpfield,WR,receiving_yards,4,4,37.333333,28.0,8,0.0,,,,UNPRICED_RESEARCH_ONLY
2026_05_BUF_LA,2026,5,2026-10-13T00:15:00+00:00,LA,00-0040590,K.Mumpfield,WR,receptions,4,4,2.0,1.5,8,0.0,,,,UNPRICED_RESEARCH_ONLY
2026_05_BUF_LA,2026,5,2026-10-13T00:15:00+00:00,LA,00-0040737,T.Ferguson,TE,receiving_yards,3,3,21.0,21.0,8,0.0,,,,UNPRICED_RESEARCH_ONLY
2026_05_BUF_LA,2026,5,2026-10-13T00:15:00+00:00,LA,00-0040737,T.Ferguson,TE,receptions,3,3,2.333333,2.333333,8,0.0,,,,UNPRICED_RESEARCH_ONLY
2026_05_CHI_GB,2026,5,2026-10-11T17:00:00+00:00,CHI,00-0032464,K.Raymond,WR,receiving_yards,4,4,45.333333,55.0,8,0.0,,,,UNPRICED_RESEARCH_ONLY
2026_05_CHI_GB,2026,5,2026-10-11T17:00:00+00:00,CHI,00-0032464,K.Raymond,WR,receptions,4,4,4.333333,5.25,8,0.0,,,,UNPRICED_RESEARCH_ONLY
2026_05_CHI_GB,2026,5,2026-10-11T17:00:00+00:00,CHI,00-0036275,D.Swift,RB,receiving_yards,4,4,24.666667,21.0,8,0.0,,,,UNPRICED_RESEARCH_ONLY
2026_05_CHI_GB,2026,5,2026-10-11T17:00:00+00:00,CHI,00-0036275,D.Swift,RB,receptions,4,4,3.0,2.5,8,0.0,,,,UNPRICED_RESEARCH_ONLY
2026_05_CHI_GB,2026,5,2026-10-11T17:00:00+00:00,CHI,00-0036275,D.Swift,RB,rushing_yards,4,4,62.333333,77.75,8,0.0,,,,UNPRICED_RESEARCH_ONLY
2026_05_CHI_GB,2026,5,2026-10-11T17:00:00+00:00,CHI,00-0036290,C.Kmet,TE,receiving_yards,4,4,4.333333,12.0,8,0.0,,,,UNPRICED_RESEARCH_ONLY
2026_05_CHI_GB,2026,5,2026-10-11T17:00:00+00:00,CHI,00-0036290,C.Kmet,TE,receptions,4,4,0.666667,1.0,8,0.0,,,,UNPRICED_RESEARCH_ONLY
2026_05_CHI_GB,2026,5,2026-10-11T17:00:00+00:00,CHI,00-0039919,R.Odunze,WR,receiving_yards,4,4,60.333333,58.25,8,0.0,,,,UNPRICED_RESEARCH_ONLY
2026_05_CHI_GB,2026,5,2026-10-11T17:00:00+00:00,CHI,00-0039919,R.Odunze,WR,receptions,4,4,4.0,3.5,8,0.0,,,,UNPRICED_RESEARCH_ONLY
2026_05_CHI_GB,2026,5,2026-10-11T17:00:00+00:00,CHI,00-0040126,C.Loveland,TE,receiving_yards,4,4,30.333333,22.75,8,0.0,,,,UNPRICED_RESEARCH_ONLY
2026_05_CHI_GB,2026,5,2026-10-11T17:00:00+00:00,CHI,00-0040126,C.Loveland,TE,receptions,4,4,3.666667,2.75,8,0.0,,,,UNPRICED_RESEARCH_ONLY
2026_05_CHI_GB,2026,5,2026-10-11T17:00:00+00:00,CHI,00-0040236,K.Monangai,RB,receiving_yards,4,4,5.0,9.75,8,0.0,,,,UNPRICED_RESEARCH_ONLY
2026_05_CHI_GB,2026,5,2026-10-11T17:00:00+00:00,CHI,00-0040236,K.Monangai,RB,receptions,4,4,1.0,1.25,8,0.0,,,,UNPRICED_RESEARCH_ONLY
2026_05_CHI_GB,2026,5,2026-10-11T17:00:00+00:00,CHI,00-0040236,K.Monangai,RB,rushing_yards,4,4,74.666667,81.0,8,0.0,,,,UNPRICED_RESEARCH_ONLY
2026_05_CHI_GB,2026,5,2026-10-11T17:00:00+00:00,CHI,00-0040735,L.Burden,WR,receiving_yards,4,4,52.0,54.75,8,0.0,,,,UNPRICED_RESEARCH_ONLY
2026_05_CHI_GB,2026,5,2026-10-11T17:00:00+00:00,CHI,00-0040735,L.Burden,WR,receptions,4,4,4.666667,4.75,8,0.0,,,,UNPRICED_RESEARCH_ONLY
2026_05_CHI_GB,2026,5,2026-10-11T17:00:00+00:00,CHI,00-0040735,L.Burden,WR,rushing_yards,4,4,6.0,5.0,8,0.0,,,,UNPRICED_RESEARCH_ONLY
2026_05_CHI_GB,2026,5,2026-10-11T17:00:00+00:00,CHI,00-0041051,Z.Thomas,WR,receiving_yards,3,4,0.333333,0.333333,8,0.0,,,,UNPRICED_RESEARCH_ONLY
2026_05_CHI_GB,2026,5,2026-10-11T17:00:00+00:00,CHI,00-0041051,Z.Thomas,WR,receptions,3,4,0.333333,0.333333,8,0.0,,,,UNPRICED_RESEARCH_ONLY
2026_05_CHI_GB,2026,5,2026-10-11T17:00:00+00:00,CHI,00-0041558,S.Roush,TE,receiving_yards,3,4,11.0,11.0,8,0.0,,,,UNPRICED_RESEARCH_ONLY
2026_05_CHI_GB,2026,5,2026-10-11T17:00:00+00:00,CHI,00-0041558,S.Roush,TE,receptions,3,4,1.0,1.0,8,0.0,,,,UNPRICED_RESEARCH_ONLY
2026_05_CHI_GB,2026,5,2026-10-11T17:00:00+00:00,GB,00-0033858,J.Smith,TE,receiving_yards,3,4,28.333333,28.333333,8,0.0,,,,UNPRICED_RESEARCH_ONLY
2026_05_CHI_GB,2026,5,2026-10-11T17:00:00+00:00,GB,00-0033858,J.Smith,TE,receptions,3,4,1.666667,1.666667,8,0.0,,,,UNPRICED_RESEARCH_ONLY
2026_05_CHI_GB,2026,5,2026-10-11T17:00:00+00:00,GB,00-0036264,J.Love,QB,passing_yards,4,4,218.0,218.0,3,0.0,,,,UNPRICED_RESEARCH_ONLY
2026_05_CHI_GB,2026,5,2026-10-11T17:00:00+00:00,GB,00-0038090,S.Moore,WR,receiving_yards,4,4,11.666667,8.75,8,0.0,,,,UNPRICED_RESEARCH_ONLY
2026_05_CHI_GB,2026,5,2026-10-11T17:00:00+00:00,GB,00-0038090,S.Moore,WR,receptions,4,4,2.0,1.5,8,0.0,,,,UNPRICED_RESEARCH_ONLY
2026_05_CHI_GB,2026,5,2026-10-11T17:00:00+00:00,GB,00-0038124,C.Watson,WR,receiving_yards,4,4,61.333333,82.75,8,0.0,,,,UNPRICED_RESEARCH_ONLY
2026_05_CHI_GB,2026,5,2026-10-11T17:00:00+00:00,GB,00-0038124,C.Watson,WR,receptions,4,4,4.666667,5.0,8,0.0,,,,UNPRICED_RESEARCH_ONLY
2026_05_CHI_GB,2026,5,2026-10-11T17:00:00+00:00,GB,00-0038685,C.Brooks,RB,receiving_yards,4,4,8.0,6.0,8,0.0,,,,UNPRICED_RESEARCH_ONLY
2026_05_CHI_GB,2026,5,2026-10-11T17:00:00+00:00,GB,00-0038685,C.Brooks,RB,receptions,4,4,1.0,0.75,8,0.0,,,,UNPRICED_RESEARCH_ONLY
2026_05_CHI_GB,2026,5,2026-10-11T17:00:00+00:00,GB,00-0038685,C.Brooks,RB,rushing_yards,4,4,13.666667,17.5,8,0.0,,,,UNPRICED_RESEARCH_ONLY
2026_05_CHI_GB,2026,5,2026-10-11T17:00:00+00:00,GB,00-0038996,T.Kraft,TE,receiving_yards,4,4,27.666667,37.0,8,0.0,,,,UNPRICED_RESEARCH_ONLY
2026_05_CHI_GB,2026,5,2026-10-11T17:00:00+00:00,GB,00-0038996,T.Kraft,TE,receptions,4,4,4.0,3.75,8,0.0,,,,UNPRICED_RESEARCH_ONLY
2026_05_CHI_GB,2026,5,2026-10-11T17:00:00+00:00,GB,00-0039811,M.Lloyd,RB,receiving_yards,4,4,16.333333,12.25,8,0.0,,,,UNPRICED_RESEARCH_ONLY
2026_05_CHI_GB,2026,5,2026-10-11T17:00:00+00:00,GB,00-0039811,M.Lloyd,RB,receptions,4,4,3.0,2.25,8,0.0,,,,UNPRICED_RESEARCH_ONLY
2026_05_CHI_GB,2026,5,2026-10-11T17:00:00+00:00,GB,00-0039811,M.Lloyd,RB,rushing_yards,4,4,14.666667,20.25,8,0.0,,,,UNPRICED_RESEARCH_ONLY
2026_05_CHI_GB,2026,5,2026-10-11T17:00:00+00:00,GB,00-0040142,K.Johnson,RB,receiving_yards,4,4,3.333333,2.5,8,0.0,,,,UNPRICED_RESEARCH_ONLY
2026_05_CHI_GB,2026,5,2026-10-11T17:00:00+00:00,GB,00-0040142,K.Johnson,RB,receptions,4,4,0.333333,0.25,8,0.0,,,,UNPRICED_RESEARCH_ONLY
2026_05_CHI_GB,2026,5,2026-10-11T17:00:00+00:00,GB,00-0040142,K.Johnson,RB,rushing_yards,4,4,26.666667,20.0,8,0.0,,,,UNPRICED_RESEARCH_ONLY
2026_05_CHI_GB,2026,5,2026-10-11T17:00:00+00:00,GB,00-0040667,M.Golden,WR,receiving_yards,4,4,59.666667,68.5,8,0.0,,,,UNPRICED_RESEARCH_ONLY
2026_05_CHI_GB,2026,5,2026-10-11T17:00:00+00:00,GB,00-0040667,M.Golden,WR,receptions,4,4,4.0,4.5,8,0.0,,,,UNPRICED_RESEARCH_ONLY
2026_05_CHI_GB,2026,5,2026-10-11T17:00:00+00:00,GB,00-0040667,M.Golden,WR,rushing_yards,4,4,2.0,1.5,8,0.0,,,,UNPRICED_RESEARCH_ONLY
2026_05_CHI_GB,2026,5,2026-10-11T17:00:00+00:00,GB,00-0040948,J.Sturdivant,WR,receiving_yards,3,4,7.333333,7.333333,8,0.0,,,,UNPRICED_RESEARCH_ONLY
2026_05_CHI_GB,2026,5,2026-10-11T17:00:00+00:00,GB,00-0040948,J.Sturdivant,WR,receptions,3,4,1.0,1.0,8,0.0,,,,UNPRICED_RESEARCH_ONLY
2026_05_CIN_MIA,2026,5,2026-10-11T17:00:00+00:00,CIN,00-0033526,S.Perine,RB,receiving_yards,4,4,7.0,12.75,8,0.0,,,,UNPRICED_RESEARCH_ONLY
2026_05_CIN_MIA,2026,5,2026-10-11T17:00:00+00:00,CIN,00-0033526,S.Perine,RB,receptions,4,4,0.666667,1.25,8,0.0,,,,UNPRICED_RESEARCH_ONLY
2026_05_CIN_MIA,2026,5,2026-10-11T17:00:00+00:00,CIN,00-0033526,S.Perine,RB,rushing_yards,4,4,7.333333,10.5,8,0.0,,,,UNPRICED_RESEARCH_ONLY
2026_05_CIN_MIA,2026,5,2026-10-11T17:00:00+00:00,CIN,00-0034613,T.Hudson,TE,receiving_yards,3,4,6.333333,6.333333,8,0.0,,,,UNPRICED_RESEARCH_ONLY
2026_05_CIN_MIA,2026,5,2026-10-11T17:00:00+00:00,CIN,00-0034613,T.Hudson,TE,receptions,3,4,1.333333,1.333333,8,0.0,,,,UNPRICED_RESEARCH_ONLY
2026_05_CIN_MIA,2026,5,2026-10-11T17:00:00+00:00,CIN,00-0034829,M.Gesicki,TE,receiving_yards,3,4,51.666667,51.666667,8,0.0,,,,UNPRICED_RESEARCH_ONLY
2026_05_CIN_MIA,2026,5,2026-10-11T17:00:00+00:00,CIN,00-0034829,M.Gesicki,TE,receptions,3,4,3.666667,3.666667,8,0.0,,,,UNPRICED_RESEARCH_ONLY
2026_05_CIN_MIA,2026,5,2026-10-11T17:00:00+00:00,CIN,00-0036410,T.Higgins,WR,receiving_yards,4,4,114.0,100.25,8,0.0,,,,UNPRICED_RESEARCH_ONLY
2026_05_CIN_MIA,2026,5,2026-10-11T17:00:00+00:00,CIN,00-0036410,T.Higgins,WR,receptions,4,4,7.333333,6.25,8,0.0,,,,UNPRICED_RESEARCH_ONLY
2026_05_CIN_MIA,2026,5,2026-10-11T17:00:00+00:00,CIN,00-0036442,J.Burrow,QB,passing_yards,4,4,305.666667,305.666667,3,0.0,,,,UNPRICED_RESEARCH_ONLY
2026_05_CIN_MIA,2026,5,2026-10-11T17:00:00+00:00,CIN,00-0036442,J.Burrow,QB,rushing_yards,4,4,6.0,9.5,8,0.0,,,,UNPRICED_RESEARCH_ONLY
2026_05_CIN_MIA,2026,5,2026-10-11T17:00:00+00:00,CIN,00-0036900,J.Chase,WR,receiving_yards,4,4,66.666667,53.0,8,0.0,,,,UNPRICED_RESEARCH_ONLY
2026_05_CIN_MIA,2026,5,2026-10-11T17:00:00+00:00,CIN,00-0036900,J.Chase,WR,receptions,4,4,6.333333,5.25,8,0.0,,,,UNPRICED_RESEARCH_ONLY
2026_05_CIN_MIA,2026,5,2026-10-11T17:00:00+00:00,CIN,00-0038597,C.Brown,RB,receiving_yards,4,4,27.0,25.75,8,0.0,,,,UNPRICED_RESEARCH_ONLY
2026_05_CIN_MIA,2026,5,2026-10-11T17:00:00+00:00,CIN,00-0038597,C.Brown,RB,receptions,4,4,5.333333,5.25,8,0.0,,,,UNPRICED_RESEARCH_ONLY
2026_05_CIN_MIA,2026,5,2026-10-11T17:00:00+00:00,CIN,00-0038597,C.Brown,RB,rushing_yards,4,4,50.333333,51.75,8,0.0,,,,UNPRICED_RESEARCH_ONLY
2026_05_CIN_MIA,2026,5,2026-10-11T17:00:00+00:00,CIN,00-0040785,D.Meyers,WR,receiving_yards,4,4,37.0,32.25,8,0.0,,,,UNPRICED_RESEARCH_ONLY
2026_05_CIN_MIA,2026,5,2026-10-11T17:00:00+00:00,CIN,00-0040785,D.Meyers,WR,receptions,4,4,3.333333,2.75,8,0.0,,,,UNPRICED_RESEARCH_ONLY
2026_05_CIN_MIA,2026,5,2026-10-11T17:00:00+00:00,MIA,00-0037252,G.Dulcich,TE,receiving_yards,3,3,30.0,30.0,8,0.0,,,,UNPRICED_RESEARCH_ONLY
2026_05_CIN_MIA,2026,5,2026-10-11T17:00:00+00:00,MIA,00-0037252,G.Dulcich,TE,receptions,3,3,3.0,3.0,8,0.0,,,,UNPRICED_RESEARCH_ONLY
2026_05_CIN_MIA,2026,5,2026-10-11T17:00:00+00:00,MIA,00-0038128,M.Willis,QB,passing_yards,4,4,164.0,164.0,3,0.0,,,,UNPRICED_RESEARCH_ONLY
2026_05_CIN_MIA,2026,5,2026-10-11T17:00:00+00:00,MIA,00-0038128,M.Willis,QB,rushing_yards,4,4,24.333333,28.0,8,0.0,,,,UNPRICED_RESEARCH_ONLY
2026_05_CIN_MIA,2026,5,2026-10-11T17:00:00+00:00,MIA,00-0038824,R.Miller,WR,receiving_yards,3,4,30.666667,30.666667,8,0.0,,,,UNPRICED_RESEARCH_ONLY
2026_05_CIN_MIA,2026,5,2026-10-11T17:00:00+00:00,MIA,00-0038824,R.Miller,WR,receptions,3,4,1.0,1.0,8,0.0,,,,UNPRICED_RESEARCH_ONLY
2026_05_CIN_MIA,2026,5,2026-10-11T17:00:00+00:00,MIA,00-0039040,D.Achane,RB,receiving_yards,3,3,16.333333,16.333333,8,0.0,,,,UNPRICED_RESEARCH_ONLY
2026_05_CIN_MIA,2026,5,2026-10-11T17:00:00+00:00,MIA,00-0039040,D.Achane,RB,receptions,3,3,2.333333,2.333333,8,0.0,,,,UNPRICED_RESEARCH_ONLY
2026_05_CIN_MIA,2026,5,2026-10-11T17:00:00+00:00,MIA,00-0039040,D.Achane,RB,rushing_yards,3,3,42.333333,42.333333,8,0.0,,,,UNPRICED_RESEARCH_ONLY
2026_05_CIN_MIA,2026,5,2026-10-11T17:00:00+00:00,MIA,00-0039874,J.Wright,RB,rushing_yards,3,4,5.666667,5.666667,8,0.0,,,,UNPRICED_RESEARCH_ONLY
2026_05_CIN_MIA,2026,5,2026-10-11T17:00:00+00:00,MIA,00-0039880,M.Washington,WR,receiving_yards,4,4,55.333333,54.75,8,0.0,,,,UNPRICED_RESEARCH_ONLY
2026_05_CIN_MIA,2026,5,2026-10-11T17:00:00+00:00,MIA,00-0039880,M.Washington,WR,receptions,4,4,4.666667,4.25,8,0.0,,,,UNPRICED_RESEARCH_ONLY
2026_05_CIN_MIA,2026,5,2026-10-11T17:00:00+00:00,MIA,00-0039880,M.Washington,WR,rushing_yards,4,4,4.0,3.0,8,0.0,,,,UNPRICED_RESEARCH_ONLY
2026_05_CIN_MIA,2026,5,2026-10-11T17:00:00+00:00,MIA,00-0040198,O.Gordon,RB,receiving_yards,3,4,4.666667,4.666667,8,0.0,,,,UNPRICED_RESEARCH_ONLY
2026_05_CIN_MIA,2026,5,2026-10-11T17:00:00+00:00,MIA,00-0040198,O.Gordon,RB,receptions,3,4,1.666667,1.666667,8,0.0,,,,UNPRICED_RESEARCH_ONLY
2026_05_CIN_MIA,2026,5,2026-10-11T17:00:00+00:00,MIA,00-0040198,O.Gordon,RB,rushing_yards,3,4,49.333333,49.333333,8,0.0,,,,UNPRICED_RESEARCH_ONLY
2026_05_CIN_MIA,2026,5,2026-10-11T17:00:00+00:00,MIA,00-0041524,W.Kacmarek,TE,receiving_yards,4,4,6.333333,4.75,8,0.0,,,,UNPRICED_RESEARCH_ONLY
2026_05_CIN_MIA,2026,5,2026-10-11T17:00:00+00:00,MIA,00-0041524,W.Kacmarek,TE,receptions,4,4,0.666667,0.5,8,0.0,,,,UNPRICED_RESEARCH_ONLY
2026_05_CIN_MIA,2026,5,2026-10-11T17:00:00+00:00,MIA,00-0041525,C.Bell,WR,receiving_yards,4,4,22.333333,23.0,8,0.0,,,,UNPRICED_RESEARCH_ONLY
2026_05_CIN_MIA,2026,5,2026-10-11T17:00:00+00:00,MIA,00-0041525,C.Bell,WR,receptions,4,4,1.333333,1.25,8,0.0,,,,UNPRICED_RESEARCH_ONLY
2026_05_CIN_MIA,2026,5,2026-10-11T17:00:00+00:00,MIA,00-0041529,K.Coleman,WR,receiving_yards,3,4,2.0,2.0,8,0.0,,,,UNPRICED_RESEARCH_ONLY
2026_05_CIN_MIA,2026,5,2026-10-11T17:00:00+00:00,MIA,00-0041529,K.Coleman,WR,receptions,3,4,0.666667,0.666667,8,0.0,,,,UNPRICED_RESEARCH_ONLY
2026_05_CLE_NYJ,2026,5,2026-10-11T17:00:00+00:00,CLE,00-0033537,D.Watson,QB,passing_yards,4,4,216.666667,216.666667,3,0.0,,,,UNPRICED_RESEARCH_ONLY
2026_05_CLE_NYJ,2026,5,2026-10-11T17:00:00+00:00,CLE,00-0033537,D.Watson,QB,rushing_yards,4,4,29.666667,31.75,8,0.0,,,,UNPRICED_RESEARCH_ONLY
2026_05_CLE_NYJ,2026,5,2026-10-11T17:00:00+00:00,CLE,00-0036407,J.Jeudy,WR,receiving_yards,3,4,20.666667,20.666667,8,0.0,,,,UNPRICED_RESEARCH_ONLY
2026_05_CLE_NYJ,2026,5,2026-10-11T17:00:00+00:00,CLE,00-0036407,J.Jeudy,WR,receptions,3,4,1.666667,1.666667,8,0.0,,,,UNPRICED_RESEARCH_ONLY
2026_05_CLE_NYJ,2026,5,2026-10-11T17:00:00+00:00,CLE,00-0038710,B.Whiteheart,TE,receiving_yards,3,4,10.333333,10.333333,8,0.0,,,,UNPRICED_RESEARCH_ONLY
2026_05_CLE_NYJ,2026,5,2026-10-11T17:00:00+00:00,CLE,00-0038710,B.Whiteheart,TE,receptions,3,4,0.666667,0.666667,8,0.0,,,,UNPRICED_RESEARCH_ONLY
2026_05_CLE_NYJ,2026,5,2026-10-11T17:00:00+00:00,CLE,00-0040466,R.Sanders,RB,receiving_yards,4,4,16.0,18.25,8,0.0,,,,UNPRICED_RESEARCH_ONLY
2026_05_CLE_NYJ,2026,5,2026-10-11T17:00:00+00:00,CLE,00-0040466,R.Sanders,RB,receptions,4,4,2.333333,2.5,8,0.0,,,,UNPRICED_RESEARCH_ONLY
2026_05_CLE_NYJ,2026,5,2026-10-11T17:00:00+00:00,CLE,00-0040466,R.Sanders,RB,rushing_yards,4,4,10.0,7.75,8,0.0,,,,UNPRICED_RESEARCH_ONLY
2026_05_CLE_NYJ,2026,5,2026-10-11T17:00:00+00:00,CLE,00-0040663,H.Fannin,TE,receiving_yards,4,4,44.0,38.25,8,0.0,,,,UNPRICED_RESEARCH_ONLY
2026_05_CLE_NYJ,2026,5,2026-10-11T17:00:00+00:00,CLE,00-0040663,H.Fannin,TE,receptions,4,4,5.0,4.25,8,0.0,,,,UNPRICED_RESEARCH_ONLY
2026_05_CLE_NYJ,2026,5,2026-10-11T17:00:00+00:00,CLE,00-0040784,Q.Judkins,RB,receiving_yards,4,4,26.333333,24.0,8,0.0,,,,UNPRICED_RESEARCH_ONLY
2026_05_CLE_NYJ,2026,5,2026-10-11T17:00:00+00:00,CLE,00-0040784,Q.Judkins,RB,receptions,4,4,4.333333,3.75,8,0.0,,,,UNPRICED_RESEARCH_ONLY
2026_05_CLE_NYJ,2026,5,2026-10-11T17:00:00+00:00,CLE,00-0040784,Q.Judkins,RB,rushing_yards,4,4,48.0,44.25,8,0.0,,,,UNPRICED_RESEARCH_ONLY
2026_05_CLE_NYJ,2026,5,2026-10-11T17:00:00+00:00,CLE,00-0041037,D.Boston,WR,receiving_yards,4,4,75.0,71.0,8,0.0,,,,UNPRICED_RESEARCH_ONLY
2026_05_CLE_NYJ,2026,5,2026-10-11T17:00:00+00:00,CLE,00-0041037,D.Boston,WR,receptions,4,4,3.666667,3.25,8,0.0,,,,UNPRICED_RESEARCH_ONLY
2026_05_CLE_NYJ,2026,5,2026-10-11T17:00:00+00:00,CLE,00-0041547,K.Concepcion,WR,receiving_yards,4,4,33.666667,36.0,8,0.0,,,,UNPRICED_RESEARCH_ONLY
2026_05_CLE_NYJ,2026,5,2026-10-11T17:00:00+00:00,CLE,00-0041547,K.Concepcion,WR,receptions,4,4,4.333333,4.25,8,0.0,,,,UNPRICED_RESEARCH_ONLY
2026_05_CLE_NYJ,2026,5,2026-10-11T17:00:00+00:00,NYJ,00-0030565,G.Smith,QB,passing_yards,4,4,229.0,229.0,3,0.0,,,,UNPRICED_RESEARCH_ONLY
2026_05_CLE_NYJ,2026,5,2026-10-11T17:00:00+00:00,NYJ,00-0030565,G.Smith,QB,rushing_yards,4,4,9.666667,9.0,8,0.0,,,,UNPRICED_RESEARCH_ONLY
2026_05_CLE_NYJ,2026,5,2026-10-11T17:00:00+00:00,NYJ,00-0037740,G.Wilson,WR,receiving_yards,4,4,63.666667,67.5,8,0.0,,,,UNPRICED_RESEARCH_ONLY
2026_05_CLE_NYJ,2026,5,2026-10-11T17:00:00+00:00,NYJ,00-0037740,G.Wilson,WR,receptions,4,4,6.0,6.0,8,0.0,,,,UNPRICED_RESEARCH_ONLY
2026_05_CLE_NYJ,2026,5,2026-10-11T17:00:00+00:00,NYJ,00-0037805,J.Ruckert,TE,receiving_yards,3,3,16.0,16.0,8,0.0,,,,UNPRICED_RESEARCH_ONLY
2026_05_CLE_NYJ,2026,5,2026-10-11T17:00:00+00:00,NYJ,00-0037805,J.Ruckert,TE,receptions,3,3,2.666667,2.666667,8,0.0,,,,UNPRICED_RESEARCH_ONLY
2026_05_CLE_NYJ,2026,5,2026-10-11T17:00:00+00:00,NYJ,00-0038120,B.Hall,RB,receiving_yards,3,3,34.0,34.0,8,0.0,,,,UNPRICED_RESEARCH_ONLY
2026_05_CLE_NYJ,2026,5,2026-10-11T17:00:00+00:00,NYJ,00-0038120,B.Hall,RB,receptions,3,3,3.333333,3.333333,8,0.0,,,,UNPRICED_RESEARCH_ONLY
2026_05_CLE_NYJ,2026,5,2026-10-11T17:00:00+00:00,NYJ,00-0038120,B.Hall,RB,rushing_yards,3,3,54.333333,54.333333,8,0.0,,,,UNPRICED_RESEARCH_ONLY
2026_05_CLE_NYJ,2026,5,2026-10-11T17:00:00+00:00,NYJ,00-0039451,I.Williams,WR,receiving_yards,4,4,42.666667,33.75,8,0.0,,,,UNPRICED_RESEARCH_ONLY
2026_05_CLE_NYJ,2026,5,2026-10-11T17:00:00+00:00,NYJ,00-0039451,I.Williams,WR,receptions,4,4,3.0,2.5,8,0.0,,,,UNPRICED_RESEARCH_ONLY
2026_05_CLE_NYJ,2026,5,2026-10-11T17:00:00+00:00,NYJ,00-0039451,I.Williams,WR,rushing_yards,4,4,4.666667,3.5,8,0.0,,,,UNPRICED_RESEARCH_ONLY
2026_05_CLE_NYJ,2026,5,2026-10-11T17:00:00+00:00,NYJ,00-0039794,B.Allen,RB,receiving_yards,4,4,6.333333,4.75,8,0.0,,,,UNPRICED_RESEARCH_ONLY
2026_05_CLE_NYJ,2026,5,2026-10-11T17:00:00+00:00,NYJ,00-0039794,B.Allen,RB,receptions,4,4,2.0,1.5,8,0.0,,,,UNPRICED_RESEARCH_ONLY
2026_05_CLE_NYJ,2026,5,2026-10-11T17:00:00+00:00,NYJ,00-0039794,B.Allen,RB,rushing_yards,4,4,26.666667,30.0,8,0.0,,,,UNPRICED_RESEARCH_ONLY
2026_05_CLE_NYJ,2026,5,2026-10-11T17:00:00+00:00,NYJ,00-0041032,K.Sadiq,TE,receiving_yards,4,4,40.666667,35.75,8,0.0,,,,UNPRICED_RESEARCH_ONLY
2026_05_CLE_NYJ,2026,5,2026-10-11T17:00:00+00:00,NYJ,00-0041032,K.Sadiq,TE,receptions,4,4,3.0,3.0,8,0.0,,,,UNPRICED_RESEARCH_ONLY
2026_05_DEN_LAC,2026,5,2026-10-11T20:05:00+00:00,DEN,00-0033881,E.Engram,TE,receiving_yards,4,4,7.666667,16.5,8,0.0,,,,UNPRICED_RESEARCH_ONLY
2026_05_DEN_LAC,2026,5,2026-10-11T20:05:00+00:00,DEN,00-0033881,E.Engram,TE,receptions,4,4,0.666667,1.5,8,0.0,,,,UNPRICED_RESEARCH_ONLY
2026_05_DEN_LAC,2026,5,2026-10-11T20:05:00+00:00,DEN,00-0034348,C.Sutton,WR,receiving_yards,4,4,25.0,21.5,8,0.0,,,,UNPRICED_RESEARCH_ONLY
2026_05_DEN_LAC,2026,5,2026-10-11T20:05:00+00:00,DEN,00-0034348,C.Sutton,WR,receptions,4,4,2.333333,2.25,8,0.0,,,,UNPRICED_RESEARCH_ONLY
2026_05_DEN_LAC,2026,5,2026-10-11T20:05:00+00:00,DEN,00-0036158,J.Dobbins,RB,receiving_yards,4,4,5.333333,4.0,8,0.0,,,,UNPRICED_RESEARCH_ONLY
2026_05_DEN_LAC,2026,5,2026-10-11T20:05:00+00:00,DEN,00-0036158,J.Dobbins,RB,receptions,4,4,1.0,0.75,8,0.0,,,,UNPRICED_RESEARCH_ONLY
2026_05_DEN_LAC,2026,5,2026-10-11T20:05:00+00:00,DEN,00-0036158,J.Dobbins,RB,rushing_yards,4,4,41.666667,40.25,8,0.0,,,,UNPRICED_RESEARCH_ONLY
2026_05_DEN_LAC,2026,5,2026-10-11T20:05:00+00:00,DEN,00-0036613,J.Waddle,WR,receiving_yards,4,4,61.0,46.25,8,0.0,,,,UNPRICED_RESEARCH_ONLY
2026_05_DEN_LAC,2026,5,2026-10-11T20:05:00+00:00,DEN,00-0036613,J.Waddle,WR,receptions,4,4,5.0,4.0,8,0.0,,,,UNPRICED_RESEARCH_ONLY
2026_05_DEN_LAC,2026,5,2026-10-11T20:05:00+00:00,DEN,00-0036613,J.Waddle,WR,rushing_yards,4,4,4.666667,3.5,8,0.0,,,,UNPRICED_RESEARCH_ONLY
2026_05_DEN_LAC,2026,5,2026-10-11T20:05:00+00:00,DEN,00-0036727,A.Prentice,FB,receiving_yards,3,4,0.666667,0.666667,8,0.0,,,,UNPRICED_RESEARCH_ONLY
2026_05_DEN_LAC,2026,5,2026-10-11T20:05:00+00:00,DEN,00-0036727,A.Prentice,FB,receptions,3,4,0.333333,0.333333,8,0.0,,,,UNPRICED_RESEARCH_ONLY
2026_05_DEN_LAC,2026,5,2026-10-11T20:05:00+00:00,DEN,00-0037085,T.Badie,RB,receiving_yards,3,4,24.0,24.0,8,0.0,,,,UNPRICED_RESEARCH_ONLY
2026_05_DEN_LAC,2026,5,2026-10-11T20:05:00+00:00,DEN,00-0037085,T.Badie,RB,receptions,3,4,1.666667,1.666667,8,0.0,,,,UNPRICED_RESEARCH_ONLY
2026_05_DEN_LAC,2026,5,2026-10-11T20:05:00+00:00,DEN,00-0037085,T.Badie,RB,rushing_yards,3,4,3.333333,3.333333,8,0.0,,,,UNPRICED_RESEARCH_ONLY
2026_05_DEN_LAC,2026,5,2026-10-11T20:05:00+00:00,DEN,00-0038783,N.Adkins,TE,receiving_yards,3,3,13.333333,13.333333,8,0.0,,,,UNPRICED_RESEARCH_ONLY
2026_05_DEN_LAC,2026,5,2026-10-11T20:05:00+00:00,DEN,00-0038783,N.Adkins,TE,receptions,3,3,1.333333,1.333333,8,0.0,,,,UNPRICED_RESEARCH_ONLY
2026_05_DEN_LAC,2026,5,2026-10-11T20:05:00+00:00,DEN,00-0039732,B.Nix,QB,passing_yards,4,4,229.333333,229.333333,3,0.0,,,,UNPRICED_RESEARCH_ONLY
2026_05_DEN_LAC,2026,5,2026-10-11T20:05:00+00:00,DEN,00-0039732,B.Nix,QB,rushing_yards,4,4,7.666667,6.25,8,0.0,,,,UNPRICED_RESEARCH_ONLY
2026_05_DEN_LAC,2026,5,2026-10-11T20:05:00+00:00,DEN,00-0039868,T.Franklin,WR,receiving_yards,3,3,16.0,16.0,8,0.0,,,,UNPRICED_RESEARCH_ONLY
2026_05_DEN_LAC,2026,5,2026-10-11T20:05:00+00:00,DEN,00-0039868,T.Franklin,WR,receptions,3,3,0.666667,0.666667,8,0.0,,,,UNPRICED_RESEARCH_ONLY
2026_05_DEN_LAC,2026,5,2026-10-11T20:05:00+00:00,DEN,00-0039868,T.Franklin,WR,rushing_yards,3,3,1.666667,1.666667,8,0.0,,,,UNPRICED_RESEARCH_ONLY
2026_05_DEN_LAC,2026,5,2026-10-11T20:05:00+00:00,DEN,00-0040134,P.Bryant,WR,receiving_yards,4,4,30.333333,33.25,8,0.0,,,,UNPRICED_RESEARCH_ONLY
2026_05_DEN_LAC,2026,5,2026-10-11T20:05:00+00:00,DEN,00-0040134,P.Bryant,WR,receptions,4,4,1.666667,2.25,8,0.0,,,,UNPRICED_RESEARCH_ONLY
2026_05_DEN_LAC,2026,5,2026-10-11T20:05:00+00:00,DEN,00-0040134,P.Bryant,WR,rushing_yards,4,4,5.333333,4.0,8,0.0,,,,UNPRICED_RESEARCH_ONLY
2026_05_DEN_LAC,2026,5,2026-10-11T20:05:00+00:00,DEN,00-0040730,R.Harvey,RB,receiving_yards,3,4,44.0,44.0,8,0.0,,,,UNPRICED_RESEARCH_ONLY
2026_05_DEN_LAC,2026,5,2026-10-11T20:05:00+00:00,DEN,00-0040730,R.Harvey,RB,receptions,3,4,6.666667,6.666667,8,0.0,,,,UNPRICED_RESEARCH_ONLY
2026_05_DEN_LAC,2026,5,2026-10-11T20:05:00+00:00,DEN,00-0040730,R.Harvey,RB,rushing_yards,3,4,16.333333,16.333333,8,0.0,,,,UNPRICED_RESEARCH_ONLY
2026_05_DEN_LAC,2026,5,2026-10-11T20:05:00+00:00,LAC,00-0035125,A.Ingold,FB,receiving_yards,3,3,11.666667,11.666667,8,0.0,,,,UNPRICED_RESEARCH_ONLY
2026_05_DEN_LAC,2026,5,2026-10-11T20:05:00+00:00,LAC,00-0035125,A.Ingold,FB,receptions,3,3,1.0,1.0,8,0.0,,,,UNPRICED_RESEARCH_ONLY
2026_05_DEN_LAC,2026,5,2026-10-11T20:05:00+00:00,LAC,00-0036355,J.Herbert,QB,passing_yards,4,4,202.333333,202.333333,3,0.0,,,,UNPRICED_RESEARCH_ONLY
2026_05_DEN_LAC,2026,5,2026-10-11T20:05:00+00:00,LAC,00-0036355,J.Herbert,QB,rushing_yards,4,4,19.666667,22.0,8,0.0,,,,UNPRICED_RESEARCH_ONLY
2026_05_DEN_LAC,2026,5,2026-10-11T20:05:00+00:00,LAC,00-0038454,K.Mitchell,RB,receiving_yards,4,4,11.333333,8.5,8,0.0,,,,UNPRICED_RESEARCH_ONLY
2026_05_DEN_LAC,2026,5,2026-10-11T20:05:00+00:00,LAC,00-0038454,K.Mitchell,RB,receptions,4,4,3.0,2.25,8,0.0,,,,UNPRICED_RESEARCH_ONLY
2026_05_DEN_LAC,2026,5,2026-10-11T20:05:00+00:00,LAC,00-0038454,K.Mitchell,RB,rushing_yards,4,4,38.333333,31.0,8,0.0,,,,UNPRICED_RESEARCH_ONLY
2026_05_DEN_LAC,2026,5,2026-10-11T20:05:00+00:00,LAC,00-0038544,Q.Johnston,WR,receiving_yards,4,4,30.333333,27.0,8,0.0,,,,UNPRICED_RESEARCH_ONLY
2026_05_DEN_LAC,2026,5,2026-10-11T20:05:00+00:00,LAC,00-0038544,Q.Johnston,WR,receptions,4,4,1.666667,1.75,8,0.0,,,,UNPRICED_RESEARCH_ONLY
2026_05_DEN_LAC,2026,5,2026-10-11T20:05:00+00:00,LAC,00-0038544,Q.Johnston,WR,rushing_yards,4,4,1.0,0.75,8,0.0,,,,UNPRICED_RESEARCH_ONLY
2026_05_DEN_LAC,2026,5,2026-10-11T20:05:00+00:00,LAC,00-0038573,D.Davis,WR,receiving_yards,4,4,2.0,1.5,8,0.0,,,,UNPRICED_RESEARCH_ONLY
2026_05_DEN_LAC,2026,5,2026-10-11T20:05:00+00:00,LAC,00-0038573,D.Davis,WR,receptions,4,4,0.333333,0.25,8,0.0,,,,UNPRICED_RESEARCH_ONLY
2026_05_DEN_LAC,2026,5,2026-10-11T20:05:00+00:00,LAC,00-0039391,K.Vidal,RB,receiving_yards,3,4,8.333333,8.333333,8,0.0,,,,UNPRICED_RESEARCH_ONLY
2026_05_DEN_LAC,2026,5,2026-10-11T20:05:00+00:00,LAC,00-0039391,K.Vidal,RB,receptions,3,4,1.0,1.0,8,0.0,,,,UNPRICED_RESEARCH_ONLY
2026_05_DEN_LAC,2026,5,2026-10-11T20:05:00+00:00,LAC,00-0039391,K.Vidal,RB,rushing_yards,3,4,10.333333,10.333333,8,0.0,,,,UNPRICED_RESEARCH_ONLY
2026_05_DEN_LAC,2026,5,2026-10-11T20:05:00+00:00,LAC,00-0039915,L.McConkey,WR,receiving_yards,4,4,33.666667,45.75,8,0.0,,,,UNPRICED_RESEARCH_ONLY
2026_05_DEN_LAC,2026,5,2026-10-11T20:05:00+00:00,LAC,00-0039915,L.McConkey,WR,receptions,4,4,2.333333,3.0,8,0.0,,,,UNPRICED_RESEARCH_ONLY
2026_05_DEN_LAC,2026,5,2026-10-11T20:05:00+00:00,LAC,00-0040189,O.Gadsden,TE,receiving_yards,4,4,18.0,21.5,8,0.0,,,,UNPRICED_RESEARCH_ONLY
2026_05_DEN_LAC,2026,5,2026-10-11T20:05:00+00:00,LAC,00-0040189,O.Gadsden,TE,receptions,4,4,2.333333,2.25,8,0.0,,,,UNPRICED_RESEARCH_ONLY
2026_05_DEN_LAC,2026,5,2026-10-11T20:05:00+00:00,LAC,00-0040666,O.Hampton,RB,receiving_yards,4,4,9.666667,7.25,8,0.0,,,,UNPRICED_RESEARCH_ONLY
2026_05_DEN_LAC,2026,5,2026-10-11T20:05:00+00:00,LAC,00-0040666,O.Hampton,RB,receptions,4,4,1.333333,1.0,8,0.0,,,,UNPRICED_RESEARCH_ONLY
2026_05_DEN_LAC,2026,5,2026-10-11T20:05:00+00:00,LAC,00-0040666,O.Hampton,RB,rushing_yards,4,4,65.0,59.5,8,0.0,,,,UNPRICED_RESEARCH_ONLY
2026_05_DEN_LAC,2026,5,2026-10-11T20:05:00+00:00,LAC,00-0040727,T.Harris,WR,receiving_yards,4,4,63.0,52.25,8,0.0,,,,UNPRICED_RESEARCH_ONLY
2026_05_DEN_LAC,2026,5,2026-10-11T20:05:00+00:00,LAC,00-0040727,T.Harris,WR,receptions,4,4,3.333333,3.25,8,0.0,,,,UNPRICED_RESEARCH_ONLY
2026_05_DET_ARI,2026,5,2026-10-11T20:25:00+00:00,ARI,00-0033119,J.Brissett,QB,passing_yards,4,4,180.333333,180.333333,3,0.0,,,,UNPRICED_RESEARCH_ONLY
2026_05_DET_ARI,2026,5,2026-10-11T20:25:00+00:00,ARI,00-0033119,J.Brissett,QB,rushing_yards,4,4,9.666667,10.75,8,0.0,,,,UNPRICED_RESEARCH_ONLY
2026_05_DET_ARI,2026,5,2026-10-11T20:25:00+00:00,ARI,00-0033307,K.Bourne,WR,receiving_yards,3,3,36.0,36.0,8,0.0,,,,UNPRICED_RESEARCH_ONLY
2026_05_DET_ARI,2026,5,2026-10-11T20:25:00+00:00,ARI,00-0033307,K.Bourne,WR,receptions,3,3,4.0,4.0,8,0.0,,,,UNPRICED_RESEARCH_ONLY
2026_05_DET_ARI,2026,5,2026-10-11T20:25:00+00:00,ARI,00-0037004,H.Long,TE,receiving_yards,4,4,5.0,3.75,8,0.0,,,,UNPRICED_RESEARCH_ONLY
2026_05_DET_ARI,2026,5,2026-10-11T20:25:00+00:00,ARI,00-0037004,H.Long,TE,receptions,4,4,0.666667,0.5,8,0.0,,,,UNPRICED_RESEARCH_ONLY
2026_05_DET_ARI,2026,5,2026-10-11T20:25:00+00:00,ARI,00-0037263,T.Allgeier,RB,receiving_yards,4,4,8.666667,8.75,8,0.0,,,,UNPRICED_RESEARCH_ONLY
2026_05_DET_ARI,2026,5,2026-10-11T20:25:00+00:00,ARI,00-0037263,T.Allgeier,RB,receptions,4,4,2.666667,2.5,8,0.0,,,,UNPRICED_RESEARCH_ONLY
2026_05_DET_ARI,2026,5,2026-10-11T20:25:00+00:00,ARI,00-0037263,T.Allgeier,RB,rushing_yards,4,4,17.0,28.0,8,0.0,,,,UNPRICED_RESEARCH_ONLY
2026_05_DET_ARI,2026,5,2026-10-11T20:25:00+00:00,ARI,00-0037744,T.McBride,TE,receiving_yards,4,4,49.0,60.5,8,0.0,,,,UNPRICED_RESEARCH_ONLY
2026_05_DET_ARI,2026,5,2026-10-11T20:25:00+00:00,ARI,00-0037744,T.McBride,TE,receptions,4,4,8.0,8.25,8,0.0,,,,UNPRICED_RESEARCH_ONLY
2026_05_DET_ARI,2026,5,2026-10-11T20:25:00+00:00,ARI,00-0038559,Mi.Wilson,WR,receiving_yards,4,4,67.333333,64.5,8,0.0,,,,UNPRICED_RESEARCH_ONLY
2026_05_DET_ARI,2026,5,2026-10-11T20:25:00+00:00,ARI,00-0038559,Mi.Wilson,WR,receptions,4,4,6.666667,6.25,8,0.0,,,,UNPRICED_RESEARCH_ONLY
2026_05_DET_ARI,2026,5,2026-10-11T20:25:00+00:00,ARI,00-0039041,E.Higgins,TE,receiving_yards,3,4,13.0,13.0,8,0.0,,,,UNPRICED_RESEARCH_ONLY
2026_05_DET_ARI,2026,5,2026-10-11T20:25:00+00:00,ARI,00-0039041,E.Higgins,TE,receptions,3,4,1.666667,1.666667,8,0.0,,,,UNPRICED_RESEARCH_ONLY
2026_05_DET_ARI,2026,5,2026-10-11T20:25:00+00:00,ARI,00-0039849,M.Harrison,WR,receiving_yards,4,4,17.333333,21.25,8,0.0,,,,UNPRICED_RESEARCH_ONLY
2026_05_DET_ARI,2026,5,2026-10-11T20:25:00+00:00,ARI,00-0039849,M.Harrison,WR,receptions,4,4,1.333333,1.25,8,0.0,,,,UNPRICED_RESEARCH_ONLY
2026_05_DET_ARI,2026,5,2026-10-11T20:25:00+00:00,ARI,00-0041027,J.Love,RB,receiving_yards,4,4,9.0,9.0,8,0.0,,,,UNPRICED_RESEARCH_ONLY
2026_05_DET_ARI,2026,5,2026-10-11T20:25:00+00:00,ARI,00-0041027,J.Love,RB,receptions,4,4,3.0,2.75,8,0.0,,,,UNPRICED_RESEARCH_ONLY
2026_05_DET_ARI,2026,5,2026-10-11T20:25:00+00:00,ARI,00-0041027,J.Love,RB,rushing_yards,4,4,60.666667,55.75,8,0.0,,,,UNPRICED_RESEARCH_ONLY
2026_05_DET_ARI,2026,5,2026-10-11T20:25:00+00:00,DET,00-0033106,J.Goff,QB,passing_yards,4,4,336.0,336.0,3,0.0,,,,UNPRICED_RESEARCH_ONLY
2026_05_DET_ARI,2026,5,2026-10-11T20:25:00+00:00,DET,00-0033106,J.Goff,QB,rushing_yards,4,4,4.333333,3.75,8,0.0,,,,UNPRICED_RESEARCH_ONLY
2026_05_DET_ARI,2026,5,2026-10-11T20:25:00+00:00,DET,00-0036754,B.Wright,TE,receiving_yards,4,4,5.0,5.0,8,0.0,,,,UNPRICED_RESEARCH_ONLY
2026_05_DET_ARI,2026,5,2026-10-11T20:25:00+00:00,DET,00-0036754,B.Wright,TE,receptions,4,4,1.0,1.0,8,0.0,,,,UNPRICED_RESEARCH_ONLY
2026_05_DET_ARI,2026,5,2026-10-11T20:25:00+00:00,DET,00-0036963,A.St. Brown,WR,receiving_yards,4,4,78.666667,75.75,8,0.0,,,,UNPRICED_RESEARCH_ONLY
2026_05_DET_ARI,2026,5,2026-10-11T20:25:00+00:00,DET,00-0036963,A.St. Brown,WR,receptions,4,4,7.0,7.75,8,0.0,,,,UNPRICED_RESEARCH_ONLY
2026_05_DET_ARI,2026,5,2026-10-11T20:25:00+00:00,DET,00-0037240,J.Williams,WR,receiving_yards,4,4,61.333333,57.25,8,0.0,,,,UNPRICED_RESEARCH_ONLY
2026_05_DET_ARI,2026,5,2026-10-11T20:25:00+00:00,DET,00-0037240,J.Williams,WR,receptions,4,4,4.0,4.0,8,0.0,,,,UNPRICED_RESEARCH_ONLY
2026_05_DET_ARI,2026,5,2026-10-11T20:25:00+00:00,DET,00-0039065,S.LaPorta,TE,receiving_yards,4,4,60.0,57.0,8,0.0,,,,UNPRICED_RESEARCH_ONLY
2026_05_DET_ARI,2026,5,2026-10-11T20:25:00+00:00,DET,00-0039065,S.LaPorta,TE,receptions,4,4,5.666667,5.5,8,0.0,,,,UNPRICED_RESEARCH_ONLY
2026_05_DET_ARI,2026,5,2026-10-11T20:25:00+00:00,DET,00-0039139,J.Gibbs,RB,receiving_yards,4,4,52.333333,46.75,8,0.0,,,,UNPRICED_RESEARCH_ONLY
2026_05_DET_ARI,2026,5,2026-10-11T20:25:00+00:00,DET,00-0039139,J.Gibbs,RB,receptions,4,4,5.666667,5.5,8,0.0,,,,UNPRICED_RESEARCH_ONLY
2026_05_DET_ARI,2026,5,2026-10-11T20:25:00+00:00,DET,00-0039139,J.Gibbs,RB,rushing_yards,4,4,65.666667,88.25,8,0.0,,,,UNPRICED_RESEARCH_ONLY
2026_05_DET_ARI,2026,5,2026-10-11T20:25:00+00:00,DET,00-0039364,S.Vaki,RB,receiving_yards,4,4,13.666667,13.0,8,0.0,,,,UNPRICED_RESEARCH_ONLY
2026_05_DET_ARI,2026,5,2026-10-11T20:25:00+00:00,DET,00-0039364,S.Vaki,RB,receptions,4,4,1.0,1.0,8,0.0,,,,UNPRICED_RESEARCH_ONLY
2026_05_DET_ARI,2026,5,2026-10-11T20:25:00+00:00,DET,00-0039364,S.Vaki,RB,rushing_yards,4,4,11.0,10.0,8,0.0,,,,UNPRICED_RESEARCH_ONLY
2026_05_DET_ARI,2026,5,2026-10-11T20:25:00+00:00,DET,00-0040669,I.TeSlaa,WR,receiving_yards,4,4,62.333333,46.75,8,0.0,,,,UNPRICED_RESEARCH_ONLY
2026_05_DET_ARI,2026,5,2026-10-11T20:25:00+00:00,DET,00-0040669,I.TeSlaa,WR,receptions,4,4,3.0,2.25,8,0.0,,,,UNPRICED_RESEARCH_ONLY
2026_05_HOU_TEN,2026,5,2026-10-11T17:00:00+00:00,HOU,00-0034383,D.Schultz,TE,receiving_yards,4,4,59.666667,53.5,8,0.0,,,,UNPRICED_RESEARCH_ONLY
2026_05_HOU_TEN,2026,5,2026-10-11T17:00:00+00:00,HOU,00-0034383,D.Schultz,TE,receptions,4,4,5.666667,5.25,8,0.0,,,,UNPRICED_RESEARCH_ONLY
2026_05_HOU_TEN,2026,5,2026-10-11T17:00:00+00:00,HOU,00-0034981,F.Moreau,TE,receiving_yards,4,4,14.0,14.25,8,0.0,,,,UNPRICED_RESEARCH_ONLY
2026_05_HOU_TEN,2026,5,2026-10-11T17:00:00+00:00,HOU,00-0034981,F.Moreau,TE,receptions,4,4,1.666667,1.75,8,0.0,,,,UNPRICED_RESEARCH_ONLY
2026_05_HOU_TEN,2026,5,2026-10-11T17:00:00+00:00,HOU,00-0035685,D.Montgomery,RB,receiving_yards,4,4,16.0,16.75,8,0.0,,,,UNPRICED_RESEARCH_ONLY
2026_05_HOU_TEN,2026,5,2026-10-11T17:00:00+00:00,HOU,00-0035685,D.Montgomery,RB,receptions,4,4,1.333333,1.75,8,0.0,,,,UNPRICED_RESEARCH_ONLY
2026_05_HOU_TEN,2026,5,2026-10-11T17:00:00+00:00,HOU,00-0035685,D.Montgomery,RB,rushing_yards,4,4,22.333333,31.75,8,0.0,,,,UNPRICED_RESEARCH_ONLY
2026_05_HOU_TEN,2026,5,2026-10-11T17:00:00+00:00,HOU,00-0038608,K.Boutte,WR,receiving_yards,4,4,31.333333,28.75,8,0.0,,,,UNPRICED_RESEARCH_ONLY
2026_05_HOU_TEN,2026,5,2026-10-11T17:00:00+00:00,HOU,00-0038608,K.Boutte,WR,receptions,4,4,2.666667,2.25,8,0.0,,,,UNPRICED_RESEARCH_ONLY
2026_05_HOU_TEN,2026,5,2026-10-11T17:00:00+00:00,HOU,00-0038618,X.Hutchinson,WR,receiving_yards,4,4,44.666667,41.5,8,0.0,,,,UNPRICED_RESEARCH_ONLY
2026_05_HOU_TEN,2026,5,2026-10-11T17:00:00+00:00,HOU,00-0038618,X.Hutchinson,WR,receptions,4,4,3.0,3.0,8,0.0,,,,UNPRICED_RESEARCH_ONLY
2026_05_HOU_TEN,2026,5,2026-10-11T17:00:00+00:00,HOU,00-0038618,X.Hutchinson,WR,rushing_yards,4,4,1.333333,1.0,8,0.0,,,,UNPRICED_RESEARCH_ONLY
2026_05_HOU_TEN,2026,5,2026-10-11T17:00:00+00:00,HOU,00-0038728,J.Wayne,WR,receiving_yards,3,3,21.666667,21.666667,8,0.0,,,,UNPRICED_RESEARCH_ONLY
2026_05_HOU_TEN,2026,5,2026-10-11T17:00:00+00:00,HOU,00-0038728,J.Wayne,WR,receptions,3,3,1.333333,1.333333,8,0.0,,,,UNPRICED_RESEARCH_ONLY
2026_05_HOU_TEN,2026,5,2026-10-11T17:00:00+00:00,HOU,00-0039163,C.Stroud,QB,passing_yards,4,4,289.0,289.0,3,0.0,,,,UNPRICED_RESEARCH_ONLY
2026_05_HOU_TEN,2026,5,2026-10-11T17:00:00+00:00,HOU,00-0039163,C.Stroud,QB,rushing_yards,4,4,17.0,16.5,8,0.0,,,,UNPRICED_RESEARCH_ONLY
2026_05_HOU_TEN,2026,5,2026-10-11T17:00:00+00:00,HOU,00-0040138,J.Noel,WR,receiving_yards,4,4,44.333333,46.5,8,0.0,,,,UNPRICED_RESEARCH_ONLY
2026_05_HOU_TEN,2026,5,2026-10-11T17:00:00+00:00,HOU,00-0040138,J.Noel,WR,receptions,4,4,2.0,2.0,8,0.0,,,,UNPRICED_RESEARCH_ONLY
2026_05_HOU_TEN,2026,5,2026-10-11T17:00:00+00:00,HOU,00-0040138,J.Noel,WR,rushing_yards,4,4,8.333333,6.25,8,0.0,,,,UNPRICED_RESEARCH_ONLY
2026_05_HOU_TEN,2026,5,2026-10-11T17:00:00+00:00,HOU,00-0040583,W.Marks,RB,receiving_yards,4,4,11.0,7.75,8,0.0,,,,UNPRICED_RESEARCH_ONLY
2026_05_HOU_TEN,2026,5,2026-10-11T17:00:00+00:00,HOU,00-0040583,W.Marks,RB,receptions,4,4,2.0,1.75,8,0.0,,,,UNPRICED_RESEARCH_ONLY
2026_05_HOU_TEN,2026,5,2026-10-11T17:00:00+00:00,HOU,00-0040583,W.Marks,RB,rushing_yards,4,4,15.0,21.75,8,0.0,,,,UNPRICED_RESEARCH_ONLY
2026_05_HOU_TEN,2026,5,2026-10-11T17:00:00+00:00,TEN,00-0034837,C.Ridley,WR,receiving_yards,3,4,16.0,16.0,8,0.0,,,,UNPRICED_RESEARCH_ONLY
2026_05_HOU_TEN,2026,5,2026-10-11T17:00:00+00:00,TEN,00-0034837,C.Ridley,WR,receptions,3,4,1.0,1.0,8,0.0,,,,UNPRICED_RESEARCH_ONLY
2026_05_HOU_TEN,2026,5,2026-10-11T17:00:00+00:00,TEN,00-0035261,T.Pollard,RB,receiving_yards,4,4,8.333333,6.0,8,0.0,,,,UNPRICED_RESEARCH_ONLY
2026_05_HOU_TEN,2026,5,2026-10-11T17:00:00+00:00,TEN,00-0035261,T.Pollard,RB,receptions,4,4,2.333333,2.0,8,0.0,,,,UNPRICED_RESEARCH_ONLY
2026_05_HOU_TEN,2026,5,2026-10-11T17:00:00+00:00,TEN,00-0035261,T.Pollard,RB,rushing_yards,4,4,62.0,55.25,8,0.0,,,,UNPRICED_RESEARCH_ONLY
2026_05_HOU_TEN,2026,5,2026-10-11T17:00:00+00:00,TEN,00-0038115,D.Bellinger,TE,receiving_yards,4,4,6.0,6.25,8,0.0,,,,UNPRICED_RESEARCH_ONLY
2026_05_HOU_TEN,2026,5,2026-10-11T17:00:00+00:00,TEN,00-0038115,D.Bellinger,TE,receptions,4,4,1.0,1.0,8,0.0,,,,UNPRICED_RESEARCH_ONLY
2026_05_HOU_TEN,2026,5,2026-10-11T17:00:00+00:00,TEN,00-0038117,W.Robinson,WR,receiving_yards,4,4,28.333333,30.75,8,0.0,,,,UNPRICED_RESEARCH_ONLY
2026_05_HOU_TEN,2026,5,2026-10-11T17:00:00+00:00,TEN,00-0038117,W.Robinson,WR,receptions,4,4,3.666667,4.0,8,0.0,,,,UNPRICED_RESEARCH_ONLY
2026_05_HOU_TEN,2026,5,2026-10-11T17:00:00+00:00,TEN,00-0038117,W.Robinson,WR,rushing_yards,4,4,0.333333,0.25,8,0.0,,,,UNPRICED_RESEARCH_ONLY
2026_05_HOU_TEN,2026,5,2026-10-11T17:00:00+00:00,TEN,00-0039032,T.Spears,RB,receiving_yards,4,4,9.333333,10.0,8,0.0,,,,UNPRICED_RESEARCH_ONLY
2026_05_HOU_TEN,2026,5,2026-10-11T17:00:00+00:00,TEN,00-0039032,T.Spears,RB,receptions,4,4,1.0,1.25,8,0.0,,,,UNPRICED_RESEARCH_ONLY
2026_05_HOU_TEN,2026,5,2026-10-11T17:00:00+00:00,TEN,00-0039032,T.Spears,RB,rushing_yards,4,4,17.666667,16.25,8,0.0,,,,UNPRICED_RESEARCH_ONLY
2026_05_HOU_TEN,2026,5,2026-10-11T17:00:00+00:00,TEN,00-0040170,E.Ayomanor,WR,receiving_yards,4,4,34.0,28.25,8,0.0,,,,UNPRICED_RESEARCH_ONLY
2026_05_HOU_TEN,2026,5,2026-10-11T17:00:00+00:00,TEN,00-0040170,E.Ayomanor,WR,receptions,4,4,1.333333,1.25,8,0.0,,,,UNPRICED_RESEARCH_ONLY
2026_05_HOU_TEN,2026,5,2026-10-11T17:00:00+00:00,TEN,00-0040584,G.Helm,TE,receiving_yards,4,4,10.666667,15.0,8,0.0,,,,UNPRICED_RESEARCH_ONLY
2026_05_HOU_TEN,2026,5,2026-10-11T17:00:00+00:00,TEN,00-0040584,G.Helm,TE,receptions,4,4,1.666667,2.25,8,0.0,,,,UNPRICED_RESEARCH_ONLY
2026_05_HOU_TEN,2026,5,2026-10-11T17:00:00+00:00,TEN,00-0040676,C.Ward,QB,passing_yards,4,4,195.333333,195.333333,3,0.0,,,,UNPRICED_RESEARCH_ONLY
2026_05_HOU_TEN,2026,5,2026-10-11T17:00:00+00:00,TEN,00-0040676,C.Ward,QB,rushing_yards,4,4,12.0,14.25,8,0.0,,,,UNPRICED_RESEARCH_ONLY
2026_05_HOU_TEN,2026,5,2026-10-11T17:00:00+00:00,TEN,00-0040705,C.Dike,WR,receiving_yards,4,4,6.0,6.25,8,0.0,,,,UNPRICED_RESEARCH_ONLY
2026_05_HOU_TEN,2026,5,2026-10-11T17:00:00+00:00,TEN,00-0040705,C.Dike,WR,receptions,4,4,0.666667,0.75,8,0.0,,,,UNPRICED_RESEARCH_ONLY
2026_05_HOU_TEN,2026,5,2026-10-11T17:00:00+00:00,TEN,00-0041438,C.Tate,WR,receiving_yards,4,4,76.666667,67.0,8,0.0,,,,UNPRICED_RESEARCH_ONLY
2026_05_HOU_TEN,2026,5,2026-10-11T17:00:00+00:00,TEN,00-0041438,C.Tate,WR,receptions,4,4,6.0,5.5,8,0.0,,,,UNPRICED_RESEARCH_ONLY
2026_05_IND_PIT,2026,5,2026-10-11T17:00:00+00:00,IND,00-0030279,K.Allen,WR,receiving_yards,3,3,33.333333,33.333333,8,0.0,,,,UNPRICED_RESEARCH_ONLY
2026_05_IND_PIT,2026,5,2026-10-11T17:00:00+00:00,IND,00-0030279,K.Allen,WR,receptions,3,3,4.333333,4.333333,8,0.0,,,,UNPRICED_RESEARCH_ONLY
2026_05_IND_PIT,2026,5,2026-10-11T17:00:00+00:00,IND,00-0032951,L.Treadwell,WR,receiving_yards,4,4,41.0,30.75,8,0.0,,,,UNPRICED_RESEARCH_ONLY
2026_05_IND_PIT,2026,5,2026-10-11T17:00:00+00:00,IND,00-0032951,L.Treadwell,WR,receptions,4,4,3.0,2.25,8,0.0,,,,UNPRICED_RESEARCH_ONLY
2026_05_IND_PIT,2026,5,2026-10-11T17:00:00+00:00,IND,00-0035710,D.Jones,QB,passing_yards,4,4,196.0,196.0,3,0.0,,,,UNPRICED_RESEARCH_ONLY
2026_05_IND_PIT,2026,5,2026-10-11T17:00:00+00:00,IND,00-0035710,D.Jones,QB,rushing_yards,4,4,5.666667,5.25,8,0.0,,,,UNPRICED_RESEARCH_ONLY
2026_05_IND_PIT,2026,5,2026-10-11T17:00:00+00:00,IND,00-0036223,J.Taylor,RB,receiving_yards,4,4,15.333333,17.25,8,0.0,,,,UNPRICED_RESEARCH_ONLY
2026_05_IND_PIT,2026,5,2026-10-11T17:00:00+00:00,IND,00-0036223,J.Taylor,RB,receptions,4,4,2.333333,2.5,8,0.0,,,,UNPRICED_RESEARCH_ONLY
2026_05_IND_PIT,2026,5,2026-10-11T17:00:00+00:00,IND,00-0036223,J.Taylor,RB,rushing_yards,4,4,85.0,88.25,8,0.0,,,,UNPRICED_RESEARCH_ONLY
2026_05_IND_PIT,2026,5,2026-10-11T17:00:00+00:00,IND,00-0038997,J.Downs,WR,receiving_yards,4,4,55.0,50.5,8,0.0,,,,UNPRICED_RESEARCH_ONLY
2026_05_IND_PIT,2026,5,2026-10-11T17:00:00+00:00,IND,00-0038997,J.Downs,WR,receptions,4,4,5.0,4.25,8,0.0,,,,UNPRICED_RESEARCH_ONLY
2026_05_IND_PIT,2026,5,2026-10-11T17:00:00+00:00,IND,00-0040128,T.Warren,TE,receiving_yards,4,4,39.0,32.5,8,0.0,,,,UNPRICED_RESEARCH_ONLY
2026_05_IND_PIT,2026,5,2026-10-11T17:00:00+00:00,IND,00-0040128,T.Warren,TE,receptions,4,4,6.666667,5.75,8,0.0,,,,UNPRICED_RESEARCH_ONLY
2026_05_IND_PIT,2026,5,2026-10-11T17:00:00+00:00,IND,00-0041125,S.McGowan,RB,receiving_yards,4,4,2.333333,1.75,8,0.0,,,,UNPRICED_RESEARCH_ONLY
2026_05_IND_PIT,2026,5,2026-10-11T17:00:00+00:00,IND,00-0041125,S.McGowan,RB,receptions,4,4,0.333333,0.5,8,0.0,,,,UNPRICED_RESEARCH_ONLY
2026_05_IND_PIT,2026,5,2026-10-11T17:00:00+00:00,IND,00-0041125,S.McGowan,RB,rushing_yards,4,4,15.0,11.25,8,0.0,,,,UNPRICED_RESEARCH_ONLY
2026_05_IND_PIT,2026,5,2026-10-11T17:00:00+00:00,PIT,00-0023459,A.Rodgers,QB,passing_yards,4,4,259.333333,259.333333,3,0.0,,,,UNPRICED_RESEARCH_ONLY
2026_05_IND_PIT,2026,5,2026-10-11T17:00:00+00:00,PIT,00-0023459,A.Rodgers,QB,rushing_yards,4,4,5.0,3.0,8,0.0,,,,UNPRICED_RESEARCH_ONLY
2026_05_IND_PIT,2026,5,2026-10-11T17:00:00+00:00,PIT,00-0035594,T.Homer,RB,rushing_yards,3,4,5.0,5.0,8,0.0,,,,UNPRICED_RESEARCH_ONLY
2026_05_IND_PIT,2026,5,2026-10-11T17:00:00+00:00,PIT,00-0035640,D.Metcalf,WR,receiving_yards,4,4,57.666667,53.25,8,0.0,,,,UNPRICED_RESEARCH_ONLY
2026_05_IND_PIT,2026,5,2026-10-11T17:00:00+00:00,PIT,00-0035640,D.Metcalf,WR,receptions,4,4,4.0,4.0,8,0.0,,,,UNPRICED_RESEARCH_ONLY
2026_05_IND_PIT,2026,5,2026-10-11T17:00:00+00:00,PIT,00-0036252,M.Pittman,WR,receiving_yards,3,4,29.666667,29.666667,8,0.0,,,,UNPRICED_RESEARCH_ONLY
2026_05_IND_PIT,2026,5,2026-10-11T17:00:00+00:00,PIT,00-0036252,M.Pittman,WR,receptions,3,4,2.333333,2.333333,8,0.0,,,,UNPRICED_RESEARCH_ONLY
2026_05_IND_PIT,2026,5,2026-10-11T17:00:00+00:00,PIT,00-0036862,B.Skowronek,WR,receiving_yards,3,4,10.666667,10.666667,8,0.0,,,,UNPRICED_RESEARCH_ONLY
2026_05_IND_PIT,2026,5,2026-10-11T17:00:00+00:00,PIT,00-0036862,B.Skowronek,WR,receptions,3,4,1.0,1.0,8,0.0,,,,UNPRICED_RESEARCH_ONLY
2026_05_IND_PIT,2026,5,2026-10-11T17:00:00+00:00,PIT,00-0036894,P.Freiermuth,TE,receiving_yards,4,4,26.333333,31.25,8,0.0,,,,UNPRICED_RESEARCH_ONLY
2026_05_IND_PIT,2026,5,2026-10-11T17:00:00+00:00,PIT,00-0036894,P.Freiermuth,TE,receptions,4,4,3.0,3.5,8,0.0,,,,UNPRICED_RESEARCH_ONLY
2026_05_IND_PIT,2026,5,2026-10-11T17:00:00+00:00,PIT,00-0037228,J.Warren,RB,receiving_yards,4,4,38.666667,35.75,8,0.0,,,,UNPRICED_RESEARCH_ONLY
2026_05_IND_PIT,2026,5,2026-10-11T17:00:00+00:00,PIT,00-0037228,J.Warren,RB,receptions,4,4,2.666667,3.25,8,0.0,,,,UNPRICED_RESEARCH_ONLY
2026_05_IND_PIT,2026,5,2026-10-11T17:00:00+00:00,PIT,00-0037228,J.Warren,RB,rushing_yards,4,4,87.666667,77.25,8,0.0,,,,UNPRICED_RESEARCH_ONLY
2026_05_IND_PIT,2026,5,2026-10-11T17:00:00+00:00,PIT,00-0038558,D.Washington,TE,receiving_yards,4,4,33.666667,29.75,8,0.0,,,,UNPRICED_RESEARCH_ONLY
2026_05_IND_PIT,2026,5,2026-10-11T17:00:00+00:00,PIT,00-0038558,D.Washington,TE,receptions,4,4,2.333333,2.25,8,0.0,,,,UNPRICED_RESEARCH_ONLY
2026_05_IND_PIT,2026,5,2026-10-11T17:00:00+00:00,PIT,00-0039739,R.Wilson,WR,receiving_yards,4,4,54.0,47.0,8,0.0,,,,UNPRICED_RESEARCH_ONLY
2026_05_IND_PIT,2026,5,2026-10-11T17:00:00+00:00,PIT,00-0039739,R.Wilson,WR,receptions,4,4,3.666667,3.5,8,0.0,,,,UNPRICED_RESEARCH_ONLY
2026_05_IND_PIT,2026,5,2026-10-11T17:00:00+00:00,PIT,00-0041489,G.Bernard,WR,receiving_yards,3,4,20.0,20.0,8,0.0,,,,UNPRICED_RESEARCH_ONLY
2026_05_IND_PIT,2026,5,2026-10-11T17:00:00+00:00,PIT,00-0041489,G.Bernard,WR,receptions,3,4,2.333333,2.333333,8,0.0,,,,UNPRICED_RESEARCH_ONLY
2026_05_LV_NE,2026,5,2026-10-11T17:00:00+00:00,LV,00-0029604,K.Cousins,QB,passing_yards,4,4,288.666667,288.666667,3,0.0,,,,UNPRICED_RESEARCH_ONLY
2026_05_LV_NE,2026,5,2026-10-11T17:00:00+00:00,LV,00-0029604,K.Cousins,QB,rushing_yards,4,4,1.333333,-0.5,8,0.0,,,,UNPRICED_RESEARCH_ONLY
2026_05_LV_NE,2026,5,2026-10-11T17:00:00+00:00,LV,00-0035891,C.White,WR,receiving_yards,4,4,21.333333,16.0,8,0.0,,,,UNPRICED_RESEARCH_ONLY
2026_05_LV_NE,2026,5,2026-10-11T17:00:00+00:00,LV,00-0035891,C.White,WR,receptions,4,4,1.666667,1.25,8,0.0,,,,UNPRICED_RESEARCH_ONLY
2026_05_LV_NE,2026,5,2026-10-11T17:00:00+00:00,LV,00-0037093,D.Young,WR,receiving_yards,4,4,12.0,9.0,8,0.0,,,,UNPRICED_RESEARCH_ONLY
2026_05_LV_NE,2026,5,2026-10-11T17:00:00+00:00,LV,00-0037093,D.Young,WR,receptions,4,4,0.666667,0.5,8,0.0,,,,UNPRICED_RESEARCH_ONLY
2026_05_LV_NE,2026,5,2026-10-11T17:00:00+00:00,LV,00-0037291,J.Nailor,WR,receiving_yards,3,3,17.333333,17.333333,8,0.0,,,,UNPRICED_RESEARCH_ONLY
2026_05_LV_NE,2026,5,2026-10-11T17:00:00+00:00,LV,00-0037291,J.Nailor,WR,receptions,3,3,1.666667,1.666667,8,0.0,,,,UNPRICED_RESEARCH_ONLY
2026_05_LV_NE,2026,5,2026-10-11T17:00:00+00:00,LV,00-0037304,C.Heyward,FB,receiving_yards,4,4,3.0,2.25,8,0.0,,,,UNPRICED_RESEARCH_ONLY
2026_05_LV_NE,2026,5,2026-10-11T17:00:00+00:00,LV,00-0037304,C.Heyward,FB,receptions,4,4,0.333333,0.25,8,0.0,,,,UNPRICED_RESEARCH_ONLY
2026_05_LV_NE,2026,5,2026-10-11T17:00:00+00:00,LV,00-0038563,T.Tucker,WR,receiving_yards,4,4,68.666667,58.25,8,0.0,,,,UNPRICED_RESEARCH_ONLY
2026_05_LV_NE,2026,5,2026-10-11T17:00:00+00:00,LV,00-0038563,T.Tucker,WR,receptions,4,4,4.333333,3.75,8,0.0,,,,UNPRICED_RESEARCH_ONLY
2026_05_LV_NE,2026,5,2026-10-11T17:00:00+00:00,LV,00-0039066,M.Mayer,TE,receiving_yards,4,4,45.666667,42.25,8,0.0,,,,UNPRICED_RESEARCH_ONLY
2026_05_LV_NE,2026,5,2026-10-11T17:00:00+00:00,LV,00-0039066,M.Mayer,TE,receptions,4,4,4.666667,5.0,8,0.0,,,,UNPRICED_RESEARCH_ONLY
2026_05_LV_NE,2026,5,2026-10-11T17:00:00+00:00,LV,00-0040122,A.Jeanty,RB,receiving_yards,4,4,40.0,41.25,8,0.0,,,,UNPRICED_RESEARCH_ONLY
2026_05_LV_NE,2026,5,2026-10-11T17:00:00+00:00,LV,00-0040122,A.Jeanty,RB,receptions,4,4,4.333333,4.75,8,0.0,,,,UNPRICED_RESEARCH_ONLY
2026_05_LV_NE,2026,5,2026-10-11T17:00:00+00:00,LV,00-0040122,A.Jeanty,RB,rushing_yards,4,4,54.0,66.0,8,0.0,,,,UNPRICED_RESEARCH_ONLY
2026_05_LV_NE,2026,5,2026-10-11T17:00:00+00:00,LV,00-0040878,M.Washington,RB,receptions,4,4,0.333333,0.25,8,0.0,,,,UNPRICED_RESEARCH_ONLY
2026_05_LV_NE,2026,5,2026-10-11T17:00:00+00:00,LV,00-0040878,M.Washington,RB,rushing_yards,4,4,26.333333,30.0,8,0.0,,,,UNPRICED_RESEARCH_ONLY
2026_05_LV_NE,2026,5,2026-10-11T17:00:00+00:00,NE,00-0033090,H.Henry,TE,receiving_yards,4,4,35.666667,33.25,8,0.0,,,,UNPRICED_RESEARCH_ONLY
2026_05_LV_NE,2026,5,2026-10-11T17:00:00+00:00,NE,00-0033090,H.Henry,TE,receptions,4,4,3.0,3.0,8,0.0,,,,UNPRICED_RESEARCH_ONLY
2026_05_LV_NE,2026,5,2026-10-11T17:00:00+00:00,NE,00-0033555,M.Hollins,WR,receiving_yards,4,4,52.666667,52.25,8,0.0,,,,UNPRICED_RESEARCH_ONLY
2026_05_LV_NE,2026,5,2026-10-11T17:00:00+00:00,NE,00-0033555,M.Hollins,WR,receptions,4,4,3.666667,3.75,8,0.0,,,,UNPRICED_RESEARCH_ONLY
2026_05_LV_NE,2026,5,2026-10-11T17:00:00+00:00,NE,00-0036875,R.Stevenson,RB,receiving_yards,4,4,15.333333,22.5,8,0.0,,,,UNPRICED_RESEARCH_ONLY
2026_05_LV_NE,2026,5,2026-10-11T17:00:00+00:00,NE,00-0036875,R.Stevenson,RB,receptions,4,4,2.333333,3.0,8,0.0,,,,UNPRICED_RESEARCH_ONLY
2026_05_LV_NE,2026,5,2026-10-11T17:00:00+00:00,NE,00-0036875,R.Stevenson,RB,rushing_yards,4,4,37.333333,40.75,8,0.0,,,,UNPRICED_RESEARCH_ONLY
2026_05_LV_NE,2026,5,2026-10-11T17:00:00+00:00,NE,00-0037816,R.Doubs,WR,receiving_yards,4,4,67.666667,50.75,8,0.0,,,,UNPRICED_RESEARCH_ONLY
2026_05_LV_NE,2026,5,2026-10-11T17:00:00+00:00,NE,00-0037816,R.Doubs,WR,receptions,4,4,4.0,3.0,8,0.0,,,,UNPRICED_RESEARCH_ONLY
2026_05_LV_NE,2026,5,2026-10-11T17:00:00+00:00,NE,00-0038621,D.Douglas,WR,receiving_yards,4,4,20.666667,20.5,8,0.0,,,,UNPRICED_RESEARCH_ONLY
2026_05_LV_NE,2026,5,2026-10-11T17:00:00+00:00,NE,00-0038621,D.Douglas,WR,receptions,4,4,1.333333,2.25,8,0.0,,,,UNPRICED_RESEARCH_ONLY
2026_05_LV_NE,2026,5,2026-10-11T17:00:00+00:00,NE,00-0039851,D.Maye,QB,passing_yards,4,4,225.333333,225.333333,3,0.0,,,,UNPRICED_RESEARCH_ONLY
2026_05_LV_NE,2026,5,2026-10-11T17:00:00+00:00,NE,00-0039851,D.Maye,QB,rushing_yards,4,4,29.666667,34.0,8,0.0,,,,UNPRICED_RESEARCH_ONLY
2026_05_LV_NE,2026,5,2026-10-11T17:00:00+00:00,NE,00-0040131,K.Williams,WR,receiving_yards,4,4,14.666667,11.0,8,0.0,,,,UNPRICED_RESEARCH_ONLY
2026_05_LV_NE,2026,5,2026-10-11T17:00:00+00:00,NE,00-0040131,K.Williams,WR,receptions,4,4,0.666667,0.5,8,0.0,,,,UNPRICED_RESEARCH_ONLY
2026_05_LV_NE,2026,5,2026-10-11T17:00:00+00:00,NE,00-0040556,C.Kiner,RB,receiving_yards,4,4,3.0,2.25,8,0.0,,,,UNPRICED_RESEARCH_ONLY
2026_05_LV_NE,2026,5,2026-10-11T17:00:00+00:00,NE,00-0040556,C.Kiner,RB,receptions,4,4,0.333333,0.25,8,0.0,,,,UNPRICED_RESEARCH_ONLY
2026_05_LV_NE,2026,5,2026-10-11T17:00:00+00:00,NE,00-0040556,C.Kiner,RB,rushing_yards,4,4,6.0,7.25,8,0.0,,,,UNPRICED_RESEARCH_ONLY
2026_05_LV_NE,2026,5,2026-10-11T17:00:00+00:00,NE,00-0040563,E.Chism,WR,receiving_yards,3,4,13.666667,13.666667,8,0.0,,,,UNPRICED_RESEARCH_ONLY
2026_05_LV_NE,2026,5,2026-10-11T17:00:00+00:00,NE,00-0040563,E.Chism,WR,receptions,3,4,1.333333,1.333333,8,0.0,,,,UNPRICED_RESEARCH_ONLY
2026_05_LV_NE,2026,5,2026-10-11T17:00:00+00:00,NE,00-0040734,T.Henderson,RB,receiving_yards,3,4,2.0,2.0,8,0.0,,,,UNPRICED_RESEARCH_ONLY
2026_05_LV_NE,2026,5,2026-10-11T17:00:00+00:00,NE,00-0040734,T.Henderson,RB,receptions,3,4,0.333333,0.333333,8,0.0,,,,UNPRICED_RESEARCH_ONLY
2026_05_LV_NE,2026,5,2026-10-11T17:00:00+00:00,NE,00-0040734,T.Henderson,RB,rushing_yards,3,4,47.0,47.0,8,0.0,,,,UNPRICED_RESEARCH_ONLY
2026_05_LV_NE,2026,5,2026-10-11T17:00:00+00:00,NE,00-0041395,E.Raridon,TE,receiving_yards,3,4,14.666667,14.666667,8,0.0,,,,UNPRICED_RESEARCH_ONLY
2026_05_LV_NE,2026,5,2026-10-11T17:00:00+00:00,NE,00-0041395,E.Raridon,TE,receptions,3,4,1.0,1.0,8,0.0,,,,UNPRICED_RESEARCH_ONLY
2026_05_MIN_NO,2026,5,2026-10-11T17:00:00+00:00,MIN,00-0033293,A.Jones,RB,receiving_yards,4,4,22.666667,17.0,8,0.0,,,,UNPRICED_RESEARCH_ONLY
2026_05_MIN_NO,2026,5,2026-10-11T17:00:00+00:00,MIN,00-0033293,A.Jones,RB,receptions,4,4,3.0,2.25,8,0.0,,,,UNPRICED_RESEARCH_ONLY
2026_05_MIN_NO,2026,5,2026-10-11T17:00:00+00:00,MIN,00-0033293,A.Jones,RB,rushing_yards,4,4,85.666667,74.25,8,0.0,,,,UNPRICED_RESEARCH_ONLY
2026_05_MIN_NO,2026,5,2026-10-11T17:00:00+00:00,MIN,00-0035228,K.Murray,QB,passing_yards,3,4,144.333333,144.333333,3,0.0,,,,UNPRICED_RESEARCH_ONLY
2026_05_MIN_NO,2026,5,2026-10-11T17:00:00+00:00,MIN,00-0035228,K.Murray,QB,rushing_yards,3,4,14.0,14.0,8,0.0,,,,UNPRICED_RESEARCH_ONLY
2026_05_MIN_NO,2026,5,2026-10-11T17:00:00+00:00,MIN,00-0035229,T.Hockenson,TE,receiving_yards,4,4,53.0,48.75,8,0.0,,,,UNPRICED_RESEARCH_ONLY
2026_05_MIN_NO,2026,5,2026-10-11T17:00:00+00:00,MIN,00-0035229,T.Hockenson,TE,receptions,4,4,6.0,5.5,8,0.0,,,,UNPRICED_RESEARCH_ONLY
2026_05_MIN_NO,2026,5,2026-10-11T17:00:00+00:00,MIN,00-0035249,J.Oliver,TE,receiving_yards,3,3,15.333333,15.333333,8,0.0,,,,UNPRICED_RESEARCH_ONLY
2026_05_MIN_NO,2026,5,2026-10-11T17:00:00+00:00,MIN,00-0035249,J.Oliver,TE,receptions,3,3,1.0,1.0,8,0.0,,,,UNPRICED_RESEARCH_ONLY
2026_05_MIN_NO,2026,5,2026-10-11T17:00:00+00:00,MIN,00-0036259,J.Jennings,WR,receiving_yards,3,4,3.0,3.0,8,0.0,,,,UNPRICED_RESEARCH_ONLY
2026_05_MIN_NO,2026,5,2026-10-11T17:00:00+00:00,MIN,00-0036259,J.Jennings,WR,receptions,3,4,0.666667,0.666667,8,0.0,,,,UNPRICED_RESEARCH_ONLY
2026_05_MIN_NO,2026,5,2026-10-11T17:00:00+00:00,MIN,00-0036322,J.Jefferson,WR,receiving_yards,3,3,59.666667,59.666667,8,0.0,,,,UNPRICED_RESEARCH_ONLY
2026_05_MIN_NO,2026,5,2026-10-11T17:00:00+00:00,MIN,00-0036322,J.Jefferson,WR,receptions,3,3,4.333333,4.333333,8,0.0,,,,UNPRICED_RESEARCH_ONLY
2026_05_MIN_NO,2026,5,2026-10-11T17:00:00+00:00,MIN,00-0036425,D.Dallas,RB,receiving_yards,4,4,7.333333,5.75,8,0.0,,,,UNPRICED_RESEARCH_ONLY
2026_05_MIN_NO,2026,5,2026-10-11T17:00:00+00:00,MIN,00-0036425,D.Dallas,RB,receptions,4,4,0.666667,0.75,8,0.0,,,,UNPRICED_RESEARCH_ONLY
2026_05_MIN_NO,2026,5,2026-10-11T17:00:00+00:00,MIN,00-0036425,D.Dallas,RB,rushing_yards,4,4,3.333333,2.5,8,0.0,,,,UNPRICED_RESEARCH_ONLY
2026_05_MIN_NO,2026,5,2026-10-11T17:00:00+00:00,MIN,00-0038994,J.Addison,WR,receiving_yards,4,4,54.333333,40.75,8,0.0,,,,UNPRICED_RESEARCH_ONLY
2026_05_MIN_NO,2026,5,2026-10-11T17:00:00+00:00,MIN,00-0038994,J.Addison,WR,receptions,4,4,3.666667,2.75,8,0.0,,,,UNPRICED_RESEARCH_ONLY
2026_05_MIN_NO,2026,5,2026-10-11T17:00:00+00:00,MIN,00-0040506,M.Price,WR,receiving_yards,4,4,2.0,1.5,8,0.0,,,,UNPRICED_RESEARCH_ONLY
2026_05_MIN_NO,2026,5,2026-10-11T17:00:00+00:00,MIN,00-0040506,M.Price,WR,receptions,4,4,0.666667,0.5,8,0.0,,,,UNPRICED_RESEARCH_ONLY
2026_05_MIN_NO,2026,5,2026-10-11T17:00:00+00:00,MIN,00-0040506,M.Price,WR,rushing_yards,4,4,0.666667,0.5,8,0.0,,,,UNPRICED_RESEARCH_ONLY
2026_05_MIN_NO,2026,5,2026-10-11T17:00:00+00:00,MIN,00-0041104,D.Claiborne,RB,receiving_yards,3,4,0.666667,0.666667,8,0.0,,,,UNPRICED_RESEARCH_ONLY
2026_05_MIN_NO,2026,5,2026-10-11T17:00:00+00:00,MIN,00-0041104,D.Claiborne,RB,receptions,3,4,0.333333,0.333333,8,0.0,,,,UNPRICED_RESEARCH_ONLY
2026_05_MIN_NO,2026,5,2026-10-11T17:00:00+00:00,MIN,00-0041104,D.Claiborne,RB,rushing_yards,3,4,4.333333,4.333333,8,0.0,,,,UNPRICED_RESEARCH_ONLY
2026_05_MIN_NO,2026,5,2026-10-11T17:00:00+00:00,NO,00-0033906,A.Kamara,RB,receiving_yards,3,4,15.666667,15.666667,8,0.0,,,,UNPRICED_RESEARCH_ONLY
2026_05_MIN_NO,2026,5,2026-10-11T17:00:00+00:00,NO,00-0033906,A.Kamara,RB,receptions,3,4,3.666667,3.666667,8,0.0,,,,UNPRICED_RESEARCH_ONLY
2026_05_MIN_NO,2026,5,2026-10-11T17:00:00+00:00,NO,00-0033906,A.Kamara,RB,rushing_yards,3,4,24.666667,24.666667,8,0.0,,,,UNPRICED_RESEARCH_ONLY
2026_05_MIN_NO,2026,5,2026-10-11T17:00:00+00:00,NO,00-0035644,N.Fant,TE,receiving_yards,3,3,22.0,22.0,8,0.0,,,,UNPRICED_RESEARCH_ONLY
2026_05_MIN_NO,2026,5,2026-10-11T17:00:00+00:00,NO,00-0035644,N.Fant,TE,receptions,3,3,2.666667,2.666667,8,0.0,,,,UNPRICED_RESEARCH_ONLY
2026_05_MIN_NO,2026,5,2026-10-11T17:00:00+00:00,NO,00-0036040,J.Johnson,TE,receiving_yards,4,4,59.333333,58.0,8,0.0,,,,UNPRICED_RESEARCH_ONLY
2026_05_MIN_NO,2026,5,2026-10-11T17:00:00+00:00,NO,00-0036040,J.Johnson,TE,receptions,4,4,6.0,5.25,8,0.0,,,,UNPRICED_RESEARCH_ONLY
2026_05_MIN_NO,2026,5,2026-10-11T17:00:00+00:00,NO,00-0036973,T.Etienne,RB,receiving_yards,3,3,17.0,17.0,8,0.0,,,,UNPRICED_RESEARCH_ONLY
2026_05_MIN_NO,2026,5,2026-10-11T17:00:00+00:00,NO,00-0036973,T.Etienne,RB,receptions,3,3,3.666667,3.666667,8,0.0,,,,UNPRICED_RESEARCH_ONLY
2026_05_MIN_NO,2026,5,2026-10-11T17:00:00+00:00,NO,00-0036973,T.Etienne,RB,rushing_yards,3,3,42.666667,42.666667,8,0.0,,,,UNPRICED_RESEARCH_ONLY
2026_05_MIN_NO,2026,5,2026-10-11T17:00:00+00:00,NO,00-0037239,C.Olave,WR,receiving_yards,4,4,103.0,122.75,8,0.0,,,,UNPRICED_RESEARCH_ONLY
2026_05_MIN_NO,2026,5,2026-10-11T17:00:00+00:00,NO,00-0037239,C.Olave,WR,receptions,4,4,8.333333,8.75,8,0.0,,,,UNPRICED_RESEARCH_ONLY
2026_05_MIN_NO,2026,5,2026-10-11T17:00:00+00:00,NO,00-0038551,K.Miller,RB,receiving_yards,3,4,5.0,5.0,8,0.0,,,,UNPRICED_RESEARCH_ONLY
2026_05_MIN_NO,2026,5,2026-10-11T17:00:00+00:00,NO,00-0038551,K.Miller,RB,receptions,3,4,1.333333,1.333333,8,0.0,,,,UNPRICED_RESEARCH_ONLY
2026_05_MIN_NO,2026,5,2026-10-11T17:00:00+00:00,NO,00-0038551,K.Miller,RB,rushing_yards,3,4,17.666667,17.666667,8,0.0,,,,UNPRICED_RESEARCH_ONLY
2026_05_MIN_NO,2026,5,2026-10-11T17:00:00+00:00,NO,00-0039424,D.Vele,WR,receiving_yards,4,4,52.333333,56.5,8,0.0,,,,UNPRICED_RESEARCH_ONLY
2026_05_MIN_NO,2026,5,2026-10-11T17:00:00+00:00,NO,00-0039424,D.Vele,WR,receptions,4,4,4.666667,5.25,8,0.0,,,,UNPRICED_RESEARCH_ONLY
2026_05_MIN_NO,2026,5,2026-10-11T17:00:00+00:00,NO,00-0040743,T.Shough,QB,passing_yards,4,4,264.333333,264.333333,3,0.0,,,,UNPRICED_RESEARCH_ONLY
2026_05_MIN_NO,2026,5,2026-10-11T17:00:00+00:00,NO,00-0040743,T.Shough,QB,rushing_yards,4,4,21.333333,18.0,8,0.0,,,,UNPRICED_RESEARCH_ONLY
2026_05_MIN_NO,2026,5,2026-10-11T17:00:00+00:00,NO,00-0041067,B.Lance,WR,receiving_yards,4,4,5.0,14.25,8,0.0,,,,UNPRICED_RESEARCH_ONLY
2026_05_MIN_NO,2026,5,2026-10-11T17:00:00+00:00,NO,00-0041067,B.Lance,WR,receptions,4,4,0.666667,1.25,8,0.0,,,,UNPRICED_RESEARCH_ONLY
2026_05_MIN_NO,2026,5,2026-10-11T17:00:00+00:00,NO,00-0041326,C.Donaldson,RB,receiving_yards,4,4,1.666667,0.75,8,0.0,,,,UNPRICED_RESEARCH_ONLY
2026_05_MIN_NO,2026,5,2026-10-11T17:00:00+00:00,NO,00-0041326,C.Donaldson,RB,receptions,4,4,0.666667,0.75,8,0.0,,,,UNPRICED_RESEARCH_ONLY
2026_05_MIN_NO,2026,5,2026-10-11T17:00:00+00:00,NO,00-0041326,C.Donaldson,RB,rushing_yards,4,4,8.333333,7.25,8,0.0,,,,UNPRICED_RESEARCH_ONLY
2026_05_NYG_WAS,2026,5,2026-10-11T17:00:00+00:00,NYG,00-0031503,J.Winston,QB,passing_yards,3,4,159.666667,159.666667,3,0.0,,,,UNPRICED_RESEARCH_ONLY
2026_05_NYG_WAS,2026,5,2026-10-11T17:00:00+00:00,NYG,00-0031503,J.Winston,QB,rushing_yards,3,4,5.0,5.0,8,0.0,,,,UNPRICED_RESEARCH_ONLY
2026_05_NYG_WAS,2026,5,2026-10-11T17:00:00+00:00,NYG,00-0036309,D.Mooney,WR,receiving_yards,4,4,22.666667,23.75,8,0.0,,,,UNPRICED_RESEARCH_ONLY
2026_05_NYG_WAS,2026,5,2026-10-11T17:00:00+00:00,NYG,00-0036309,D.Mooney,WR,receptions,4,4,1.333333,1.5,8,0.0,,,,UNPRICED_RESEARCH_ONLY
2026_05_NYG_WAS,2026,5,2026-10-11T17:00:00+00:00,NYG,00-0036309,D.Mooney,WR,rushing_yards,4,4,3.0,2.25,8,0.0,,,,UNPRICED_RESEARCH_ONLY
2026_05_NYG_WAS,2026,5,2026-10-11T17:00:00+00:00,NYG,00-0036893,N.Harris,RB,rushing_yards,3,4,29.333333,29.333333,8,0.0,,,,UNPRICED_RESEARCH_ONLY
2026_05_NYG_WAS,2026,5,2026-10-11T17:00:00+00:00,NYG,00-0037838,I.Likely,TE,receiving_yards,4,4,37.333333,47.5,8,0.0,,,,UNPRICED_RESEARCH_ONLY
2026_05_NYG_WAS,2026,5,2026-10-11T17:00:00+00:00,NYG,00-0037838,I.Likely,TE,receptions,4,4,4.666667,5.5,8,0.0,,,,UNPRICED_RESEARCH_ONLY
2026_05_NYG_WAS,2026,5,2026-10-11T17:00:00+00:00,NYG,00-0039337,M.Nabers,WR,receiving_yards,4,4,46.333333,52.0,8,0.0,,,,UNPRICED_RESEARCH_ONLY
2026_05_NYG_WAS,2026,5,2026-10-11T17:00:00+00:00,NYG,00-0039337,M.Nabers,WR,receptions,4,4,4.0,4.5,8,0.0,,,,UNPRICED_RESEARCH_ONLY
2026_05_NYG_WAS,2026,5,2026-10-11T17:00:00+00:00,NYG,00-0039384,T.Tracy,RB,rushing_yards,4,4,0.666667,4.0,8,0.0,,,,UNPRICED_RESEARCH_ONLY
2026_05_NYG_WAS,2026,5,2026-10-11T17:00:00+00:00,NYG,00-0039847,T.Johnson,TE,receiving_yards,3,4,6.666667,6.666667,8,0.0,,,,UNPRICED_RESEARCH_ONLY
2026_05_NYG_WAS,2026,5,2026-10-11T17:00:00+00:00,NYG,00-0039847,T.Johnson,TE,receptions,3,4,0.666667,0.666667,8,0.0,,,,UNPRICED_RESEARCH_ONLY
2026_05_NYG_WAS,2026,5,2026-10-11T17:00:00+00:00,NYG,00-0040715,C.Skattebo,RB,receiving_yards,4,4,22.333333,16.75,8,0.0,,,,UNPRICED_RESEARCH_ONLY
2026_05_NYG_WAS,2026,5,2026-10-11T17:00:00+00:00,NYG,00-0040715,C.Skattebo,RB,receptions,4,4,2.666667,2.0,8,0.0,,,,UNPRICED_RESEARCH_ONLY
2026_05_NYG_WAS,2026,5,2026-10-11T17:00:00+00:00,NYG,00-0040715,C.Skattebo,RB,rushing_yards,4,4,51.333333,58.75,8,0.0,,,,UNPRICED_RESEARCH_ONLY
2026_05_NYG_WAS,2026,5,2026-10-11T17:00:00+00:00,NYG,00-0041042,M.Fields,WR,receiving_yards,4,4,33.666667,31.5,8,0.0,,,,UNPRICED_RESEARCH_ONLY
2026_05_NYG_WAS,2026,5,2026-10-11T17:00:00+00:00,NYG,00-0041042,M.Fields,WR,receptions,4,4,2.0,2.0,8,0.0,,,,UNPRICED_RESEARCH_ONLY
2026_05_NYG_WAS,2026,5,2026-10-11T17:00:00+00:00,WAS,00-0031588,S.Diggs,WR,receiving_yards,4,4,38.333333,42.5,8,0.0,,,,UNPRICED_RESEARCH_ONLY
2026_05_NYG_WAS,2026,5,2026-10-11T17:00:00+00:00,WAS,00-0031588,S.Diggs,WR,receptions,4,4,4.666667,4.5,8,0.0,,,,UNPRICED_RESEARCH_ONLY
2026_05_NYG_WAS,2026,5,2026-10-11T17:00:00+00:00,WAS,00-0032268,M.Mariota,QB,passing_yards,3,4,113.333333,113.333333,3,0.0,,,,UNPRICED_RESEARCH_ONLY
2026_05_NYG_WAS,2026,5,2026-10-11T17:00:00+00:00,WAS,00-0032268,M.Mariota,QB,rushing_yards,3,4,16.333333,16.333333,8,0.0,,,,UNPRICED_RESEARCH_ONLY
2026_05_NYG_WAS,2026,5,2026-10-11T17:00:00+00:00,WAS,00-0035659,T.McLaurin,WR,receiving_yards,3,3,47.0,47.0,8,0.0,,,,UNPRICED_RESEARCH_ONLY
2026_05_NYG_WAS,2026,5,2026-10-11T17:00:00+00:00,WAS,00-0035659,T.McLaurin,WR,receptions,3,3,3.333333,3.333333,8,0.0,,,,UNPRICED_RESEARCH_ONLY
2026_05_NYG_WAS,2026,5,2026-10-11T17:00:00+00:00,WAS,00-0036626,D.Brown,WR,receiving_yards,4,4,28.666667,21.5,8,0.0,,,,UNPRICED_RESEARCH_ONLY
2026_05_NYG_WAS,2026,5,2026-10-11T17:00:00+00:00,WAS,00-0036626,D.Brown,WR,receptions,4,4,2.333333,1.75,8,0.0,,,,UNPRICED_RESEARCH_ONLY
2026_05_NYG_WAS,2026,5,2026-10-11T17:00:00+00:00,WAS,00-0037256,R.White,RB,receiving_yards,3,3,17.0,17.0,8,0.0,,,,UNPRICED_RESEARCH_ONLY
2026_05_NYG_WAS,2026,5,2026-10-11T17:00:00+00:00,WAS,00-0037256,R.White,RB,receptions,3,3,3.0,3.0,8,0.0,,,,UNPRICED_RESEARCH_ONLY
2026_05_NYG_WAS,2026,5,2026-10-11T17:00:00+00:00,WAS,00-0037256,R.White,RB,rushing_yards,3,3,33.333333,33.333333,8,0.0,,,,UNPRICED_RESEARCH_ONLY
2026_05_NYG_WAS,2026,5,2026-10-11T17:00:00+00:00,WAS,00-0037742,T.Burks,WR,receiving_yards,3,4,20.0,20.0,8,0.0,,,,UNPRICED_RESEARCH_ONLY
2026_05_NYG_WAS,2026,5,2026-10-11T17:00:00+00:00,WAS,00-0037742,T.Burks,WR,receptions,3,4,1.0,1.0,8,0.0,,,,UNPRICED_RESEARCH_ONLY
2026_05_NYG_WAS,2026,5,2026-10-11T17:00:00+00:00,WAS,00-0039686,C.Yankoff,TE,receiving_yards,4,4,5.333333,4.0,8,0.0,,,,UNPRICED_RESEARCH_ONLY
2026_05_NYG_WAS,2026,5,2026-10-11T17:00:00+00:00,WAS,00-0039686,C.Yankoff,TE,receptions,4,4,0.666667,0.5,8,0.0,,,,UNPRICED_RESEARCH_ONLY
2026_05_NYG_WAS,2026,5,2026-10-11T17:00:00+00:00,WAS,00-0040164,J.Lane,WR,receiving_yards,4,4,7.0,6.25,8,0.0,,,,UNPRICED_RESEARCH_ONLY
2026_05_NYG_WAS,2026,5,2026-10-11T17:00:00+00:00,WAS,00-0040164,J.Lane,WR,receptions,4,4,0.333333,0.5,8,0.0,,,,UNPRICED_RESEARCH_ONLY
2026_05_NYG_WAS,2026,5,2026-10-11T17:00:00+00:00,WAS,00-0040242,J.Croskey-Merritt,RB,receiving_yards,4,4,15.666667,10.0,8,0.0,,,,UNPRICED_RESEARCH_ONLY
2026_05_NYG_WAS,2026,5,2026-10-11T17:00:00+00:00,WAS,00-0040242,J.Croskey-Merritt,RB,receptions,4,4,1.333333,1.25,8,0.0,,,,UNPRICED_RESEARCH_ONLY
2026_05_NYG_WAS,2026,5,2026-10-11T17:00:00+00:00,WAS,00-0040242,J.Croskey-Merritt,RB,rushing_yards,4,4,31.333333,39.25,8,0.0,,,,UNPRICED_RESEARCH_ONLY
2026_05_NYG_WAS,2026,5,2026-10-11T17:00:00+00:00,WAS,00-0041040,A.Williams,WR,receiving_yards,4,4,20.0,31.0,8,0.0,,,,UNPRICED_RESEARCH_ONLY
2026_05_NYG_WAS,2026,5,2026-10-11T17:00:00+00:00,WAS,00-0041040,A.Williams,WR,receptions,4,4,2.666667,3.0,8,0.0,,,,UNPRICED_RESEARCH_ONLY
2026_05_NYG_WAS,2026,5,2026-10-11T17:00:00+00:00,WAS,00-0041096,K.Allen,RB,rushing_yards,3,4,13.666667,13.666667,8,0.0,,,,UNPRICED_RESEARCH_ONLY
2026_05_PHI_JAX,2026,5,2026-10-11T13:30:00+00:00,JAX,00-0032104,A.Abdullah,RB,receiving_yards,4,4,0.666667,0.5,8,0.0,,,,UNPRICED_RESEARCH_ONLY
2026_05_PHI_JAX,2026,5,2026-10-11T13:30:00+00:00,JAX,00-0032104,A.Abdullah,RB,receptions,4,4,0.333333,0.5,8,0.0,,,,UNPRICED_RESEARCH_ONLY
2026_05_PHI_JAX,2026,5,2026-10-11T13:30:00+00:00,JAX,00-0032104,A.Abdullah,RB,rushing_yards,4,4,4.333333,11.25,8,0.0,,,,UNPRICED_RESEARCH_ONLY
2026_05_PHI_JAX,2026,5,2026-10-11T13:30:00+00:00,JAX,00-0034960,J.Meyers,WR,receiving_yards,4,4,41.666667,41.25,8,0.0,,,,UNPRICED_RESEARCH_ONLY
2026_05_PHI_JAX,2026,5,2026-10-11T13:30:00+00:00,JAX,00-0034960,J.Meyers,WR,receptions,4,4,3.666667,3.25,8,0.0,,,,UNPRICED_RESEARCH_ONLY
2026_05_PHI_JAX,2026,5,2026-10-11T13:30:00+00:00,JAX,00-0036590,Q.Morris,TE,receiving_yards,3,4,2.333333,2.333333,8,0.0,,,,UNPRICED_RESEARCH_ONLY
2026_05_PHI_JAX,2026,5,2026-10-11T13:30:00+00:00,JAX,00-0036590,Q.Morris,TE,receptions,3,4,0.333333,0.333333,8,0.0,,,,UNPRICED_RESEARCH_ONLY
2026_05_PHI_JAX,2026,5,2026-10-11T13:30:00+00:00,JAX,00-0036971,T.Lawrence,QB,passing_yards,4,4,199.333333,199.333333,3,0.0,,,,UNPRICED_RESEARCH_ONLY
2026_05_PHI_JAX,2026,5,2026-10-11T13:30:00+00:00,JAX,00-0036971,T.Lawrence,QB,rushing_yards,4,4,10.333333,8.5,8,0.0,,,,UNPRICED_RESEARCH_ONLY
2026_05_PHI_JAX,2026,5,2026-10-11T13:30:00+00:00,JAX,00-0038606,P.Washington,WR,receiving_yards,4,4,48.333333,57.0,8,0.0,,,,UNPRICED_RESEARCH_ONLY
2026_05_PHI_JAX,2026,5,2026-10-11T13:30:00+00:00,JAX,00-0038606,P.Washington,WR,receptions,4,4,3.666667,4.0,8,0.0,,,,UNPRICED_RESEARCH_ONLY
2026_05_PHI_JAX,2026,5,2026-10-11T13:30:00+00:00,JAX,00-0038606,P.Washington,WR,rushing_yards,4,4,1.0,0.75,8,0.0,,,,UNPRICED_RESEARCH_ONLY
2026_05_PHI_JAX,2026,5,2026-10-11T13:30:00+00:00,JAX,00-0038611,C.Rodriguez,RB,rushing_yards,4,4,28.333333,27.0,8,0.0,,,,UNPRICED_RESEARCH_ONLY
2026_05_PHI_JAX,2026,5,2026-10-11T13:30:00+00:00,JAX,00-0038935,B.Strange,TE,receiving_yards,4,4,48.0,41.75,8,0.0,,,,UNPRICED_RESEARCH_ONLY
2026_05_PHI_JAX,2026,5,2026-10-11T13:30:00+00:00,JAX,00-0038935,B.Strange,TE,receptions,4,4,4.0,3.5,8,0.0,,,,UNPRICED_RESEARCH_ONLY
2026_05_PHI_JAX,2026,5,2026-10-11T13:30:00+00:00,JAX,00-0039893,Bri.Thomas,WR,receiving_yards,4,4,21.666667,26.25,8,0.0,,,,UNPRICED_RESEARCH_ONLY
2026_05_PHI_JAX,2026,5,2026-10-11T13:30:00+00:00,JAX,00-0039893,Bri.Thomas,WR,receptions,4,4,2.0,2.25,8,0.0,,,,UNPRICED_RESEARCH_ONLY
2026_05_PHI_JAX,2026,5,2026-10-11T13:30:00+00:00,JAX,00-0040238,L.Allen,RB,receiving_yards,3,4,3.0,3.0,8,0.0,,,,UNPRICED_RESEARCH_ONLY
2026_05_PHI_JAX,2026,5,2026-10-11T13:30:00+00:00,JAX,00-0040238,L.Allen,RB,receptions,3,4,0.666667,0.666667,8,0.0,,,,UNPRICED_RESEARCH_ONLY
2026_05_PHI_JAX,2026,5,2026-10-11T13:30:00+00:00,JAX,00-0040719,B.Tuten,RB,receiving_yards,4,4,10.666667,13.5,8,0.0,,,,UNPRICED_RESEARCH_ONLY
2026_05_PHI_JAX,2026,5,2026-10-11T13:30:00+00:00,JAX,00-0040719,B.Tuten,RB,receptions,4,4,2.0,1.75,8,0.0,,,,UNPRICED_RESEARCH_ONLY
2026_05_PHI_JAX,2026,5,2026-10-11T13:30:00+00:00,JAX,00-0040719,B.Tuten,RB,rushing_yards,4,4,70.333333,69.25,8,0.0,,,,UNPRICED_RESEARCH_ONLY
2026_05_PHI_JAX,2026,5,2026-10-11T13:30:00+00:00,JAX,00-0041100,J.Cameron,WR,receiving_yards,4,4,18.0,18.5,8,0.0,,,,UNPRICED_RESEARCH_ONLY
2026_05_PHI_JAX,2026,5,2026-10-11T13:30:00+00:00,JAX,00-0041100,J.Cameron,WR,receptions,4,4,1.0,1.25,8,0.0,,,,UNPRICED_RESEARCH_ONLY
2026_05_PHI_JAX,2026,5,2026-10-11T13:30:00+00:00,JAX,00-0041503,N.Boerkircher,TE,receiving_yards,3,4,8.0,8.0,8,0.0,,,,UNPRICED_RESEARCH_ONLY
2026_05_PHI_JAX,2026,5,2026-10-11T13:30:00+00:00,JAX,00-0041503,N.Boerkircher,TE,receptions,3,4,0.666667,0.666667,8,0.0,,,,UNPRICED_RESEARCH_ONLY
2026_05_PHI_JAX,2026,5,2026-10-11T13:30:00+00:00,PHI,00-0033246,J.Mundt,TE,receiving_yards,3,4,4.0,4.0,8,0.0,,,,UNPRICED_RESEARCH_ONLY
2026_05_PHI_JAX,2026,5,2026-10-11T13:30:00+00:00,PHI,00-0033246,J.Mundt,TE,receptions,3,4,1.0,1.0,8,0.0,,,,UNPRICED_RESEARCH_ONLY
2026_05_PHI_JAX,2026,5,2026-10-11T13:30:00+00:00,PHI,00-0034844,S.Barkley,RB,receiving_yards,4,4,3.666667,2.0,8,0.0,,,,UNPRICED_RESEARCH_ONLY
2026_05_PHI_JAX,2026,5,2026-10-11T13:30:00+00:00,PHI,00-0034844,S.Barkley,RB,receptions,4,4,1.0,1.0,8,0.0,,,,UNPRICED_RESEARCH_ONLY
2026_05_PHI_JAX,2026,5,2026-10-11T13:30:00+00:00,PHI,00-0034844,S.Barkley,RB,rushing_yards,4,4,33.0,45.5,8,0.0,,,,UNPRICED_RESEARCH_ONLY
2026_05_PHI_JAX,2026,5,2026-10-11T13:30:00+00:00,PHI,00-0036389,J.Hurts,QB,passing_yards,4,4,170.0,170.0,3,0.0,,,,UNPRICED_RESEARCH_ONLY
2026_05_PHI_JAX,2026,5,2026-10-11T13:30:00+00:00,PHI,00-0036389,J.Hurts,QB,rushing_yards,4,4,19.666667,26.25,8,0.0,,,,UNPRICED_RESEARCH_ONLY
2026_05_PHI_JAX,2026,5,2026-10-11T13:30:00+00:00,PHI,00-0036912,D.Smith,WR,receiving_yards,3,3,78.333333,78.333333,8,0.0,,,,UNPRICED_RESEARCH_ONLY
2026_05_PHI_JAX,2026,5,2026-10-11T13:30:00+00:00,PHI,00-0036912,D.Smith,WR,receptions,3,3,6.333333,6.333333,8,0.0,,,,UNPRICED_RESEARCH_ONLY
2026_05_PHI_JAX,2026,5,2026-10-11T13:30:00+00:00,PHI,00-0038393,D.Wicks,WR,receiving_yards,4,4,41.333333,49.25,8,0.0,,,,UNPRICED_RESEARCH_ONLY
2026_05_PHI_JAX,2026,5,2026-10-11T13:30:00+00:00,PHI,00-0038393,D.Wicks,WR,receptions,4,4,3.333333,3.0,8,0.0,,,,UNPRICED_RESEARCH_ONLY
2026_05_PHI_JAX,2026,5,2026-10-11T13:30:00+00:00,PHI,00-0038555,T.Bigsby,RB,receiving_yards,4,4,3.333333,2.5,8,0.0,,,,UNPRICED_RESEARCH_ONLY
2026_05_PHI_JAX,2026,5,2026-10-11T13:30:00+00:00,PHI,00-0038555,T.Bigsby,RB,receptions,4,4,1.0,0.75,8,0.0,,,,UNPRICED_RESEARCH_ONLY
2026_05_PHI_JAX,2026,5,2026-10-11T13:30:00+00:00,PHI,00-0038555,T.Bigsby,RB,rushing_yards,4,4,29.333333,22.75,8,0.0,,,,UNPRICED_RESEARCH_ONLY
2026_05_PHI_JAX,2026,5,2026-10-11T13:30:00+00:00,PHI,00-0039746,W.Shipley,RB,receiving_yards,4,4,5.333333,6.0,8,0.0,,,,UNPRICED_RESEARCH_ONLY
2026_05_PHI_JAX,2026,5,2026-10-11T13:30:00+00:00,PHI,00-0039746,W.Shipley,RB,receptions,4,4,1.0,1.0,8,0.0,,,,UNPRICED_RESEARCH_ONLY
2026_05_PHI_JAX,2026,5,2026-10-11T13:30:00+00:00,PHI,00-0039746,W.Shipley,RB,rushing_yards,4,4,15.666667,12.75,8,0.0,,,,UNPRICED_RESEARCH_ONLY
2026_05_PHI_JAX,2026,5,2026-10-11T13:30:00+00:00,PHI,00-0040024,D.Cooper,WR,receiving_yards,4,4,19.666667,14.75,8,0.0,,,,UNPRICED_RESEARCH_ONLY
2026_05_PHI_JAX,2026,5,2026-10-11T13:30:00+00:00,PHI,00-0040024,D.Cooper,WR,receptions,4,4,1.666667,1.25,8,0.0,,,,UNPRICED_RESEARCH_ONLY
2026_05_PHI_JAX,2026,5,2026-10-11T13:30:00+00:00,PHI,00-0040867,M.Lemon,WR,receiving_yards,4,4,23.333333,16.25,8,0.0,,,,UNPRICED_RESEARCH_ONLY
2026_05_PHI_JAX,2026,5,2026-10-11T13:30:00+00:00,PHI,00-0040867,M.Lemon,WR,receptions,4,4,2.333333,2.5,8,0.0,,,,UNPRICED_RESEARCH_ONLY
2026_05_SF_SEA,2026,5,2026-10-11T20:25:00+00:00,SEA,00-0033576,E.Saubert,TE,receiving_yards,4,4,1.0,0.75,8,0.0,,,,UNPRICED_RESEARCH_ONLY
2026_05_SF_SEA,2026,5,2026-10-11T20:25:00+00:00,SEA,00-0033576,E.Saubert,TE,receptions,4,4,0.666667,0.5,8,0.0,,,,UNPRICED_RESEARCH_ONLY
2026_05_SF_SEA,2026,5,2026-10-11T20:25:00+00:00,SEA,00-0033908,C.Kupp,WR,receiving_yards,4,4,26.333333,28.5,8,0.0,,,,UNPRICED_RESEARCH_ONLY
2026_05_SF_SEA,2026,5,2026-10-11T20:25:00+00:00,SEA,00-0033908,C.Kupp,WR,receptions,4,4,2.333333,2.25,8,0.0,,,,UNPRICED_RESEARCH_ONLY
2026_05_SF_SEA,2026,5,2026-10-11T20:25:00+00:00,SEA,00-0034869,S.Darnold,QB,passing_yards,3,4,186.666667,186.666667,3,0.0,,,,UNPRICED_RESEARCH_ONLY
2026_05_SF_SEA,2026,5,2026-10-11T20:25:00+00:00,SEA,00-0034869,S.Darnold,QB,rushing_yards,3,4,3.666667,3.666667,8,0.0,,,,UNPRICED_RESEARCH_ONLY
2026_05_SF_SEA,2026,5,2026-10-11T20:25:00+00:00,SEA,00-0037545,R.Shaheed,WR,receiving_yards,4,4,23.0,18.25,8,0.0,,,,UNPRICED_RESEARCH_ONLY
2026_05_SF_SEA,2026,5,2026-10-11T20:25:00+00:00,SEA,00-0037545,R.Shaheed,WR,receptions,4,4,2.0,1.75,8,0.0,,,,UNPRICED_RESEARCH_ONLY
2026_05_SF_SEA,2026,5,2026-10-11T20:25:00+00:00,SEA,00-0037545,R.Shaheed,WR,rushing_yards,4,4,12.333333,9.25,8,0.0,,,,UNPRICED_RESEARCH_ONLY
2026_05_SF_SEA,2026,5,2026-10-11T20:25:00+00:00,SEA,00-0038488,B.Russell,RB,receiving_yards,3,4,13.333333,13.333333,8,0.0,,,,UNPRICED_RESEARCH_ONLY
2026_05_SF_SEA,2026,5,2026-10-11T20:25:00+00:00,SEA,00-0038488,B.Russell,RB,receptions,3,4,1.0,1.0,8,0.0,,,,UNPRICED_RESEARCH_ONLY
2026_05_SF_SEA,2026,5,2026-10-11T20:25:00+00:00,SEA,00-0038543,J.Smith-Njigba,WR,receiving_yards,4,4,119.666667,120.25,8,0.0,,,,UNPRICED_RESEARCH_ONLY
2026_05_SF_SEA,2026,5,2026-10-11T20:25:00+00:00,SEA,00-0038543,J.Smith-Njigba,WR,receptions,4,4,8.0,8.0,8,0.0,,,,UNPRICED_RESEARCH_ONLY
2026_05_SF_SEA,2026,5,2026-10-11T20:25:00+00:00,SEA,00-0038797,E.Wilson,RB,receiving_yards,4,4,13.0,9.75,8,0.0,,,,UNPRICED_RESEARCH_ONLY
2026_05_SF_SEA,2026,5,2026-10-11T20:25:00+00:00,SEA,00-0038797,E.Wilson,RB,receptions,4,4,1.0,0.75,8,0.0,,,,UNPRICED_RESEARCH_ONLY
2026_05_SF_SEA,2026,5,2026-10-11T20:25:00+00:00,SEA,00-0038797,E.Wilson,RB,rushing_yards,4,4,62.333333,47.5,8,0.0,,,,UNPRICED_RESEARCH_ONLY
2026_05_SF_SEA,2026,5,2026-10-11T20:25:00+00:00,SEA,00-0039299,G.Holani,RB,receiving_yards,4,4,17.333333,13.0,8,0.0,,,,UNPRICED_RESEARCH_ONLY
2026_05_SF_SEA,2026,5,2026-10-11T20:25:00+00:00,SEA,00-0039299,G.Holani,RB,receptions,4,4,2.333333,1.75,8,0.0,,,,UNPRICED_RESEARCH_ONLY
2026_05_SF_SEA,2026,5,2026-10-11T20:25:00+00:00,SEA,00-0039299,G.Holani,RB,rushing_yards,4,4,13.666667,17.5,8,0.0,,,,UNPRICED_RESEARCH_ONLY
2026_05_SF_SEA,2026,5,2026-10-11T20:25:00+00:00,SEA,00-0039793,A.Barner,TE,receiving_yards,4,4,29.666667,25.5,8,0.0,,,,UNPRICED_RESEARCH_ONLY
2026_05_SF_SEA,2026,5,2026-10-11T20:25:00+00:00,SEA,00-0039793,A.Barner,TE,receptions,4,4,2.333333,2.25,8,0.0,,,,UNPRICED_RESEARCH_ONLY
2026_05_SF_SEA,2026,5,2026-10-11T20:25:00+00:00,SEA,00-0041512,J.Price,RB,receiving_yards,3,3,7.0,7.0,8,0.0,,,,UNPRICED_RESEARCH_ONLY
2026_05_SF_SEA,2026,5,2026-10-11T20:25:00+00:00,SEA,00-0041512,J.Price,RB,receptions,3,3,1.333333,1.333333,8,0.0,,,,UNPRICED_RESEARCH_ONLY
2026_05_SF_SEA,2026,5,2026-10-11T20:25:00+00:00,SEA,00-0041512,J.Price,RB,rushing_yards,3,3,39.666667,39.666667,8,0.0,,,,UNPRICED_RESEARCH_ONLY
2026_05_SF_SEA,2026,5,2026-10-11T20:25:00+00:00,SF,00-0029892,K.Juszczyk,FB,receiving_yards,3,4,18.333333,18.333333,8,0.0,,,,UNPRICED_RESEARCH_ONLY
2026_05_SF_SEA,2026,5,2026-10-11T20:25:00+00:00,SF,00-0029892,K.Juszczyk,FB,receptions,3,4,1.333333,1.333333,8,0.0,,,,UNPRICED_RESEARCH_ONLY
2026_05_SF_SEA,2026,5,2026-10-11T20:25:00+00:00,SF,00-0031408,M.Evans,WR,receiving_yards,4,4,54.666667,53.25,8,0.0,,,,UNPRICED_RESEARCH_ONLY
2026_05_SF_SEA,2026,5,2026-10-11T20:25:00+00:00,SF,00-0031408,M.Evans,WR,receptions,4,4,3.666667,4.25,8,0.0,,,,UNPRICED_RESEARCH_ONLY
2026_05_SF_SEA,2026,5,2026-10-11T20:25:00+00:00,SF,00-0033280,C.McCaffrey,RB,receiving_yards,4,4,34.0,30.5,8,0.0,,,,UNPRICED_RESEARCH_ONLY
2026_05_SF_SEA,2026,5,2026-10-11T20:25:00+00:00,SF,00-0033280,C.McCaffrey,RB,receptions,4,4,3.666667,4.0,8,0.0,,,,UNPRICED_RESEARCH_ONLY
2026_05_SF_SEA,2026,5,2026-10-11T20:25:00+00:00,SF,00-0033280,C.McCaffrey,RB,rushing_yards,4,4,50.0,54.5,8,0.0,,,,UNPRICED_RESEARCH_ONLY
2026_05_SF_SEA,2026,5,2026-10-11T20:25:00+00:00,SF,00-0033288,G.Kittle,TE,receiving_yards,4,4,77.333333,61.0,8,0.0,,,,UNPRICED_RESEARCH_ONLY
2026_05_SF_SEA,2026,5,2026-10-11T20:25:00+00:00,SF,00-0033288,G.Kittle,TE,receptions,4,4,4.666667,4.0,8,0.0,,,,UNPRICED_RESEARCH_ONLY
2026_05_SF_SEA,2026,5,2026-10-11T20:25:00+00:00,SF,00-0034854,K.Hodge,WR,receiving_yards,3,3,6.0,6.0,8,0.0,,,,UNPRICED_RESEARCH_ONLY
2026_05_SF_SEA,2026,5,2026-10-11T20:25:00+00:00,SF,00-0034854,K.Hodge,WR,receptions,3,3,0.333333,0.333333,8,0.0,,,,UNPRICED_RESEARCH_ONLY
2026_05_SF_SEA,2026,5,2026-10-11T20:25:00+00:00,SF,00-0035719,D.Samuel,WR,receiving_yards,4,4,45.666667,46.25,8,0.0,,,,UNPRICED_RESEARCH_ONLY
2026_05_SF_SEA,2026,5,2026-10-11T20:25:00+00:00,SF,00-0035719,D.Samuel,WR,receptions,4,4,2.666667,3.5,8,0.0,,,,UNPRICED_RESEARCH_ONLY
2026_05_SF_SEA,2026,5,2026-10-11T20:25:00+00:00,SF,00-0035719,D.Samuel,WR,rushing_yards,4,4,20.666667,18.5,8,0.0,,,,UNPRICED_RESEARCH_ONLY
2026_05_SF_SEA,2026,5,2026-10-11T20:25:00+00:00,SF,00-0037834,B.Purdy,QB,passing_yards,4,4,267.333333,267.333333,3,0.0,,,,UNPRICED_RESEARCH_ONLY
2026_05_SF_SEA,2026,5,2026-10-11T20:25:00+00:00,SF,00-0037834,B.Purdy,QB,rushing_yards,4,4,31.0,30.5,8,0.0,,,,UNPRICED_RESEARCH_ONLY
2026_05_SF_SEA,2026,5,2026-10-11T20:25:00+00:00,SF,00-0039365,J.Cowing,WR,rushing_yards,4,4,0.666667,0.5,8,0.0,,,,UNPRICED_RESEARCH_ONLY
2026_05_SF_SEA,2026,5,2026-10-11T20:25:00+00:00,SF,00-0041052,K.Black,RB,rushing_yards,4,4,18.333333,30.0,8,0.0,,,,UNPRICED_RESEARCH_ONLY
