season,week,game_id,away_team,home_team,model_margin_home,model_total,quant_market,quant_side,quant_book,quant_price,quant_odds,quant_probability,quant_edge,quant_ev,quant_quote_at,recommendation_status,production_signal,research_signal,execution_ready,portfolio_stake_units,context_veto,probability_reliability_veto,predicted_home_score,predicted_away_score,projected_winner,betting_action,quote_quality
2026,5,2026_05_BAL_ATL,BAL,ATL,-0.844550851843664,47.77029482510617,moneyline,away,WynnBET,,150,0.5583343333171196,0.17570204023706532,0.3958358332927989,2026-10-08T20:44:32.123169+00:00,ACTIVE,PASS,PASS,true,0.0,false,false,23.462871986631253,24.307422838474917,BAL,PASS,NOT_EXECUTABLE
2026,5,2026_05_BAL_ATL,BAL,ATL,-0.844550851843664,47.77029482510617,spread,away,BetRivers,3.0,-102,0.6134186115018633,0.1307827372181335,0.2148094070919253,2026-10-08T20:44:32.123169+00:00,ACTIVE,PASS,PASS,true,0.0,false,false,23.462871986631253,24.307422838474917,BAL,PASS,NOT_EXECUTABLE
2026,5,2026_05_BAL_ATL,BAL,ATL,-0.844550851843664,47.77029482510617,total,over,WynnBET,43.5,-109,0.6280184170635713,0.13124311394206478,0.20418210244299462,2026-10-08T20:44:32.123169+00:00,ACTIVE,PASS,PASS,true,0.0,false,false,23.462871986631253,24.307422838474917,BAL,PASS,NOT_EXECUTABLE
2026,5,2026_05_BUF_LA,BUF,LA,0.4618004526255959,50.013828798053616,spread,away,BetMGM,3.0,-102,0.5743374800768506,0.09170160579312081,0.13741344093650798,2026-10-08T20:44:32.123169+00:00,ACTIVE,PASS,STRONG,true,0.0,false,false,25.237814625339606,24.77601417271401,LA,PASS,NOT_EXECUTABLE
2026,5,2026_05_BUF_LA,BUF,LA,0.4618004526255959,50.013828798053616,moneyline,away,PointsBet,,148,0.5068565811659571,0.11947728630855758,0.2570043212915736,2026-10-08T20:44:32.123169+00:00,ACTIVE,PASS,PASS,true,0.0,false,false,25.237814625339606,24.77601417271401,LA,PASS,NOT_EXECUTABLE
2026,5,2026_05_BUF_LA,BUF,LA,0.4618004526255959,50.013828798053616,total,under,BetRivers,54.5,-102,0.6256646208600043,0.1430287465762745,0.23906130797765557,2026-10-08T20:44:32.123169+00:00,ACTIVE,PASS,STRONG,true,0.0,false,false,25.237814625339606,24.77601417271401,LA,PASS,NOT_EXECUTABLE
2026,5,2026_05_CHI_GB,CHI,GB,-4.865351916551749,46.15969868095331,total,over,PointsBet,45.5,-110,0.5238537144309534,0.02385371443095341,0.00008436391363830786,2026-10-08T20:44:32.123169+00:00,ACTIVE,PASS,PASS,true,0.0,false,false,20.647173382200783,25.51252529875253,CHI,PASS,NOT_EXECUTABLE
2026,5,2026_05_CHI_GB,CHI,GB,-4.865351916551749,46.15969868095331,moneyline,away,PointsBet,,-126,0.7050484892557163,0.16808733534652098,0.26461078231580837,2026-10-08T20:44:32.123169+00:00,ACTIVE,PASS,PASS,true,0.0,false,false,20.647173382200783,25.51252529875253,CHI,PASS,NOT_EXECUTABLE
2026,5,2026_05_CHI_GB,CHI,GB,-4.865351916551749,46.15969868095331,spread,away,BetMGM,-1.5,-110,0.5991934987376126,0.09699859092374075,0.14391486122635144,2026-10-08T20:44:32.123169+00:00,ACTIVE,PASS,PASS,true,0.0,false,false,20.647173382200783,25.51252529875253,CHI,PASS,NOT_EXECUTABLE
2026,5,2026_05_CIN_MIA,CIN,MIA,-3.477616979971817,44.535089329163654,spread,home,PointsBet,6.5,-100,0.5954886751280677,0.11909382534265994,0.19097735025613538,2026-10-08T20:44:32.123169+00:00,ACTIVE,PASS,STRONG,true,0.0,false,false,20.52873617459592,24.006353154567734,CIN,PASS,NOT_EXECUTABLE
2026,5,2026_05_CIN_MIA,CIN,MIA,-3.477616979971817,44.535089329163654,total,over,DraftKings,42.5,-110,0.5641319337909386,0.06413193379093862,0.0769791463281555,2026-10-08T20:44:28.872147+00:00,ACTIVE,PASS,BET,true,0.0,false,false,20.52873617459592,24.006353154567734,CIN,PASS,NOT_EXECUTABLE
2026,5,2026_05_CIN_MIA,CIN,MIA,-3.477616979971817,44.535089329163654,moneyline,home,ActionNetwork book 49,,265,0.3426325478630285,0.08022868720852694,0.2506087997000539,2026-10-08T20:44:32.123169+00:00,ACTIVE,PASS,PASS,true,0.0,false,false,20.52873617459592,24.006353154567734,CIN,PASS,NOT_EXECUTABLE
2026,5,2026_05_CLE_NYJ,CLE,NYJ,0.11541364881738758,42.88654181439943,spread,away,DraftKings,2.5,-110,0.5696855169677015,0.06968551696770153,0.08758144148379388,2026-10-08T20:44:28.872147+00:00,ACTIVE,PASS,BET,true,0.0,false,false,21.50097773160841,21.38556408279102,NYJ,PASS,NOT_EXECUTABLE
2026,5,2026_05_CLE_NYJ,CLE,NYJ,0.11541364881738758,42.88654181439943,total,over,FanDuel,39.5,-110,0.6030734386289915,0.10307343862899154,0.15132201920080202,2026-10-08T20:44:32.123169+00:00,ACTIVE,PASS,STRONG,true,0.0,false,false,21.50097773160841,21.38556408279102,NYJ,PASS,NOT_EXECUTABLE
2026,5,2026_05_CLE_NYJ,CLE,NYJ,0.11541364881738758,42.88654181439943,moneyline,away,ActionNetwork book 49,,122,0.5205656779447208,0.09174921139240516,0.15565580503727983,2026-10-08T20:44:32.123169+00:00,ACTIVE,PASS,LEAN,true,0.0,false,false,21.50097773160841,21.38556408279102,NYJ,PASS,NOT_EXECUTABLE
2026,5,2026_05_DEN_LAC,DEN,LAC,-1.8430949798457341,42.73935648752182,moneyline,home,WynnBET,,155,0.40308846110633406,0.0286533416744425,0.027875575821151743,2026-10-08T20:44:32.123169+00:00,ACTIVE,PASS,PASS,true,0.0,false,false,20.448130753838043,22.291225733683774,DEN,PASS,NOT_EXECUTABLE
2026,5,2026_05_DEN_LAC,DEN,LAC,-1.8430949798457341,42.73935648752182,total,under,FanDuel,44.5,-110,0.5473652536616757,0.047365253661675655,0.04497002971774444,2026-10-08T20:44:32.123169+00:00,ACTIVE,PASS,BET,true,0.0,false,false,20.448130753838043,22.291225733683774,DEN,PASS,NOT_EXECUTABLE
2026,5,2026_05_DEN_LAC,DEN,LAC,-1.8430949798457341,42.73935648752182,spread,home,WynnBET,3.0,100,0.5389252522371724,0.06253040245176461,0.07785050447434472,2026-10-08T20:44:32.123169+00:00,ACTIVE,PASS,LEAN,true,0.0,false,false,20.448130753838043,22.291225733683774,DEN,PASS,NOT_EXECUTABLE
2026,5,2026_05_DET_ARI,DET,ARI,-1.7141384270843858,53.02038317137619,spread,home,WynnBET,5.5,-110,0.6181422892748651,0.11814228927486514,0.18008982497928794,2026-10-08T20:44:32.123169+00:00,ACTIVE,PASS,STRONG,true,0.0,false,false,25.6531223721459,27.367260799230287,DET,PASS,NOT_EXECUTABLE
2026,5,2026_05_DET_ARI,DET,ARI,-1.7141384270843858,53.02038317137619,moneyline,home,FanDuel,,310,0.4080140812208375,0.1739161857372716,0.6728577330054335,2026-10-08T20:44:32.123169+00:00,ACTIVE,PASS,PASS,true,0.0,false,false,25.6531223721459,27.367260799230287,DET,PASS,NOT_EXECUTABLE
2026,5,2026_05_DET_ARI,DET,ARI,-1.7141384270843858,53.02038317137619,total,under,BetRivers,54.5,-105,0.5391302349793581,0.04996447116570696,0.052587601626365776,2026-10-08T20:44:32.123169+00:00,ACTIVE,PASS,LEAN,true,0.0,false,false,25.6531223721459,27.367260799230287,DET,PASS,NOT_EXECUTABLE
2026,5,2026_05_HOU_TEN,HOU,TEN,-1.9772941201459169,41.953980489341774,moneyline,home,DraftKings,,330,0.39798327845088755,0.17481643466767818,0.7113280973388163,2026-10-08T20:44:28.872147+00:00,ACTIVE,PASS,PASS,true,0.0,false,false,19.98834318459793,21.965637304743844,HOU,PASS,NOT_EXECUTABLE
2026,5,2026_05_HOU_TEN,HOU,TEN,-1.9772941201459169,41.953980489341774,total,over,WynnBET,37.5,-107,0.6331402185461675,0.14168540119944684,0.2248600489631467,2026-10-08T20:44:32.123169+00:00,ACTIVE,PASS,STRONG,true,0.0,false,false,19.98834318459793,21.965637304743844,HOU,PASS,NOT_EXECUTABLE
2026,5,2026_05_HOU_TEN,HOU,TEN,-1.9772941201459169,41.953980489341774,spread,home,WynnBET,7.5,-110,0.668087835657444,0.1712684972350521,0.27544041352784765,2026-10-08T20:44:32.123169+00:00,ACTIVE,PASS,STRONG,true,0.0,false,false,19.98834318459793,21.965637304743844,HOU,PASS,NOT_EXECUTABLE
2026,5,2026_05_IND_PIT,IND,PIT,-0.25677123784648614,47.07511309065257,total,over,PointsBet,44.5,-104,0.5797895690365313,0.09476475301736315,0.1372795392639654,2026-10-08T20:44:32.123169+00:00,ACTIVE,PASS,STRONG,true,0.0,false,false,23.409170926403043,23.66594216424953,IND,PASS,NOT_EXECUTABLE
2026,5,2026_05_IND_PIT,IND,PIT,-0.25677123784648614,47.07511309065257,moneyline,away,ActionNetwork book 49,,121,0.5352607887557066,0.10057928686850914,0.18292634315011158,2026-10-08T20:44:32.123169+00:00,ACTIVE,PASS,LEAN,true,0.0,false,false,23.409170926403043,23.66594216424953,IND,PASS,NOT_EXECUTABLE
2026,5,2026_05_IND_PIT,IND,PIT,-0.25677123784648614,47.07511309065257,spread,away,BetRivers,2.5,-102,0.5809386722474219,0.09830279796369212,0.15048639013705123,2026-10-08T20:44:32.123169+00:00,ACTIVE,PASS,STRONG,true,0.0,false,false,23.409170926403043,23.66594216424953,IND,PASS,NOT_EXECUTABLE
2026,5,2026_05_LV_NE,LV,NE,1.2674404778762707,43.61911072954644,spread,away,PointsBet,3.5,-105,0.5650720500155221,0.07590628620187095,0.10323590717316211,2026-10-08T20:44:32.123169+00:00,ACTIVE,PASS,BET,true,0.0,false,false,22.443275603711356,21.175835125835086,NE,PASS,NOT_EXECUTABLE
2026,5,2026_05_LV_NE,LV,NE,1.2674404778762707,43.61911072954644,moneyline,away,PointsBet,,166,0.4749668017417481,0.11361451964444974,0.2634116926330501,2026-10-08T20:44:32.123169+00:00,ACTIVE,PASS,PASS,true,0.0,false,false,22.443275603711356,21.175835125835086,NE,PASS,NOT_EXECUTABLE
2026,5,2026_05_LV_NE,LV,NE,1.2674404778762707,43.61911072954644,total,under,DraftKings,45.5,-110,0.5508828501187935,0.050882850118793455,0.051685441135878474,2026-10-08T20:44:28.872147+00:00,ACTIVE,PASS,BET,true,0.0,false,false,22.443275603711356,21.175835125835086,NE,PASS,NOT_EXECUTABLE
2026,5,2026_05_MIN_NO,MIN,NO,-3.734063651142936,44.41324632303872,total,over,DraftKings,41.5,-110,0.5895312464077255,0.08953124640772547,0.1254687431420214,2026-10-08T20:44:28.872147+00:00,ACTIVE,PASS,STRONG,true,0.0,false,false,20.339591335947894,24.073654987090826,MIN,PASS,NOT_EXECUTABLE
2026,5,2026_05_MIN_NO,MIN,NO,-3.734063651142936,44.41324632303872,moneyline,away,FanDuel,,-125,0.6664596312595403,0.1339920987920078,0.19962733626717255,2026-10-08T20:44:32.123169+00:00,ACTIVE,PASS,STRONG,true,0.0,false,false,20.339591335947894,24.073654987090826,MIN,PASS,NOT_EXECUTABLE
2026,5,2026_05_MIN_NO,MIN,NO,-3.734063651142936,44.41324632303872,spread,away,FanDuel,-1.5,-110,0.5651177394125879,0.06511773941258792,0.07886113887857693,2026-10-08T20:44:32.123169+00:00,ACTIVE,PASS,BET,true,0.0,false,false,20.339591335947894,24.073654987090826,MIN,PASS,NOT_EXECUTABLE
2026,5,2026_05_NYG_WAS,NYG,WAS,-1.6228255078113314,46.062003359253154,spread,away,DraftKings,4.5,-110,0.6786964803856148,0.1786964803856148,0.29569328073617385,2026-10-08T20:44:28.872147+00:00,ACTIVE,PASS,PASS,true,0.0,false,false,22.219588925720913,23.84241443353224,NYG,PASS,NOT_EXECUTABLE
2026,5,2026_05_NYG_WAS,NYG,WAS,-1.6228255078113314,46.062003359253154,total,over,BetMGM,41.5,-108,0.6361413118663263,0.1383362196801981,0.22516104507588763,2026-10-08T20:44:32.123169+00:00,ACTIVE,PASS,PASS,true,0.0,false,false,22.219588925720913,23.84241443353224,NYG,PASS,NOT_EXECUTABLE
2026,5,2026_05_NYG_WAS,NYG,WAS,-1.6228255078113314,46.062003359253154,moneyline,away,PointsBet,,166,0.588486861692392,0.2271345795950936,0.5653750521017626,2026-10-08T20:44:32.123169+00:00,ACTIVE,PASS,PASS,true,0.0,false,false,22.219588925720913,23.84241443353224,NYG,PASS,NOT_EXECUTABLE
2026,5,2026_05_PHI_JAX,PHI,JAX,6.4576239732709695,42.962978516799694,moneyline,away,BetMGM,,300,0.28444003100739024,0.04393370189346618,0.13776012402956095,2026-10-08T20:44:32.123169+00:00,ACTIVE,PASS,PASS,true,0.0,false,false,24.710301245035332,18.252677271764362,JAX,PASS,NOT_EXECUTABLE
2026,5,2026_05_PHI_JAX,PHI,JAX,6.4576239732709695,42.962978516799694,total,over,DraftKings,41.5,-110,0.547434105187039,0.047434105187039055,0.04510147353889282,2026-10-08T20:44:28.872147+00:00,ACTIVE,PASS,BET,true,0.0,false,false,24.710301245035332,18.252677271764362,JAX,PASS,NOT_EXECUTABLE
2026,5,2026_05_PHI_JAX,PHI,JAX,6.4576239732709695,42.962978516799694,spread,away,DraftKings,7.5,-110,0.5286966610887831,0.028696661088783104,0.00932998935131324,2026-10-08T20:44:28.872147+00:00,ACTIVE,PASS,PASS,true,0.0,false,false,24.710301245035332,18.252677271764362,JAX,PASS,NOT_EXECUTABLE
2026,5,2026_05_SF_SEA,SF,SEA,-0.3333842421457547,46.133726015626394,spread,away,BetMGM,3.0,-102,0.598239605163727,0.1156037308799972,0.18474902199091026,2026-10-08T20:44:32.123169+00:00,ACTIVE,PASS,STRONG,true,0.0,false,false,22.90017088674032,23.233555128886074,SF,PASS,NOT_EXECUTABLE
2026,5,2026_05_SF_SEA,SF,SEA,-0.3333842421457547,46.133726015626394,total,under,FanDuel,48.5,-110,0.5650385935947457,0.06503859359474573,0.07871004231724199,2026-10-08T20:44:32.123169+00:00,ACTIVE,PASS,BET,true,0.0,false,false,22.90017088674032,23.233555128886074,SF,PASS,NOT_EXECUTABLE
2026,5,2026_05_SF_SEA,SF,SEA,-0.3333842421457547,46.133726015626394,moneyline,away,FanDuel,,170,0.538278985708383,0.1830081645086159,0.4533532614126341,2026-10-08T20:44:32.123169+00:00,ACTIVE,PASS,LEAN,true,0.0,false,false,22.90017088674032,23.233555128886074,SF,PASS,NOT_EXECUTABLE
2026,5,2026_05_TB_DAL,TB,DAL,2.74387482251559,50.572245628377786,total,over,WynnBET,48.5,-109,0.5652127756847837,0.06843747256327715,0.0837566065882549,2026-10-08T20:44:32.123169+00:00,ACTIVE,PASS,BET,true,0.0,false,false,26.65806022544669,23.914185402931096,DAL,PASS,NOT_EXECUTABLE
2026,5,2026_05_TB_DAL,TB,DAL,2.74387482251559,50.572245628377786,spread,away,DraftKings,9.5,-110,0.6959995474084122,0.1959995474084122,0.3287264086887869,2026-10-08T20:44:28.872147+00:00,ACTIVE,PASS,STRONG,true,0.0,false,false,26.65806022544669,23.914185402931096,DAL,PASS,NOT_EXECUTABLE
2026,5,2026_05_TB_DAL,TB,DAL,2.74387482251559,50.572245628377786,moneyline,away,BetMGM,,400,0.4172333837639478,0.2249256914562555,1.086166918819739,2026-10-08T20:44:32.123169+00:00,ACTIVE,PASS,PASS,true,0.0,false,false,26.65806022544669,23.914185402931096,DAL,PASS,NOT_EXECUTABLE
