season,week,game_id,kickoff,home_team,away_team,evaluated_at,source_context_as_of,status,source_status,source_reasons,matched_market_candidates,qb_identity_both_known,qb_decision_ready,home_qb_change,away_qb_change,home_qb_id,away_qb_id,home_qb_confidence,away_qb_confidence,home_qb_source,away_qb_source,injury_feed_status,injury_feed_reported_at,home_injury_status,away_injury_status,home_depth_status,away_depth_status,home_roster_status,away_roster_status,personnel_fresh,rest_travel_available,weather_available,weather_error,home_injury_risk,away_injury_risk,home_starter_injury_risk,away_starter_injury_risk,home_ol_injury_risk,away_ol_injury_risk,home_skill_injury_risk,away_skill_injury_risk,home_defense_injury_risk,away_defense_injury_risk,home_rest_days,away_rest_days,home_travel_miles,away_travel_miles,away_timezone_shift_hours,home_ol_vs_away_defense_availability,away_ol_vs_home_defense_availability,stacked_qb_ol,stacked_rest_travel,flags,readiness_blockers,research_staking_authorized
2026,5,2026_05_BAL_ATL,2026-10-12T00:20:00+00:00,ATL,BAL,2026-10-08T22:22:39.646001+00:00,2026-10-08T22:22:18.515243+00:00,BLOCKED_CONTEXT_PROVENANCE,PREKICKOFF_ONLY,injury feed unknown: current-week injury rows lack a timestamp column; ATL injury state unknown; BAL injury state unknown,3,True,False,False,False,00-0039917,00-0034796,0.9,0.55,depth_chart,depth_chart,UNKNOWN,,UNKNOWN,UNKNOWN,FRESH,FRESH,FRESH,FRESH,False,True,False,,0.0,0.0,0.0,0.0,0.0,0.0,0.0,0.0,0.0,0.0,6.0,7.0,0.0,575.9026836325019,0.0,,,False,False,HOME_SHORT_REST|PERSONNEL_RISK_SCORES_NOT_CURRENT|WEATHER_OR_VENUE_CONTEXT_UNKNOWN,AWAY_INJURY_REPORT_UNVERIFIED|HOME_INJURY_REPORT_UNVERIFIED|INJURY_FEED_UNTIMED_OR_STALE|QB_IDENTITY_OR_STARTER_CERTAINTY_UNRESOLVED,False
2026,5,2026_05_BUF_LA,2026-10-13T00:15:00+00:00,LA,BUF,2026-10-08T22:22:39.646001+00:00,2026-10-08T22:22:18.515243+00:00,BLOCKED_CONTEXT_PROVENANCE,PREKICKOFF_ONLY,injury feed unknown: current-week injury rows lack a timestamp column; LA injury state unknown; BUF injury state unknown,3,True,True,False,False,00-0026498,00-0034857,0.9,0.9,depth_chart,depth_chart,UNKNOWN,,UNKNOWN,UNKNOWN,FRESH,FRESH,FRESH,FRESH,False,True,True,,0.0,0.0,0.0,0.0,0.0,0.0,0.0,0.0,0.0,0.0,8.0,8.0,0.0,2205.6168924474237,3.0,,,False,False,AWAY_LONG_TRAVEL|AWAY_TIMEZONE_SHIFT|PERSONNEL_RISK_SCORES_NOT_CURRENT,AWAY_INJURY_REPORT_UNVERIFIED|HOME_INJURY_REPORT_UNVERIFIED|INJURY_FEED_UNTIMED_OR_STALE,False
2026,5,2026_05_CHI_GB,2026-10-11T17:00:00+00:00,GB,CHI,2026-10-08T22:22:39.646001+00:00,2026-10-08T22:22:18.515243+00:00,BLOCKED_CONTEXT_PROVENANCE,PREKICKOFF_ONLY,injury feed unknown: current-week injury rows lack a timestamp column; GB injury state unknown; CHI injury state unknown,3,True,False,False,True,00-0036264,00-0039918,0.9,0.55,depth_chart,depth_chart,UNKNOWN,,UNKNOWN,UNKNOWN,FRESH,FRESH,FRESH,FRESH,False,True,True,,0.0,0.0,0.0,0.0,0.0,0.0,0.0,0.0,0.0,0.0,7.0,7.0,0.0,183.71291597341886,0.0,,,False,False,AWAY_QB_CHANGE_UNREPRICED|PERSONNEL_RISK_SCORES_NOT_CURRENT,AWAY_INJURY_REPORT_UNVERIFIED|HOME_INJURY_REPORT_UNVERIFIED|INJURY_FEED_UNTIMED_OR_STALE|QB_IDENTITY_OR_STARTER_CERTAINTY_UNRESOLVED,False
2026,5,2026_05_CIN_MIA,2026-10-11T17:00:00+00:00,MIA,CIN,2026-10-08T22:22:39.646001+00:00,2026-10-08T22:22:18.515243+00:00,BLOCKED_CONTEXT_PROVENANCE,PREKICKOFF_ONLY,injury feed unknown: current-week injury rows lack a timestamp column; MIA injury state unknown; CIN injury state unknown,3,True,True,False,False,00-0038128,00-0036442,0.9,0.9,depth_chart,depth_chart,UNKNOWN,,UNKNOWN,UNKNOWN,FRESH,FRESH,FRESH,FRESH,False,True,True,,0.0,0.0,0.0,0.0,0.0,0.0,0.0,0.0,0.0,0.0,7.0,7.0,0.0,940.966513153127,0.0,,,False,False,PERSONNEL_RISK_SCORES_NOT_CURRENT,AWAY_INJURY_REPORT_UNVERIFIED|HOME_INJURY_REPORT_UNVERIFIED|INJURY_FEED_UNTIMED_OR_STALE,False
2026,5,2026_05_CLE_NYJ,2026-10-11T17:00:00+00:00,NYJ,CLE,2026-10-08T22:22:39.646001+00:00,2026-10-08T22:22:18.515243+00:00,BLOCKED_CONTEXT_PROVENANCE,PREKICKOFF_ONLY,injury feed unknown: current-week injury rows lack a timestamp column; NYJ injury state unknown; CLE injury state unknown,3,True,True,False,False,00-0030565,00-0033537,0.9,0.9,depth_chart,depth_chart,UNKNOWN,,UNKNOWN,UNKNOWN,FRESH,FRESH,FRESH,FRESH,False,True,True,,0.0,0.0,0.0,0.0,0.0,0.0,0.0,0.0,0.0,0.0,7.0,10.0,0.0,399.38605794845836,0.0,,,False,False,PERSONNEL_RISK_SCORES_NOT_CURRENT,AWAY_INJURY_REPORT_UNVERIFIED|HOME_INJURY_REPORT_UNVERIFIED|INJURY_FEED_UNTIMED_OR_STALE,False
2026,5,2026_05_DEN_LAC,2026-10-11T20:05:00+00:00,LAC,DEN,2026-10-08T22:22:39.646001+00:00,2026-10-08T22:22:18.515243+00:00,BLOCKED_CONTEXT_PROVENANCE,PREKICKOFF_ONLY,injury feed unknown: current-week injury rows lack a timestamp column; LAC injury state unknown; DEN injury state unknown,3,True,True,False,False,00-0036355,00-0039732,0.9,0.9,depth_chart,depth_chart,UNKNOWN,,UNKNOWN,UNKNOWN,FRESH,FRESH,FRESH,FRESH,False,True,True,,0.0,0.0,0.0,0.0,0.0,0.0,0.0,0.0,0.0,0.0,7.0,7.0,0.0,836.8076728563726,1.0,,,False,False,PERSONNEL_RISK_SCORES_NOT_CURRENT,AWAY_INJURY_REPORT_UNVERIFIED|HOME_INJURY_REPORT_UNVERIFIED|INJURY_FEED_UNTIMED_OR_STALE,False
2026,5,2026_05_DET_ARI,2026-10-11T20:25:00+00:00,ARI,DET,2026-10-08T22:22:39.646001+00:00,2026-10-08T22:22:18.515243+00:00,BLOCKED_CONTEXT_PROVENANCE,PREKICKOFF_ONLY,injury feed unknown: current-week injury rows lack a timestamp column; ARI injury state unknown; DET injury state unknown,3,True,True,False,False,00-0033119,00-0033106,0.9,0.9,depth_chart,depth_chart,UNKNOWN,,UNKNOWN,UNKNOWN,FRESH,FRESH,FRESH,FRESH,False,True,False,,0.0,0.0,0.0,0.0,0.0,0.0,0.0,0.0,0.0,0.0,7.0,7.0,0.0,1694.2967090167213,3.0,,,False,False,AWAY_LONG_TRAVEL|AWAY_TIMEZONE_SHIFT|PERSONNEL_RISK_SCORES_NOT_CURRENT|WEATHER_OR_VENUE_CONTEXT_UNKNOWN,AWAY_INJURY_REPORT_UNVERIFIED|HOME_INJURY_REPORT_UNVERIFIED|INJURY_FEED_UNTIMED_OR_STALE,False
2026,5,2026_05_HOU_TEN,2026-10-11T17:00:00+00:00,TEN,HOU,2026-10-08T22:22:39.646001+00:00,2026-10-08T22:22:18.515243+00:00,BLOCKED_CONTEXT_PROVENANCE,PREKICKOFF_ONLY,injury feed unknown: current-week injury rows lack a timestamp column; TEN injury state unknown; HOU injury state unknown,3,True,True,False,False,00-0040676,00-0039163,0.9,0.9,depth_chart,depth_chart,UNKNOWN,,UNKNOWN,UNKNOWN,FRESH,FRESH,FRESH,FRESH,False,True,True,,0.0,0.0,0.0,0.0,0.0,0.0,0.0,0.0,0.0,0.0,7.0,7.0,0.0,671.4687761649777,0.0,,,False,False,PERSONNEL_RISK_SCORES_NOT_CURRENT,AWAY_INJURY_REPORT_UNVERIFIED|HOME_INJURY_REPORT_UNVERIFIED|INJURY_FEED_UNTIMED_OR_STALE,False
2026,5,2026_05_IND_PIT,2026-10-11T17:00:00+00:00,PIT,IND,2026-10-08T22:22:39.646001+00:00,2026-10-08T22:22:18.515243+00:00,BLOCKED_CONTEXT_PROVENANCE,PREKICKOFF_ONLY,injury feed unknown: current-week injury rows lack a timestamp column; PIT injury state unknown; IND injury state unknown,3,True,True,False,False,00-0023459,00-0035710,0.9,0.9,depth_chart,depth_chart,UNKNOWN,,UNKNOWN,UNKNOWN,FRESH,FRESH,FRESH,FRESH,False,True,True,,0.0,0.0,0.0,0.0,0.0,0.0,0.0,0.0,0.0,0.0,10.0,7.0,0.0,328.2928499933037,0.0,,,False,False,PERSONNEL_RISK_SCORES_NOT_CURRENT,AWAY_INJURY_REPORT_UNVERIFIED|HOME_INJURY_REPORT_UNVERIFIED|INJURY_FEED_UNTIMED_OR_STALE,False
2026,5,2026_05_LV_NE,2026-10-11T17:00:00+00:00,NE,LV,2026-10-08T22:22:39.646001+00:00,2026-10-08T22:22:18.515243+00:00,BLOCKED_CONTEXT_PROVENANCE,PREKICKOFF_ONLY,injury feed unknown: current-week injury rows lack a timestamp column; NE injury state unknown; LV injury state unknown,3,True,True,False,False,00-0039851,00-0029604,0.9,0.9,depth_chart,depth_chart,UNKNOWN,,UNKNOWN,UNKNOWN,FRESH,FRESH,FRESH,FRESH,False,True,True,,0.0,0.0,0.0,0.0,0.0,0.0,0.0,0.0,0.0,0.0,7.0,7.0,0.0,2364.8984627158698,3.0,,,False,False,AWAY_LONG_TRAVEL|AWAY_TIMEZONE_SHIFT|PERSONNEL_RISK_SCORES_NOT_CURRENT,AWAY_INJURY_REPORT_UNVERIFIED|HOME_INJURY_REPORT_UNVERIFIED|INJURY_FEED_UNTIMED_OR_STALE,False
2026,5,2026_05_MIN_NO,2026-10-11T17:00:00+00:00,NO,MIN,2026-10-08T22:22:39.646001+00:00,2026-10-08T22:22:18.515243+00:00,BLOCKED_CONTEXT_PROVENANCE,PREKICKOFF_ONLY,injury feed unknown: current-week injury rows lack a timestamp column; NO injury state unknown; MIN injury state unknown,3,True,True,False,False,00-0040743,00-0035228,0.7,0.9,depth_chart,depth_chart,UNKNOWN,,UNKNOWN,UNKNOWN,FRESH,FRESH,FRESH,FRESH,False,True,True,,0.0,0.0,0.0,0.0,0.0,0.0,0.0,0.0,0.0,0.0,6.0,7.0,0.0,1052.2606113509069,0.0,,,False,False,HOME_SHORT_REST|PERSONNEL_RISK_SCORES_NOT_CURRENT,AWAY_INJURY_REPORT_UNVERIFIED|HOME_INJURY_REPORT_UNVERIFIED|INJURY_FEED_UNTIMED_OR_STALE,False
2026,5,2026_05_NYG_WAS,2026-10-11T17:00:00+00:00,WAS,NYG,2026-10-08T22:22:39.646001+00:00,2026-10-08T22:22:18.515243+00:00,BLOCKED_CONTEXT_PROVENANCE,PREKICKOFF_ONLY,injury feed unknown: current-week injury rows lack a timestamp column; WAS injury state unknown; NYG injury state unknown,3,True,False,True,False,00-0039910,00-0031503,0.9,0.9,depth_chart,depth_chart,UNKNOWN,,UNKNOWN,UNKNOWN,FRESH,FRESH,FRESH,FRESH,False,True,True,,0.0,0.0,0.0,0.0,0.0,0.0,0.0,0.0,0.0,0.0,7.0,7.0,0.0,198.05296131936595,0.0,,,False,False,HOME_QB_CHANGE_UNREPRICED|PERSONNEL_RISK_SCORES_NOT_CURRENT,AWAY_INJURY_REPORT_UNVERIFIED|HOME_INJURY_REPORT_UNVERIFIED|INJURY_FEED_UNTIMED_OR_STALE|QB_IDENTITY_OR_STARTER_CERTAINTY_UNRESOLVED,False
2026,5,2026_05_PHI_JAX,2026-10-11T13:30:00+00:00,JAX,PHI,2026-10-08T22:22:39.646001+00:00,2026-10-08T22:22:18.515243+00:00,BLOCKED_CONTEXT_PROVENANCE,PREKICKOFF_ONLY,injury feed unknown: current-week injury rows lack a timestamp column; JAX injury state unknown; PHI injury state unknown,3,True,True,False,False,00-0036971,00-0036389,0.9,0.9,depth_chart,depth_chart,UNKNOWN,,UNKNOWN,UNKNOWN,FRESH,FRESH,FRESH,FRESH,False,True,True,,0.0,0.0,0.0,0.0,0.0,0.0,0.0,0.0,0.0,0.0,7.0,7.0,0.0,755.4761443672481,0.0,,,False,False,PERSONNEL_RISK_SCORES_NOT_CURRENT,AWAY_INJURY_REPORT_UNVERIFIED|HOME_INJURY_REPORT_UNVERIFIED|INJURY_FEED_UNTIMED_OR_STALE,False
2026,5,2026_05_SF_SEA,2026-10-11T20:25:00+00:00,SEA,SF,2026-10-08T22:22:39.646001+00:00,2026-10-08T22:22:18.515243+00:00,BLOCKED_CONTEXT_PROVENANCE,PREKICKOFF_ONLY,injury feed unknown: current-week injury rows lack a timestamp column; SEA injury state unknown; SF injury state unknown,3,True,True,False,False,00-0034869,00-0037834,0.9,0.9,depth_chart,depth_chart,UNKNOWN,,UNKNOWN,UNKNOWN,FRESH,FRESH,FRESH,FRESH,False,True,True,,0.0,0.0,0.0,0.0,0.0,0.0,0.0,0.0,0.0,0.0,7.0,7.0,0.0,704.452582444858,0.0,,,False,False,PERSONNEL_RISK_SCORES_NOT_CURRENT,AWAY_INJURY_REPORT_UNVERIFIED|HOME_INJURY_REPORT_UNVERIFIED|INJURY_FEED_UNTIMED_OR_STALE,False
2026,5,2026_05_TB_DAL,2026-10-09T00:15:00+00:00,DAL,TB,2026-10-08T22:22:39.646001+00:00,2026-10-08T22:22:18.515243+00:00,BLOCKED_CONTEXT_PROVENANCE,PREKICKOFF_ONLY,injury feed unknown: current-week injury rows lack a timestamp column; DAL injury state unknown; TB injury state unknown,3,True,True,False,False,00-0033077,00-0041251,0.9,0.75,depth_chart,depth_chart_replacement,UNKNOWN,,UNKNOWN,UNKNOWN,FRESH,FRESH,FRESH,FRESH,False,True,False,,0.0,0.0,0.0,0.0,0.0,0.0,0.0,0.0,0.0,0.0,4.0,4.0,0.0,929.2224185767109,1.0,,,False,False,AWAY_SHORT_REST|HOME_SHORT_REST|PERSONNEL_RISK_SCORES_NOT_CURRENT|WEATHER_OR_VENUE_CONTEXT_UNKNOWN,AWAY_INJURY_REPORT_UNVERIFIED|HOME_INJURY_REPORT_UNVERIFIED|INJURY_FEED_UNTIMED_OR_STALE,False
