season,week,game_id,date,kickoff,away_team,home_team,model_margin_home,model_total,calibrated_home_probability,quant_signal,research_signal,production_signal,quant_market,quant_side,quant_book,quant_price,quant_odds,quant_quote_at,quant_probability,quant_market_probability,quant_ev,quant_edge,market_book_count,market_books,market_provider,market_execution_verified,market_quote_timestamp_verified,market_source_role,source_event_id,stake_units,research_stake_units,home_qb_proxy_id,home_qb_proxy_name,home_qb_proxy_last_week,away_qb_proxy_id,away_qb_proxy_name,away_qb_proxy_last_week,qb_epa_margin_signal,qb_epa_total_signal,qb_cpoe_margin_signal,qb_cpoe_total_signal,qb_sack_rate_margin_signal,qb_sack_rate_total_signal,qb_int_rate_margin_signal,qb_int_rate_total_signal,qb_delta_epa_margin_signal,qb_delta_epa_total_signal,qb_delta_cpoe_margin_signal,qb_delta_cpoe_total_signal,qb_delta_sack_margin_signal,qb_delta_sack_total_signal,qb_delta_int_margin_signal,qb_delta_int_total_signal,qb_continuity_margin_signal,qb_continuity_total_signal,qb_change_margin_signal,qb_change_total_signal,qb_confidence_margin_signal,qb_confidence_total_signal,qb_margin_correction,qb_total_correction,qb_adjusted_home_margin,qb_adjusted_total,qb_total_shadow_correction,qb_total_shadow_total,qb_adjusted_home_points,qb_adjusted_away_points,qb_margin_release_state,qb_total_release_state,recent_form_total_adjustment,recent_form_shadow_total,recent_form_total_release_state,recent_form_alpha,recent_form_ridge_alpha,recent_form_blend_weight,context_as_of,context_quality,context_injuries_personnel_available,context_rest_travel_available,context_weather_stadium_available,home_injury_count,away_injury_count,home_injury_risk,away_injury_risk,home_qb_injury_risk,away_qb_injury_risk,home_starter_injury_risk,away_starter_injury_risk,home_ol_injury_risk,away_ol_injury_risk,home_skill_injury_risk,away_skill_injury_risk,home_defense_injury_risk,away_defense_injury_risk,home_active_qb_count,away_active_qb_count,home_rest_days,away_rest_days,home_rest_advantage_days,away_travel_miles,home_travel_miles,away_timezone_shift_hours,neutral_site,stadium,roof,indoor,temperature_f,precip_probability,wind_mph,wind_gust_mph,weather_forecast_time,weather_source,weather_risk,weather_error,performance_multiplier,performance_feedback_reason,portfolio_signal,paper_stake_units,bankroll_adjusted_units,performance_adjusted_units,portfolio_candidate_units,portfolio_stake_units,portfolio_action,portfolio_limit_reason,execution_ready
2026,4,2026_04_TEN_BAL,2026-10-04,2026-10-04T17:00:00+00:00,TEN,BAL,5.938404947615233,45.239238508107256,0.6798969899880182,PASS,PASS,PASS,moneyline,away,ActionNetwork book 49,,550,2026-10-04T17:05:34.824995+00:00,0.3201030100119818,0.14671814671814673,1.0806695650778817,0.1733848632938351,7,actionnetworkbook49;betmgm;betrivers;draftkings;fanduel;pointsbet;wynnbet,action_network,true,true,verified_live,290894,0.0,0.0,00-0034796,L.Jackson,3,00-0040676,C.Ward,3,0.24921907080014272,0.011512575662970675,2.912434053262916,3.2114866728221703,-0.004479575779214769,0.006608614009336017,-0.0012911805695366117,0.009659931663614424,0.0,0.0,0.0,0.0,0.0,0.0,0.0,0.0,0.0,6.0,0.0,-0.0,-0.03434065934065933,1.072802197802198,0.0,-0.8589884371335796,5.938404947615233,44.38025007097367,-0.8589884371335796,44.38025007097367,25.159327509294453,19.22092256167922,DISABLED,SHADOW,0.5187212247771407,45.757959732884395,SHADOW,0.2,10.0,0.5,2026-10-04T17:05:22.839643+00:00,1.0,true,true,true,7,3,0.6978125000000001,0.14375,0.0,0.0,0.34545454545454546,0.1565217391304348,0.15,0.0,0.15,0.0,0.16666666666666666,0.15,5,4,7.0,7.0,0.0,594.4168543813659,0.0,1.0,false,M&T Bank Stadium,outdoors,false,62.1,9.0,6.4,14.3,2026-10-04T17:00,Open-Meteo,0.0,,1.0,neutral: no sufficiently sampled adverse segment,PASS,0.0,0.0,0.0,0.0,0.0,PASS,executable quote is not strictly pre-kickoff,false
2026,4,2026_04_ARI_NYG,2026-10-04,2026-10-04T17:00:00+00:00,ARI,NYG,1.6083764278045294,44.29253257939179,0.5535328994759681,PASS,PASS,PASS,moneyline,away,FanDuel,,260,2026-10-04T17:05:34.824995+00:00,0.44646710052403193,0.26645768025078376,0.607281561886515,0.18000942027324818,7,actionnetworkbook49;betmgm;betrivers;draftkings;fanduel;pointsbet;wynnbet,action_network,true,true,verified_live,290896,0.0,0.0,00-0031503,J.Winston,3,00-0033119,J.Brissett,3,-0.21807197052197008,-0.18667986074171228,-8.644458564004552,-5.678936143715329,-0.026178363755666144,0.0020550043959706166,-0.007583719996522104,0.008241398250994118,-0.15604837798555798,-0.15604837798555798,-3.6567985876842104,-3.6567985876842104,-0.00442575363236937,-0.00442575363236937,-0.004633304296548617,-0.004633304296548617,-1.0,5.0,0.0,-0.0,-0.2006846889387321,1.0378939912643135,0.0,-1.1308875570657928,1.6083764278045294,43.161645022326,-1.1308875570657928,43.161645022326,22.385010725065264,20.776634297260735,DISABLED,SHADOW,0.06624425231196428,44.35877683170375,SHADOW,0.2,10.0,0.5,2026-10-04T17:05:22.839643+00:00,1.0,true,true,true,5,6,0.2653125,0.4146875,0.4,0.0,0.11304347826086956,0.23478260869565218,0.21666666666666667,0.15,0.0,0.15,0.0,0.075,4,3,7.0,7.0,0.0,2143.9495127509886,0.0,3.0,false,MetLife Stadium,outdoors,false,60.7,15.0,5.6,13.0,2026-10-04T17:00,Open-Meteo,0.0,,1.0,neutral: no sufficiently sampled adverse segment,PASS,0.0,0.0,0.0,0.0,0.0,PASS,executable quote is not strictly pre-kickoff,false
2026,4,2026_04_NE_BUF,2026-10-04,2026-10-04T17:00:00+00:00,NE,BUF,2.738995983490419,46.24607378141935,0.5876464867465444,PASS,PASS,PASS,moneyline,away,PointsBet,,280,2026-10-04T17:05:34.824995+00:00,0.4123535132534556,0.2528089887640449,0.5669433503631311,0.1595445244894107,7,actionnetworkbook49;betmgm;betrivers;draftkings;fanduel;pointsbet;wynnbet,action_network,true,true,verified_live,290892,0.0,0.0,00-0034857,J.Allen,3,00-0039851,D.Maye,3,0.2939770332200897,-0.02095480948641043,0.9727600655001032,2.5808740294279255,0.008403700660594066,-0.032129303947430354,0.027520344473808838,-0.029774810870621532,-0.0004327587393617993,0.0004327587393617993,0.029873228585775013,-0.029873228585775013,0.0024865408972804537,-0.0024865408972804537,0.001606007405331164,-0.001606007405331164,0.0,6.0,0.0,-0.0,0.013530090922210913,1.0988959445807476,0.0,-1.1479754773547637,2.738995983490419,45.098098304064585,-1.1479754773547637,45.098098304064585,23.918547143777502,21.179551160287083,DISABLED,SHADOW,0.14525474416887496,46.39132852558822,SHADOW,0.2,10.0,0.5,2026-10-04T17:05:22.839643+00:00,1.0,true,true,true,10,12,0.5875,0.95,0.0,0.0,0.40869565217391307,0.68,0.0,0.15,0.08333333333333333,0.15,0.35000000000000003,0.5583333333333335,3,3,7.0,7.0,0.0,386.3764352223407,0.0,0.0,false,Highmark Stadium,outdoors,false,66.5,7.0,12.7,19.7,2026-10-04T17:00,Open-Meteo,0.0,,1.0,neutral: no sufficiently sampled adverse segment,PASS,0.0,0.0,0.0,0.0,0.0,PASS,executable quote is not strictly pre-kickoff,false
2026,4,2026_04_IND_WAS,2026-10-04,2026-10-04T13:30:00+00:00,IND,WAS,0.17072835016494636,51.293844575454784,0.5096098194539485,PASS,PASS,PASS,moneyline,home,PointsBet,,196,2026-10-04T17:05:34.824995+00:00,0.5096098194539485,0.31869688385269124,0.5084450655836874,0.19091293560125722,6,betmgm;betrivers;draftkings;fanduel;pointsbet;wynnbet,action_network,true,true,verified_live,290819,0.0,0.0,00-0032268,M.Mariota,3,00-0035710,D.Jones,3,0.15657017572572615,-0.03718071178838925,1.6406601473861675,-0.6259430949561848,0.005537635492914132,0.012609951945461717,0.013982414312153543,0.0030251866100945435,0.013582774248435403,0.013582774248435403,0.8950065696642129,0.8950065696642129,-0.010480959590078026,-0.010480959590078026,-0.0038517345418253406,-0.0038517345418253406,-2.0,4.0,-1.0,-1.0,-0.1858442962695982,0.9761668769147595,0.0,-0.43643200040671987,0.17072835016494636,50.857412575048066,-0.43643200040671987,50.857412575048066,25.514070462606504,25.34334211244156,DISABLED,SHADOW,-1.7581700576379244,49.53567451781686,SHADOW,0.2,10.0,0.5,2026-10-04T17:05:22.839643+00:00,1.0,true,true,true,13,3,0.8875000000000001,0.23125,1.0,0.0,0.6272727272727273,0.06666666666666667,0.0,0.0,0.31666666666666665,0.0,0.25,0.06666666666666667,4,3,7.0,7.0,0.0,3989.4843201547114,3657.9475212997204,,true,Tottenham Hotspur Stadium,outdoors,false,69.2,0.0,5.8,13.2,2026-10-04T13:00,Open-Meteo,0.0,,1.0,neutral: no sufficiently sampled adverse segment,PASS,0.0,0.0,0.0,0.0,0.0,PASS,executable quote is not strictly pre-kickoff,false
2026,4,2026_04_MIA_MIN,2026-10-04,2026-10-04T20:05:00+00:00,MIA,MIN,7.486330036665386,41.39207398502428,0.7211928444215099,PASS,PASS,PASS,moneyline,away,WynnBET,,430,2026-10-04T17:05:34.824995+00:00,0.2788071555784901,0.18077023840712603,0.47767792456599767,0.09803691717136409,7,actionnetworkbook49;betmgm;betrivers;draftkings;fanduel;pointsbet;wynnbet,action_network,true,true,verified_live,290897,0.0,0.0,00-0035228,K.Murray,3,00-0038128,M.Willis,3,-0.10316456262114235,-0.23542997422578263,3.9341296936546097,-6.3639747169052825,0.011584200467190484,-0.02301621009414595,-0.011144518410637284,-0.013398984807449985,-0.06497468665025602,-0.06497468665025602,2.1519156075401913,2.1519156075401913,0.018297730460576242,0.018297730460576242,-0.00911709310324475,-0.00911709310324475,-2.0,4.0,-1.0,-1.0,-0.22846638655462187,0.8891806722689075,0.0,-1.6423103190640949,7.486330036665386,39.74976366596019,-1.6423103190640949,39.74976366596019,23.618046851312787,16.1317168146474,DISABLED,SHADOW,0.40318003819348114,41.795254023217765,SHADOW,0.2,10.0,0.5,2026-10-04T17:05:22.839643+00:00,1.0,true,true,true,9,4,0.88625,0.39375,1.0,0.0,0.624,0.04,0.13333333333333333,0.0,0.4166666666666667,0.0,0.20833333333333334,0.041666666666666664,4,4,7.0,7.0,0.0,1499.90522091872,0.0,1.0,false,U.S. Bank Stadium,dome,true,,0.0,0.0,0.0,,indoor,0.0,,1.0,neutral: no sufficiently sampled adverse segment,PASS,0.0,0.0,0.0,0.0,0.0,PASS,"",true
2026,4,2026_04_DET_CAR,2026-10-04,2026-10-05T00:20:00+00:00,DET,CAR,0.7354271501135017,52.64730618734816,0.5269061577937371,PASS,LEAN,PASS,moneyline,home,PointsBet,,172,2026-10-04T17:05:34.824995+00:00,0.5269061577937371,0.35358219336888475,0.43318474919896466,0.17332396442485232,7,actionnetworkbook49;betmgm;betrivers;draftkings;fanduel;pointsbet;wynnbet,action_network,true,true,verified_live,290901,0.0,0.05037,00-0039150,B.Young,3,00-0033106,J.Goff,3,-0.091103713330343,0.21303860415023348,0.8812385583027429,3.0401621190867845,0.0036468862874077454,0.007817726944913672,-0.009937881921060843,0.015859913308601314,0.0024850080768851063,0.0024850080768851063,0.41843733176487463,0.41843733176487463,-0.0002845405559211145,-0.0002845405559211145,-0.00009493045819368787,-0.00009493045819368787,0.0,6.0,0.0,-0.0,0.023212028989245126,1.2378717148531195,0.0,2.1441377355031013,0.7354271501135017,54.79144392285126,2.1441377355031013,54.79144392285126,27.76343553648238,27.028008386368878,DISABLED,SHADOW,-0.3569529465449057,52.29035324080325,SHADOW,0.2,10.0,0.5,2026-10-04T17:05:22.839643+00:00,1.0,true,true,true,6,3,0.5625,0.32499999999999996,0.0,0.0,0.0782608695652174,0.075,0.0,0.0,0.0,0.0,0.075,0.075,4,4,7.0,7.0,0.0,505.481131515986,0.0,0.0,false,Bank of America Stadium,outdoors,false,66.7,4.0,2.3,2.9,2026-10-05T00:00,Open-Meteo,0.0,,1.0,neutral: no sufficiently sampled adverse segment,LEAN,0.05037,0.05037,0.05037,0.05037,0.0,PAPER,"",true
2026,4,2026_04_GB_TB,2026-10-04,2026-10-04T17:00:00+00:00,GB,TB,1.992617340268506,47.37750189377438,0.5651841003515411,PASS,STRONG,PASS,total,over,WynnBET,39.0,-108,2026-10-04T17:05:34.824995+00:00,0.7348038997881103,0.494624580717296,0.4151778810733977,0.24017931907081436,7,actionnetworkbook49;betmgm;betrivers;draftkings;fanduel;pointsbet;wynnbet,action_network,true,true,verified_live,290890,0.0,0.089678,00-0034855,B.Mayfield,3,00-0036264,J.Love,3,-0.14816994892121213,-0.2530948189784092,6.719069530514252,-7.837637901271727,-0.03489335356389195,-0.030847241842376055,-0.003026351355671149,0.0034593973428546435,0.0002638451667438535,0.0002638451667438535,0.925027688060744,0.925027688060744,-0.0015505167549818427,-0.0015505167549818427,0.0055374286821401955,0.0055374286821401955,0.0,6.0,0.0,-0.0,-0.04528985507246375,1.2300724637681157,0.0,-1.4648826930580732,1.992617340268506,45.91261920071631,-1.4648826930580732,45.91261920071631,23.952618270492408,21.9600009302239,DISABLED,SHADOW,-1.3950473227210614,45.98245457105332,SHADOW,0.2,10.0,0.5,2026-10-04T17:05:22.839643+00:00,1.0,true,true,true,6,14,0.675,1.0,1.0,0.0,0.5750000000000001,0.42608695652173917,0.0,0.3333333333333333,0.0,0.0,0.4083333333333334,0.24166666666666667,5,3,7.0,10.0,-3.0,1182.3260157269956,0.0,1.0,false,Raymond James Stadium,outdoors,false,86.8,9.0,2.9,8.1,2026-10-04T17:00,Open-Meteo,0.0,,1.0,neutral: no sufficiently sampled adverse segment,STRONG,0.089678,0.089678,0.089678,0.0,0.0,PASS,executable quote is not strictly pre-kickoff,false
2026,4,2026_04_KC_LV,2026-10-04,2026-10-04T20:25:00+00:00,KC,LV,-0.9783600562962675,44.91728003664006,0.4743928838323618,PASS,PASS,PASS,moneyline,home,FanDuel,,190,2026-10-04T17:05:34.824995+00:00,0.4743928838323618,0.33099297893681046,0.37573936311384903,0.14339990489555132,7,actionnetworkbook49;betmgm;betrivers;draftkings;fanduel;pointsbet;wynnbet,action_network,true,true,verified_live,290900,0.0,0.0,00-0029604,K.Cousins,3,00-0033873,P.Mahomes,3,-0.045829171816299766,0.15115364630353303,0.6161511324624458,2.674944227955466,-0.007256502677342833,0.021053273169604883,-0.006931797964453226,-0.005999593097192973,0.0,0.0,0.0,0.0,0.0,0.0,0.0,0.0,0.0,6.0,0.0,-0.0,-0.012317698068584959,1.140224674812771,0.0,1.3456150077251157,-0.9783600562962675,46.26289504436517,1.3456150077251157,46.26289504436517,22.642267494034453,23.62062755033072,DISABLED,SHADOW,2.1990930756427725,47.11637311228283,SHADOW,0.2,10.0,0.5,2026-10-04T17:05:22.839643+00:00,1.0,true,true,true,5,1,0.346875,0.10625,0.45,0.0,0.272,0.16666666666666666,0.3333333333333333,0.3333333333333333,0.08333333333333333,0.0,0.075,0.0,4,4,7.0,7.0,0.0,1149.2299300416323,0.0,2.0,false,Allegiant Stadium,dome,true,,0.0,0.0,0.0,,indoor,0.0,,1.0,neutral: no sufficiently sampled adverse segment,PASS,0.0,0.0,0.0,0.0,0.0,PASS,"",true
2026,4,2026_04_NYJ_CHI,2026-10-04,2026-10-04T17:00:00+00:00,NYJ,CHI,5.941524592418691,45.906828070648544,0.6799827464222463,PASS,PASS,PASS,moneyline,away,FanDuel,,320,2026-10-04T17:05:34.824995+00:00,0.3200172535777537,0.22849462365591394,0.3440724650265654,0.09152262992183974,7,actionnetworkbook49;betmgm;betrivers;draftkings;fanduel;pointsbet;wynnbet,action_network,true,true,verified_live,290891,0.0,0.0,00-0028986,C.Keenum,3,00-0030565,G.Smith,3,-0.04896019575154416,0.1415901056596928,-5.106134225858594,6.0610676359415985,0.03021992208547948,0.009568549856140543,-0.005642104708284806,0.0194802004925531,-0.03850414050711777,-0.03850414050711777,-1.7451156487266468,-1.7451156487266468,0.016358077744536223,0.016358077744536223,0.0005082291738443927,0.0005082291738443927,-2.0,4.0,-1.0,-1.0,-0.28484758804379995,0.9087007990529743,0.0,0.20317219510817366,5.941524592418691,46.11000026575672,0.20317219510817366,46.11000026575672,26.025762429087706,20.08423783666901,DISABLED,SHADOW,1.7462509931633,47.653079063811845,SHADOW,0.2,10.0,0.5,2026-10-04T17:05:22.839643+00:00,1.0,true,true,true,4,10,0.45,1.0,1.0,0.0,0.391304347826087,0.5826086956521739,0.0,0.0,0.15,0.48333333333333334,0.13333333333333333,0.31666666666666665,4,4,6.0,7.0,-1.0,705.5152067325713,0.0,1.0,false,Soldier Field,outdoors,false,66.9,0.0,6.8,13.9,2026-10-04T17:00,Open-Meteo,0.0,,1.0,neutral: no sufficiently sampled adverse segment,PASS,0.0,0.0,0.0,0.0,0.0,PASS,executable quote is not strictly pre-kickoff,false
2026,4,2026_04_GB_TB,2026-10-04,2026-10-04T17:00:00+00:00,GB,TB,1.992617340268506,47.37750189377438,0.5651841003515411,PASS,STRONG,PASS,moneyline,home,WynnBET,,133,2026-10-04T17:05:34.824995+00:00,0.5651841003515411,0.41145725769297975,0.3168789538190908,0.15372684265856135,7,actionnetworkbook49;betmgm;betrivers;draftkings;fanduel;pointsbet;wynnbet,action_network,true,true,verified_live,290890,0.0,0.047651,00-0034855,B.Mayfield,3,00-0036264,J.Love,3,-0.14816994892121213,-0.2530948189784092,6.719069530514252,-7.837637901271727,-0.03489335356389195,-0.030847241842376055,-0.003026351355671149,0.0034593973428546435,0.0002638451667438535,0.0002638451667438535,0.925027688060744,0.925027688060744,-0.0015505167549818427,-0.0015505167549818427,0.0055374286821401955,0.0055374286821401955,0.0,6.0,0.0,-0.0,-0.04528985507246375,1.2300724637681157,0.0,-1.4648826930580732,1.992617340268506,45.91261920071631,-1.4648826930580732,45.91261920071631,23.952618270492408,21.9600009302239,DISABLED,SHADOW,-1.3950473227210614,45.98245457105332,SHADOW,0.2,10.0,0.5,2026-10-04T17:05:22.839643+00:00,1.0,true,true,true,6,14,0.675,1.0,1.0,0.0,0.5750000000000001,0.42608695652173917,0.0,0.3333333333333333,0.0,0.0,0.4083333333333334,0.24166666666666667,5,3,7.0,10.0,-3.0,1182.3260157269956,0.0,1.0,false,Raymond James Stadium,outdoors,false,86.8,9.0,2.9,8.1,2026-10-04T17:00,Open-Meteo,0.0,,1.0,neutral: no sufficiently sampled adverse segment,STRONG,0.047651,0.047651,0.047651,0.0,0.0,PASS,executable quote is not strictly pre-kickoff,false
2026,4,2026_04_GB_TB,2026-10-04,2026-10-04T17:00:00+00:00,GB,TB,1.992617340268506,47.37750189377438,0.5651841003515411,PASS,STRONG,PASS,spread,home,ActionNetwork book 49,3.0,101,2026-10-04T17:05:34.824995+00:00,0.6534733161777141,0.4760776372762327,0.3134813655172053,0.1773956789014814,7,actionnetworkbook49;betmgm;betrivers;draftkings;fanduel;pointsbet;wynnbet,action_network,true,true,verified_live,290890,0.0,0.062076,00-0034855,B.Mayfield,3,00-0036264,J.Love,3,-0.14816994892121213,-0.2530948189784092,6.719069530514252,-7.837637901271727,-0.03489335356389195,-0.030847241842376055,-0.003026351355671149,0.0034593973428546435,0.0002638451667438535,0.0002638451667438535,0.925027688060744,0.925027688060744,-0.0015505167549818427,-0.0015505167549818427,0.0055374286821401955,0.0055374286821401955,0.0,6.0,0.0,-0.0,-0.04528985507246375,1.2300724637681157,0.0,-1.4648826930580732,1.992617340268506,45.91261920071631,-1.4648826930580732,45.91261920071631,23.952618270492408,21.9600009302239,DISABLED,SHADOW,-1.3950473227210614,45.98245457105332,SHADOW,0.2,10.0,0.5,2026-10-04T17:05:22.839643+00:00,1.0,true,true,true,6,14,0.675,1.0,1.0,0.0,0.5750000000000001,0.42608695652173917,0.0,0.3333333333333333,0.0,0.0,0.4083333333333334,0.24166666666666667,5,3,7.0,10.0,-3.0,1182.3260157269956,0.0,1.0,false,Raymond James Stadium,outdoors,false,86.8,9.0,2.9,8.1,2026-10-04T17:00,Open-Meteo,0.0,,1.0,neutral: no sufficiently sampled adverse segment,STRONG,0.062076,0.062076,0.062076,0.0,0.0,PASS,executable quote is not strictly pre-kickoff,false
2026,4,2026_04_JAX_CIN,2026-10-04,2026-10-04T17:00:00+00:00,JAX,CIN,-2.841507609453025,46.76635151596055,0.4178336954687303,PASS,STRONG,PASS,moneyline,away,DraftKings,,125,2026-10-04T17:05:34.824995+00:00,0.5821663045312697,0.4281984334203655,0.3098741851953568,0.1539678711109042,7,actionnetworkbook49;betmgm;betrivers;draftkings;fanduel;pointsbet;wynnbet,action_network,true,true,verified_live,290893,0.0,0.04958,00-0036442,J.Burrow,3,00-0036971,T.Lawrence,3,-0.08246741640816552,0.12944223713779682,-2.7746085580648336,5.248630199650008,-0.008797809542394383,0.00896693173317721,0.008703713202715799,0.004972196107787305,0.0,0.0,0.0,0.0,0.0,0.0,0.0,0.0,0.0,6.0,0.0,-0.0,0.06334459459459463,1.1258445945945947,0.0,0.2656940686809798,-2.841507609453025,47.03204558464153,0.2656940686809798,47.03204558464153,22.095268987594253,24.936776597047277,DISABLED,SHADOW,2.23005541159748,48.996406927558034,SHADOW,0.2,10.0,0.5,2026-10-04T17:05:22.839643+00:00,1.0,true,true,true,10,6,0.7250000000000001,0.27375000000000005,0.0,0.0,0.25,0.14782608695652175,0.0,0.13333333333333333,0.13333333333333333,0.0,0.18333333333333335,0.075,4,5,7.0,7.0,0.0,627.6262979577255,0.0,0.0,false,Paycor Stadium,outdoors,false,72.1,0.0,2.2,3.1,2026-10-04T17:00,Open-Meteo,0.0,,1.0,neutral: no sufficiently sampled adverse segment,STRONG,0.04958,0.04958,0.04958,0.0,0.0,PASS,executable quote is not strictly pre-kickoff,false
2026,4,2026_04_IND_WAS,2026-10-04,2026-10-04T13:30:00+00:00,IND,WAS,0.17072835016494636,51.293844575454784,0.5096098194539485,PASS,STRONG,PASS,spread,home,BetMGM,5.0,-102,2026-10-04T17:05:34.824995+00:00,0.6585117961275074,0.4930284439486894,0.3041115962525147,0.16548335217881804,6,betmgm;betrivers;draftkings;fanduel;pointsbet;wynnbet,action_network,true,true,verified_live,290819,0.0,0.062039,00-0032268,M.Mariota,3,00-0035710,D.Jones,3,0.15657017572572615,-0.03718071178838925,1.6406601473861675,-0.6259430949561848,0.005537635492914132,0.012609951945461717,0.013982414312153543,0.0030251866100945435,0.013582774248435403,0.013582774248435403,0.8950065696642129,0.8950065696642129,-0.010480959590078026,-0.010480959590078026,-0.0038517345418253406,-0.0038517345418253406,-2.0,4.0,-1.0,-1.0,-0.1858442962695982,0.9761668769147595,0.0,-0.43643200040671987,0.17072835016494636,50.857412575048066,-0.43643200040671987,50.857412575048066,25.514070462606504,25.34334211244156,DISABLED,SHADOW,-1.7581700576379244,49.53567451781686,SHADOW,0.2,10.0,0.5,2026-10-04T17:05:22.839643+00:00,1.0,true,true,true,13,3,0.8875000000000001,0.23125,1.0,0.0,0.6272727272727273,0.06666666666666667,0.0,0.0,0.31666666666666665,0.0,0.25,0.06666666666666667,4,3,7.0,7.0,0.0,3989.4843201547114,3657.9475212997204,,true,Tottenham Hotspur Stadium,outdoors,false,69.2,0.0,5.8,13.2,2026-10-04T13:00,Open-Meteo,0.0,,1.0,neutral: no sufficiently sampled adverse segment,STRONG,0.062039,0.062039,0.062039,0.0,0.0,PASS,executable quote is not strictly pre-kickoff,false
2026,4,2026_04_JAX_CIN,2026-10-04,2026-10-04T17:00:00+00:00,JAX,CIN,-2.841507609453025,46.76635151596055,0.4178336954687303,PASS,STRONG,PASS,total,under,WynnBET,53.0,-108,2026-10-04T17:05:34.824995+00:00,0.6739215404082793,0.494624580717296,0.29792296671224183,0.17929695969098336,7,actionnetworkbook49;betmgm;betrivers;draftkings;fanduel;pointsbet;wynnbet,action_network,true,true,verified_live,290893,0.0,0.064351,00-0036442,J.Burrow,3,00-0036971,T.Lawrence,3,-0.08246741640816552,0.12944223713779682,-2.7746085580648336,5.248630199650008,-0.008797809542394383,0.00896693173317721,0.008703713202715799,0.004972196107787305,0.0,0.0,0.0,0.0,0.0,0.0,0.0,0.0,0.0,6.0,0.0,-0.0,0.06334459459459463,1.1258445945945947,0.0,0.2656940686809798,-2.841507609453025,47.03204558464153,0.2656940686809798,47.03204558464153,22.095268987594253,24.936776597047277,DISABLED,SHADOW,2.23005541159748,48.996406927558034,SHADOW,0.2,10.0,0.5,2026-10-04T17:05:22.839643+00:00,1.0,true,true,true,10,6,0.7250000000000001,0.27375000000000005,0.0,0.0,0.25,0.14782608695652175,0.0,0.13333333333333333,0.13333333333333333,0.0,0.18333333333333335,0.075,4,5,7.0,7.0,0.0,627.6262979577255,0.0,0.0,false,Paycor Stadium,outdoors,false,72.1,0.0,2.2,3.1,2026-10-04T17:00,Open-Meteo,0.0,,1.0,neutral: no sufficiently sampled adverse segment,STRONG,0.064351,0.064351,0.064351,0.0,0.0,PASS,executable quote is not strictly pre-kickoff,false
2026,4,2026_04_JAX_CIN,2026-10-04,2026-10-04T17:00:00+00:00,JAX,CIN,-2.841507609453025,46.76635151596055,0.4178336954687303,PASS,STRONG,PASS,spread,away,Draft Kings,2.5,-102,2026-10-04T17:05:28.684310+00:00,0.655272844024396,0.4826358742837298,0.2976972009110588,0.17263696974066622,7,actionnetworkbook49;betmgm;betrivers;draftkings;fanduel;pointsbet;wynnbet,espn,true,true,verified_live,401872969,0.0,0.06073,00-0036442,J.Burrow,3,00-0036971,T.Lawrence,3,-0.08246741640816552,0.12944223713779682,-2.7746085580648336,5.248630199650008,-0.008797809542394383,0.00896693173317721,0.008703713202715799,0.004972196107787305,0.0,0.0,0.0,0.0,0.0,0.0,0.0,0.0,0.0,6.0,0.0,-0.0,0.06334459459459463,1.1258445945945947,0.0,0.2656940686809798,-2.841507609453025,47.03204558464153,0.2656940686809798,47.03204558464153,22.095268987594253,24.936776597047277,DISABLED,SHADOW,2.23005541159748,48.996406927558034,SHADOW,0.2,10.0,0.5,2026-10-04T17:05:22.839643+00:00,1.0,true,true,true,10,6,0.7250000000000001,0.27375000000000005,0.0,0.0,0.25,0.14782608695652175,0.0,0.13333333333333333,0.13333333333333333,0.0,0.18333333333333335,0.075,4,5,7.0,7.0,0.0,627.6262979577255,0.0,0.0,false,Paycor Stadium,outdoors,false,72.1,0.0,2.2,3.1,2026-10-04T17:00,Open-Meteo,0.0,,1.0,neutral: no sufficiently sampled adverse segment,STRONG,0.06073,0.06073,0.06073,0.0,0.0,PASS,executable quote is not strictly pre-kickoff,false
2026,4,2026_04_TEN_BAL,2026-10-04,2026-10-04T17:00:00+00:00,TEN,BAL,5.938404947615233,45.239238508107256,0.6798969899880182,PASS,STRONG,PASS,spread,away,PointsBet,11.5,-106,2026-10-04T17:05:34.824995+00:00,0.6614824044972025,0.49133599029630914,0.28552240873984647,0.17014641420089338,6,actionnetworkbook49;betmgm;betrivers;draftkings;fanduel;pointsbet,action_network,true,true,verified_live,290894,0.0,0.060531,00-0034796,L.Jackson,3,00-0040676,C.Ward,3,0.24921907080014272,0.011512575662970675,2.912434053262916,3.2114866728221703,-0.004479575779214769,0.006608614009336017,-0.0012911805695366117,0.009659931663614424,0.0,0.0,0.0,0.0,0.0,0.0,0.0,0.0,0.0,6.0,0.0,-0.0,-0.03434065934065933,1.072802197802198,0.0,-0.8589884371335796,5.938404947615233,44.38025007097367,-0.8589884371335796,44.38025007097367,25.159327509294453,19.22092256167922,DISABLED,SHADOW,0.5187212247771407,45.757959732884395,SHADOW,0.2,10.0,0.5,2026-10-04T17:05:22.839643+00:00,1.0,true,true,true,7,3,0.6978125000000001,0.14375,0.0,0.0,0.34545454545454546,0.1565217391304348,0.15,0.0,0.15,0.0,0.16666666666666666,0.15,5,4,7.0,7.0,0.0,594.4168543813659,0.0,1.0,false,M&T Bank Stadium,outdoors,false,62.1,9.0,6.4,14.3,2026-10-04T17:00,Open-Meteo,0.0,,1.0,neutral: no sufficiently sampled adverse segment,STRONG,0.060531,0.060531,0.060531,0.0,0.0,PASS,executable quote is not strictly pre-kickoff,false
2026,4,2026_04_DET_CAR,2026-10-04,2026-10-05T00:20:00+00:00,DET,CAR,0.7354271501135017,52.64730618734816,0.5269061577937371,PASS,STRONG,PASS,spread,home,BetRivers,3.5,100,2026-10-04T17:05:34.824995+00:00,0.6317587297460044,0.4782608695652174,0.2635174594920089,0.15349786018078704,7,actionnetworkbook49;betmgm;betrivers;draftkings;fanduel;pointsbet;wynnbet,action_network,true,true,verified_live,290901,0.0,0.052703,00-0039150,B.Young,3,00-0033106,J.Goff,3,-0.091103713330343,0.21303860415023348,0.8812385583027429,3.0401621190867845,0.0036468862874077454,0.007817726944913672,-0.009937881921060843,0.015859913308601314,0.0024850080768851063,0.0024850080768851063,0.41843733176487463,0.41843733176487463,-0.0002845405559211145,-0.0002845405559211145,-0.00009493045819368787,-0.00009493045819368787,0.0,6.0,0.0,-0.0,0.023212028989245126,1.2378717148531195,0.0,2.1441377355031013,0.7354271501135017,54.79144392285126,2.1441377355031013,54.79144392285126,27.76343553648238,27.028008386368878,DISABLED,SHADOW,-0.3569529465449057,52.29035324080325,SHADOW,0.2,10.0,0.5,2026-10-04T17:05:22.839643+00:00,1.0,true,true,true,6,3,0.5625,0.32499999999999996,0.0,0.0,0.0782608695652174,0.075,0.0,0.0,0.0,0.0,0.075,0.075,4,4,7.0,7.0,0.0,505.481131515986,0.0,0.0,false,Bank of America Stadium,outdoors,false,66.7,4.0,2.3,2.9,2026-10-05T00:00,Open-Meteo,0.0,,1.0,neutral: no sufficiently sampled adverse segment,STRONG,0.052703,0.052703,0.052703,0.052703,0.0,PAPER,"",true
2026,4,2026_04_ARI_NYG,2026-10-04,2026-10-04T17:00:00+00:00,ARI,NYG,1.6083764278045294,44.29253257939179,0.5535328994759681,PASS,STRONG,PASS,spread,away,FanDuel,7.0,-110,2026-10-04T17:05:34.824995+00:00,0.6566905759374569,0.5,0.2536820086078724,0.15669057593745694,7,actionnetworkbook49;betmgm;betrivers;draftkings;fanduel;pointsbet;wynnbet,action_network,true,true,verified_live,290896,0.0,0.05581,00-0031503,J.Winston,3,00-0033119,J.Brissett,3,-0.21807197052197008,-0.18667986074171228,-8.644458564004552,-5.678936143715329,-0.026178363755666144,0.0020550043959706166,-0.007583719996522104,0.008241398250994118,-0.15604837798555798,-0.15604837798555798,-3.6567985876842104,-3.6567985876842104,-0.00442575363236937,-0.00442575363236937,-0.004633304296548617,-0.004633304296548617,-1.0,5.0,0.0,-0.0,-0.2006846889387321,1.0378939912643135,0.0,-1.1308875570657928,1.6083764278045294,43.161645022326,-1.1308875570657928,43.161645022326,22.385010725065264,20.776634297260735,DISABLED,SHADOW,0.06624425231196428,44.35877683170375,SHADOW,0.2,10.0,0.5,2026-10-04T17:05:22.839643+00:00,1.0,true,true,true,5,6,0.2653125,0.4146875,0.4,0.0,0.11304347826086956,0.23478260869565218,0.21666666666666667,0.15,0.0,0.15,0.0,0.075,4,3,7.0,7.0,0.0,2143.9495127509886,0.0,3.0,false,MetLife Stadium,outdoors,false,60.7,15.0,5.6,13.0,2026-10-04T17:00,Open-Meteo,0.0,,1.0,neutral: no sufficiently sampled adverse segment,STRONG,0.05581,0.05581,0.05581,0.0,0.0,PASS,executable quote is not strictly pre-kickoff,false
2026,4,2026_04_IND_WAS,2026-10-04,2026-10-04T13:30:00+00:00,IND,WAS,0.17072835016494636,51.293844575454784,0.5096098194539485,PASS,STRONG,PASS,total,over,Draft Kings,46.5,-105,2026-10-04T17:05:28.684310+00:00,0.641684422882914,0.4891657638136511,0.2528124446761655,0.15251865906926293,6,betmgm;betrivers;draftkings;fanduel;pointsbet;wynnbet,espn,true,true,verified_live,401872965,0.0,0.053091,00-0032268,M.Mariota,3,00-0035710,D.Jones,3,0.15657017572572615,-0.03718071178838925,1.6406601473861675,-0.6259430949561848,0.005537635492914132,0.012609951945461717,0.013982414312153543,0.0030251866100945435,0.013582774248435403,0.013582774248435403,0.8950065696642129,0.8950065696642129,-0.010480959590078026,-0.010480959590078026,-0.0038517345418253406,-0.0038517345418253406,-2.0,4.0,-1.0,-1.0,-0.1858442962695982,0.9761668769147595,0.0,-0.43643200040671987,0.17072835016494636,50.857412575048066,-0.43643200040671987,50.857412575048066,25.514070462606504,25.34334211244156,DISABLED,SHADOW,-1.7581700576379244,49.53567451781686,SHADOW,0.2,10.0,0.5,2026-10-04T17:05:22.839643+00:00,1.0,true,true,true,13,3,0.8875000000000001,0.23125,1.0,0.0,0.6272727272727273,0.06666666666666667,0.0,0.0,0.31666666666666665,0.0,0.25,0.06666666666666667,4,3,7.0,7.0,0.0,3989.4843201547114,3657.9475212997204,,true,Tottenham Hotspur Stadium,outdoors,false,69.2,0.0,5.8,13.2,2026-10-04T13:00,Open-Meteo,0.0,,1.0,neutral: no sufficiently sampled adverse segment,STRONG,0.053091,0.053091,0.053091,0.0,0.0,PASS,executable quote is not strictly pre-kickoff,false
2026,4,2026_04_LA_PHI,2026-10-04,2026-10-04T17:00:00+00:00,LA,PHI,-1.0561875055627574,43.77855459840623,0.4720117842072915,PASS,PASS,PASS,moneyline,home,Draft Kings,,164,2026-10-04T17:05:28.684310+00:00,0.4720117842072915,0.36309581830587784,0.24611111030724953,0.10891596590141367,7,actionnetworkbook49;betmgm;betrivers;draftkings;fanduel;pointsbet;wynnbet,espn,true,true,verified_live,401872970,0.0,0.0,00-0036389,J.Hurts,3,00-0026498,M.Stafford,3,-0.06678920636478557,-0.01644879531518735,3.338033419530419,3.021057887908788,-0.0239744768567264,0.001138772177742886,0.001736612247275001,-0.01642824495058394,0.03228513575975007,0.0331218182988409,0.2882532287001902,0.49425051807904397,0.000352346876966142,-0.0012318373139668382,0.0066332633453926315,0.005646686009207494,0.0,6.0,0.0,-0.0,-0.04850631352017243,1.1661533723437019,0.0,-1.2122609771466972,-1.0561875055627574,42.56629362125953,-1.2122609771466972,42.56629362125953,20.755053057848386,21.811240563411147,DISABLED,SHADOW,-0.417164652520254,43.361389945885975,SHADOW,0.2,10.0,0.5,2026-10-04T17:05:22.839643+00:00,1.0,true,true,true,8,9,0.8875,0.66125,0.0,0.0,0.8095238095238095,0.5833333333333334,0.0,0.13333333333333333,0.6666666666666666,0.15,0.375,0.44166666666666665,4,4,6.0,7.0,-1.0,2396.024771571971,0.0,3.0,false,Lincoln Financial Field,outdoors,false,61.1,33.0,7.9,17.9,2026-10-04T17:00,Open-Meteo,0.0,,1.0,neutral: no sufficiently sampled adverse segment,PASS,0.0,0.0,0.0,0.0,0.0,PASS,executable quote is not strictly pre-kickoff,false
2026,4,2026_04_DET_CAR,2026-10-04,2026-10-05T00:20:00+00:00,DET,CAR,0.7354271501135017,52.64730618734816,0.5269061577937371,PASS,STRONG,PASS,total,over,FanDuel,47.5,-110,2026-10-04T17:05:34.824995+00:00,0.6513793889164283,0.5,0.24354246974954497,0.15137938891642833,7,actionnetworkbook49;betmgm;betrivers;draftkings;fanduel;pointsbet;wynnbet,action_network,true,true,verified_live,290901,0.0,0.053579,00-0039150,B.Young,3,00-0033106,J.Goff,3,-0.091103713330343,0.21303860415023348,0.8812385583027429,3.0401621190867845,0.0036468862874077454,0.007817726944913672,-0.009937881921060843,0.015859913308601314,0.0024850080768851063,0.0024850080768851063,0.41843733176487463,0.41843733176487463,-0.0002845405559211145,-0.0002845405559211145,-0.00009493045819368787,-0.00009493045819368787,0.0,6.0,0.0,-0.0,0.023212028989245126,1.2378717148531195,0.0,2.1441377355031013,0.7354271501135017,54.79144392285126,2.1441377355031013,54.79144392285126,27.76343553648238,27.028008386368878,DISABLED,SHADOW,-0.3569529465449057,52.29035324080325,SHADOW,0.2,10.0,0.5,2026-10-04T17:05:22.839643+00:00,1.0,true,true,true,6,3,0.5625,0.32499999999999996,0.0,0.0,0.0782608695652174,0.075,0.0,0.0,0.0,0.0,0.075,0.075,4,4,7.0,7.0,0.0,505.481131515986,0.0,0.0,false,Bank of America Stadium,outdoors,false,66.7,4.0,2.3,2.9,2026-10-05T00:00,Open-Meteo,0.0,,1.0,neutral: no sufficiently sampled adverse segment,STRONG,0.053579,0.053579,0.053579,0.053579,0.0,PAPER,"",true
2026,4,2026_04_KC_LV,2026-10-04,2026-10-04T20:25:00+00:00,KC,LV,-0.9783600562962675,44.91728003664006,0.4743928838323618,PASS,STRONG,PASS,spread,home,FanDuel,5.5,-110,2026-10-04T17:05:34.824995+00:00,0.6400207058714442,0.5,0.2218577112091209,0.14002070587144422,7,actionnetworkbook49;betmgm;betrivers;draftkings;fanduel;pointsbet;wynnbet,action_network,true,true,verified_live,290900,0.0,0.048809,00-0029604,K.Cousins,3,00-0033873,P.Mahomes,3,-0.045829171816299766,0.15115364630353303,0.6161511324624458,2.674944227955466,-0.007256502677342833,0.021053273169604883,-0.006931797964453226,-0.005999593097192973,0.0,0.0,0.0,0.0,0.0,0.0,0.0,0.0,0.0,6.0,0.0,-0.0,-0.012317698068584959,1.140224674812771,0.0,1.3456150077251157,-0.9783600562962675,46.26289504436517,1.3456150077251157,46.26289504436517,22.642267494034453,23.62062755033072,DISABLED,SHADOW,2.1990930756427725,47.11637311228283,SHADOW,0.2,10.0,0.5,2026-10-04T17:05:22.839643+00:00,1.0,true,true,true,5,1,0.346875,0.10625,0.45,0.0,0.272,0.16666666666666666,0.3333333333333333,0.3333333333333333,0.08333333333333333,0.0,0.075,0.0,4,4,7.0,7.0,0.0,1149.2299300416323,0.0,2.0,false,Allegiant Stadium,dome,true,,0.0,0.0,0.0,,indoor,0.0,,1.0,neutral: no sufficiently sampled adverse segment,STRONG,0.048809,0.048809,0.048809,0.0,0.0,PASS,portfolio cap below minimum allocation,true
2026,4,2026_04_NE_BUF,2026-10-04,2026-10-04T17:00:00+00:00,NE,BUF,2.738995983490419,46.24607378141935,0.5876464867465444,PASS,STRONG,PASS,spread,away,PointsBet,6.5,-100,2026-10-04T17:05:34.824995+00:00,0.6095374487191233,0.47639484978540775,0.2190748974382466,0.13314259893371555,7,actionnetworkbook49;betmgm;betrivers;draftkings;fanduel;pointsbet;wynnbet,action_network,true,true,verified_live,290892,0.0,0.043815,00-0034857,J.Allen,3,00-0039851,D.Maye,3,0.2939770332200897,-0.02095480948641043,0.9727600655001032,2.5808740294279255,0.008403700660594066,-0.032129303947430354,0.027520344473808838,-0.029774810870621532,-0.0004327587393617993,0.0004327587393617993,0.029873228585775013,-0.029873228585775013,0.0024865408972804537,-0.0024865408972804537,0.001606007405331164,-0.001606007405331164,0.0,6.0,0.0,-0.0,0.013530090922210913,1.0988959445807476,0.0,-1.1479754773547637,2.738995983490419,45.098098304064585,-1.1479754773547637,45.098098304064585,23.918547143777502,21.179551160287083,DISABLED,SHADOW,0.14525474416887496,46.39132852558822,SHADOW,0.2,10.0,0.5,2026-10-04T17:05:22.839643+00:00,1.0,true,true,true,10,12,0.5875,0.95,0.0,0.0,0.40869565217391307,0.68,0.0,0.15,0.08333333333333333,0.15,0.35000000000000003,0.5583333333333335,3,3,7.0,7.0,0.0,386.3764352223407,0.0,0.0,false,Highmark Stadium,outdoors,false,66.5,7.0,12.7,19.7,2026-10-04T17:00,Open-Meteo,0.0,,1.0,neutral: no sufficiently sampled adverse segment,STRONG,0.043815,0.043815,0.043815,0.0,0.0,PASS,executable quote is not strictly pre-kickoff,false
2026,4,2026_04_LAC_SEA,2026-10-04,2026-10-04T20:25:00+00:00,LAC,SEA,6.750172222828553,42.55184865308637,0.7018766156518009,PASS,PASS,PASS,moneyline,away,PointsBet,,295,2026-10-04T17:05:34.824995+00:00,0.29812338434819907,0.24333419622055394,0.17758736817538634,0.05478918812764513,7,actionnetworkbook49;betmgm;betrivers;draftkings;fanduel;pointsbet;wynnbet,action_network,true,true,verified_live,290899,0.0,0.0,00-0034869,S.Darnold,3,00-0036355,J.Herbert,3,0.10072636654905293,-0.11874706566253526,4.161534922092816,-1.9790531508826599,0.027737227780790068,0.00578101353880725,0.004927162711859348,-0.022044419346049712,-0.11411806340546596,-0.11411806340546596,-1.3014524624429273,-1.3014524624429273,-0.002028745481002528,-0.002028745481002528,-0.008648095661303905,-0.008648095661303905,-2.0,4.0,-1.0,-1.0,-0.1711596063329054,0.9516474112109542,0.0,-1.230864349738373,6.750172222828553,41.32098430334799,-1.230864349738373,41.32098430334799,24.035578263088272,17.28540604025972,DISABLED,SHADOW,-0.23870858016835483,42.31314007291801,SHADOW,0.2,10.0,0.5,2026-10-04T17:05:22.839643+00:00,1.0,true,true,true,6,10,0.5125,0.934375,0.0,0.45,0.0,0.39166666666666666,0.0,0.0,0.0,0.48333333333333334,0.0,0.15,3,3,7.0,7.0,0.0,965.0728000287153,0.0,0.0,false,Lumen Field,outdoors,false,63.8,0.0,3.3,4.0,2026-10-04T20:00,Open-Meteo,0.0,,1.0,neutral: no sufficiently sampled adverse segment,PASS,0.0,0.0,0.0,0.0,0.0,PASS,"",true
2026,4,2026_04_LAC_SEA,2026-10-04,2026-10-04T20:25:00+00:00,LAC,SEA,6.750172222828553,42.55184865308637,0.7018766156518009,PASS,STRONG,PASS,spread,home,FanDuel,-3.0,-115,2026-10-04T17:05:34.824995+00:00,0.6176127278103669,0.5108342361863489,0.15466727373242506,0.10677849162401798,7,actionnetworkbook49;betmgm;betrivers;draftkings;fanduel;pointsbet;wynnbet,action_network,true,true,verified_live,290899,0.0,0.035573,00-0034869,S.Darnold,3,00-0036355,J.Herbert,3,0.10072636654905293,-0.11874706566253526,4.161534922092816,-1.9790531508826599,0.027737227780790068,0.00578101353880725,0.004927162711859348,-0.022044419346049712,-0.11411806340546596,-0.11411806340546596,-1.3014524624429273,-1.3014524624429273,-0.002028745481002528,-0.002028745481002528,-0.008648095661303905,-0.008648095661303905,-2.0,4.0,-1.0,-1.0,-0.1711596063329054,0.9516474112109542,0.0,-1.230864349738373,6.750172222828553,41.32098430334799,-1.230864349738373,41.32098430334799,24.035578263088272,17.28540604025972,DISABLED,SHADOW,-0.23870858016835483,42.31314007291801,SHADOW,0.2,10.0,0.5,2026-10-04T17:05:22.839643+00:00,1.0,true,true,true,6,10,0.5125,0.934375,0.0,0.45,0.0,0.39166666666666666,0.0,0.0,0.0,0.48333333333333334,0.0,0.15,3,3,7.0,7.0,0.0,965.0728000287153,0.0,0.0,false,Lumen Field,outdoors,false,63.8,0.0,3.3,4.0,2026-10-04T20:00,Open-Meteo,0.0,,1.0,neutral: no sufficiently sampled adverse segment,STRONG,0.035573,0.035573,0.035573,0.0,0.0,PASS,portfolio cap below minimum allocation,true
2026,4,2026_04_LA_PHI,2026-10-04,2026-10-04T17:00:00+00:00,LA,PHI,-1.0561875055627574,43.77855459840623,0.4720117842072915,PASS,STRONG,PASS,total,under,FanDuel,47.5,-110,2026-10-04T17:05:34.824995+00:00,0.6046451549291512,0.5,0.1543225685011067,0.10464515492915116,7,actionnetworkbook49;betmgm;betrivers;draftkings;fanduel;pointsbet;wynnbet,action_network,true,true,verified_live,290889,0.0,0.033951,00-0036389,J.Hurts,3,00-0026498,M.Stafford,3,-0.06678920636478557,-0.01644879531518735,3.338033419530419,3.021057887908788,-0.0239744768567264,0.001138772177742886,0.001736612247275001,-0.01642824495058394,0.03228513575975007,0.0331218182988409,0.2882532287001902,0.49425051807904397,0.000352346876966142,-0.0012318373139668382,0.0066332633453926315,0.005646686009207494,0.0,6.0,0.0,-0.0,-0.04850631352017243,1.1661533723437019,0.0,-1.2122609771466972,-1.0561875055627574,42.56629362125953,-1.2122609771466972,42.56629362125953,20.755053057848386,21.811240563411147,DISABLED,SHADOW,-0.417164652520254,43.361389945885975,SHADOW,0.2,10.0,0.5,2026-10-04T17:05:22.839643+00:00,1.0,true,true,true,8,9,0.8875,0.66125,0.0,0.0,0.8095238095238095,0.5833333333333334,0.0,0.13333333333333333,0.6666666666666666,0.15,0.375,0.44166666666666665,4,4,6.0,7.0,-1.0,2396.024771571971,0.0,3.0,false,Lincoln Financial Field,outdoors,false,61.1,33.0,7.9,17.9,2026-10-04T17:00,Open-Meteo,0.0,,1.0,neutral: no sufficiently sampled adverse segment,STRONG,0.033951,0.033951,0.033951,0.0,0.0,PASS,executable quote is not strictly pre-kickoff,false
2026,4,2026_04_TEN_BAL,2026-10-04,2026-10-04T17:00:00+00:00,TEN,BAL,5.938404947615233,45.239238508107256,0.6798969899880182,PASS,STRONG,PASS,total,over,WynnBET,41.5,-113,2026-10-04T17:05:34.824995+00:00,0.6122331358170373,0.5053754192827041,0.15403237105335355,0.10685771653433318,6,betmgm;betrivers;draftkings;fanduel;pointsbet;wynnbet,action_network,true,true,verified_live,290894,0.0,0.034811,00-0034796,L.Jackson,3,00-0040676,C.Ward,3,0.24921907080014272,0.011512575662970675,2.912434053262916,3.2114866728221703,-0.004479575779214769,0.006608614009336017,-0.0012911805695366117,0.009659931663614424,0.0,0.0,0.0,0.0,0.0,0.0,0.0,0.0,0.0,6.0,0.0,-0.0,-0.03434065934065933,1.072802197802198,0.0,-0.8589884371335796,5.938404947615233,44.38025007097367,-0.8589884371335796,44.38025007097367,25.159327509294453,19.22092256167922,DISABLED,SHADOW,0.5187212247771407,45.757959732884395,SHADOW,0.2,10.0,0.5,2026-10-04T17:05:22.839643+00:00,1.0,true,true,true,7,3,0.6978125000000001,0.14375,0.0,0.0,0.34545454545454546,0.1565217391304348,0.15,0.0,0.15,0.0,0.16666666666666666,0.15,5,4,7.0,7.0,0.0,594.4168543813659,0.0,1.0,false,M&T Bank Stadium,outdoors,false,62.1,9.0,6.4,14.3,2026-10-04T17:00,Open-Meteo,0.0,,1.0,neutral: no sufficiently sampled adverse segment,STRONG,0.034811,0.034811,0.034811,0.0,0.0,PASS,executable quote is not strictly pre-kickoff,false
2026,4,2026_04_MIA_MIN,2026-10-04,2026-10-04T20:05:00+00:00,MIA,MIN,7.486330036665386,41.39207398502428,0.7211928444215099,PASS,STRONG,PASS,total,over,BetMGM,38.0,-110,2026-10-04T17:05:34.824995+00:00,0.6023854475424832,0.5021949078138719,0.15000858167201359,0.10019053972861136,7,actionnetworkbook49;betmgm;betrivers;draftkings;fanduel;pointsbet;wynnbet,action_network,true,true,verified_live,290897,0.0,0.033002,00-0035228,K.Murray,3,00-0038128,M.Willis,3,-0.10316456262114235,-0.23542997422578263,3.9341296936546097,-6.3639747169052825,0.011584200467190484,-0.02301621009414595,-0.011144518410637284,-0.013398984807449985,-0.06497468665025602,-0.06497468665025602,2.1519156075401913,2.1519156075401913,0.018297730460576242,0.018297730460576242,-0.00911709310324475,-0.00911709310324475,-2.0,4.0,-1.0,-1.0,-0.22846638655462187,0.8891806722689075,0.0,-1.6423103190640949,7.486330036665386,39.74976366596019,-1.6423103190640949,39.74976366596019,23.618046851312787,16.1317168146474,DISABLED,SHADOW,0.40318003819348114,41.795254023217765,SHADOW,0.2,10.0,0.5,2026-10-04T17:05:22.839643+00:00,1.0,true,true,true,9,4,0.88625,0.39375,1.0,0.0,0.624,0.04,0.13333333333333333,0.0,0.4166666666666667,0.0,0.20833333333333334,0.041666666666666664,4,4,7.0,7.0,0.0,1499.90522091872,0.0,1.0,false,U.S. Bank Stadium,dome,true,,0.0,0.0,0.0,,indoor,0.0,,1.0,neutral: no sufficiently sampled adverse segment,STRONG,0.033002,0.033002,0.033002,0.0,0.0,PASS,portfolio cap below minimum allocation,true
2026,4,2026_04_DAL_HOU,2026-10-04,2026-10-04T17:00:00+00:00,DAL,HOU,0.583754000430023,47.84290949884729,0.5222641358294375,PASS,BET,PASS,spread,away,ActionNetwork book 49,2.5,105,2026-10-04T17:05:34.824995+00:00,0.5542159494125417,0.4675324675324676,0.1361426962957104,0.08668348188007413,6,actionnetworkbook49;betmgm;betrivers;draftkings;pointsbet;wynnbet,action_network,true,true,verified_live,290895,0.0,0.025932,00-0039163,C.Stroud,3,00-0033077,D.Prescott,3,-0.25371143296474774,0.09387130887987258,-5.637674318103956,0.414448177201149,-0.029581909715055026,0.012910840477286828,0.006377432896605402,0.02038139950380033,0.0,0.0,0.0,0.0,0.0,0.0,0.0,0.0,0.0,6.0,0.0,-0.0,0.043982407037185145,1.224310275889644,0.0,1.1755476561631026,0.583754000430023,49.018457155010395,1.1755476561631026,49.018457155010395,24.801105577720207,24.217351577290188,DISABLED,SHADOW,-0.6808635940375835,47.16204590480971,SHADOW,0.2,10.0,0.5,2026-10-04T17:05:22.839643+00:00,0.6666666666666666,true,true,false,8,5,0.6187499999999999,0.55,0.0,0.0,0.23809523809523808,0.16666666666666666,0.0,0.0,0.08333333333333333,0.0,0.16666666666666666,0.16666666666666666,4,3,7.0,7.0,0.0,233.81865007848842,0.0,0.0,false,Reliant Stadium,,false,81.4,28.0,10.7,16.3,2026-10-04T17:00,Open-Meteo,0.0,,1.0,neutral: no sufficiently sampled adverse segment,BET,0.025932,0.025932,0.025932,0.0,0.0,PASS,executable quote is not strictly pre-kickoff,false
2026,4,2026_04_LA_PHI,2026-10-04,2026-10-04T17:00:00+00:00,LA,PHI,-1.0561875055627574,43.77855459840623,0.4720117842072915,PASS,STRONG,PASS,spread,home,PointsBet,3.5,-105,2026-10-04T17:05:34.824995+00:00,0.578792886761673,0.4891657638136511,0.13002420748707566,0.08962712294802183,7,actionnetworkbook49;betmgm;betrivers;draftkings;fanduel;pointsbet;wynnbet,action_network,true,true,verified_live,290889,0.0,0.027305,00-0036389,J.Hurts,3,00-0026498,M.Stafford,3,-0.06678920636478557,-0.01644879531518735,3.338033419530419,3.021057887908788,-0.0239744768567264,0.001138772177742886,0.001736612247275001,-0.01642824495058394,0.03228513575975007,0.0331218182988409,0.2882532287001902,0.49425051807904397,0.000352346876966142,-0.0012318373139668382,0.0066332633453926315,0.005646686009207494,0.0,6.0,0.0,-0.0,-0.04850631352017243,1.1661533723437019,0.0,-1.2122609771466972,-1.0561875055627574,42.56629362125953,-1.2122609771466972,42.56629362125953,20.755053057848386,21.811240563411147,DISABLED,SHADOW,-0.417164652520254,43.361389945885975,SHADOW,0.2,10.0,0.5,2026-10-04T17:05:22.839643+00:00,1.0,true,true,true,8,9,0.8875,0.66125,0.0,0.0,0.8095238095238095,0.5833333333333334,0.0,0.13333333333333333,0.6666666666666666,0.15,0.375,0.44166666666666665,4,4,6.0,7.0,-1.0,2396.024771571971,0.0,3.0,false,Lincoln Financial Field,outdoors,false,61.1,33.0,7.9,17.9,2026-10-04T17:00,Open-Meteo,0.0,,1.0,neutral: no sufficiently sampled adverse segment,STRONG,0.027305,0.027305,0.027305,0.0,0.0,PASS,executable quote is not strictly pre-kickoff,false
2026,4,2026_04_NYJ_CHI,2026-10-04,2026-10-04T17:00:00+00:00,NYJ,CHI,5.941524592418691,45.906828070648544,0.6799827464222463,PASS,STRONG,PASS,spread,home,DraftKings,-3.5,-105,2026-10-04T17:05:34.824995+00:00,0.578724102485846,0.49439461883408076,0.12988991437712794,0.08432948365176529,7,actionnetworkbook49;betmgm;betrivers;draftkings;fanduel;pointsbet;wynnbet,action_network,true,true,verified_live,290891,0.0,0.027277,00-0028986,C.Keenum,3,00-0030565,G.Smith,3,-0.04896019575154416,0.1415901056596928,-5.106134225858594,6.0610676359415985,0.03021992208547948,0.009568549856140543,-0.005642104708284806,0.0194802004925531,-0.03850414050711777,-0.03850414050711777,-1.7451156487266468,-1.7451156487266468,0.016358077744536223,0.016358077744536223,0.0005082291738443927,0.0005082291738443927,-2.0,4.0,-1.0,-1.0,-0.28484758804379995,0.9087007990529743,0.0,0.20317219510817366,5.941524592418691,46.11000026575672,0.20317219510817366,46.11000026575672,26.025762429087706,20.08423783666901,DISABLED,SHADOW,1.7462509931633,47.653079063811845,SHADOW,0.2,10.0,0.5,2026-10-04T17:05:22.839643+00:00,1.0,true,true,true,4,10,0.45,1.0,1.0,0.0,0.391304347826087,0.5826086956521739,0.0,0.0,0.15,0.48333333333333334,0.13333333333333333,0.31666666666666665,4,4,6.0,7.0,-1.0,705.5152067325713,0.0,1.0,false,Soldier Field,outdoors,false,66.9,0.0,6.8,13.9,2026-10-04T17:00,Open-Meteo,0.0,,1.0,neutral: no sufficiently sampled adverse segment,STRONG,0.027277,0.027277,0.027277,0.0,0.0,PASS,executable quote is not strictly pre-kickoff,false
2026,4,2026_04_NE_BUF,2026-10-04,2026-10-04T17:00:00+00:00,NE,BUF,2.738995983490419,46.24607378141935,0.5876464867465444,PASS,STRONG,PASS,total,under,PointsBet,49.5,-110,2026-10-04T17:05:34.824995+00:00,0.5912999961316912,0.5,0.1288454471605014,0.09129999613169115,7,actionnetworkbook49;betmgm;betrivers;draftkings;fanduel;pointsbet;wynnbet,action_network,true,true,verified_live,290892,0.0,0.028346,00-0034857,J.Allen,3,00-0039851,D.Maye,3,0.2939770332200897,-0.02095480948641043,0.9727600655001032,2.5808740294279255,0.008403700660594066,-0.032129303947430354,0.027520344473808838,-0.029774810870621532,-0.0004327587393617993,0.0004327587393617993,0.029873228585775013,-0.029873228585775013,0.0024865408972804537,-0.0024865408972804537,0.001606007405331164,-0.001606007405331164,0.0,6.0,0.0,-0.0,0.013530090922210913,1.0988959445807476,0.0,-1.1479754773547637,2.738995983490419,45.098098304064585,-1.1479754773547637,45.098098304064585,23.918547143777502,21.179551160287083,DISABLED,SHADOW,0.14525474416887496,46.39132852558822,SHADOW,0.2,10.0,0.5,2026-10-04T17:05:22.839643+00:00,1.0,true,true,true,10,12,0.5875,0.95,0.0,0.0,0.40869565217391307,0.68,0.0,0.15,0.08333333333333333,0.15,0.35000000000000003,0.5583333333333335,3,3,7.0,7.0,0.0,386.3764352223407,0.0,0.0,false,Highmark Stadium,outdoors,false,66.5,7.0,12.7,19.7,2026-10-04T17:00,Open-Meteo,0.0,,1.0,neutral: no sufficiently sampled adverse segment,STRONG,0.028346,0.028346,0.028346,0.0,0.0,PASS,executable quote is not strictly pre-kickoff,false
2026,4,2026_04_NYJ_CHI,2026-10-04,2026-10-04T17:00:00+00:00,NYJ,CHI,5.941524592418691,45.906828070648544,0.6799827464222463,PASS,STRONG,PASS,total,over,PointsBet,43.5,-105,2026-10-04T17:05:34.824995+00:00,0.5741006364490443,0.4891657638136511,0.12086314735289605,0.08493487263539318,7,actionnetworkbook49;betmgm;betrivers;draftkings;fanduel;pointsbet;wynnbet,action_network,true,true,verified_live,290891,0.0,0.025381,00-0028986,C.Keenum,3,00-0030565,G.Smith,3,-0.04896019575154416,0.1415901056596928,-5.106134225858594,6.0610676359415985,0.03021992208547948,0.009568549856140543,-0.005642104708284806,0.0194802004925531,-0.03850414050711777,-0.03850414050711777,-1.7451156487266468,-1.7451156487266468,0.016358077744536223,0.016358077744536223,0.0005082291738443927,0.0005082291738443927,-2.0,4.0,-1.0,-1.0,-0.28484758804379995,0.9087007990529743,0.0,0.20317219510817366,5.941524592418691,46.11000026575672,0.20317219510817366,46.11000026575672,26.025762429087706,20.08423783666901,DISABLED,SHADOW,1.7462509931633,47.653079063811845,SHADOW,0.2,10.0,0.5,2026-10-04T17:05:22.839643+00:00,1.0,true,true,true,4,10,0.45,1.0,1.0,0.0,0.391304347826087,0.5826086956521739,0.0,0.0,0.15,0.48333333333333334,0.13333333333333333,0.31666666666666665,4,4,6.0,7.0,-1.0,705.5152067325713,0.0,1.0,false,Soldier Field,outdoors,false,66.9,0.0,6.8,13.9,2026-10-04T17:00,Open-Meteo,0.0,,1.0,neutral: no sufficiently sampled adverse segment,STRONG,0.025381,0.025381,0.025381,0.0,0.0,PASS,executable quote is not strictly pre-kickoff,false
2026,4,2026_04_ATL_NO,2026-10-05,2026-10-06T00:15:00+00:00,ATL,NO,2.452274012593289,44.858118261819186,0.5790472558548813,PASS,STRONG,PASS,total,under,BetRivers,47.5,-105,2026-10-04T17:05:34.824995+00:00,0.573670490825206,0.4891657638136511,0.12002333923016417,0.08450472701155493,7,actionnetworkbook49;betmgm;betrivers;draftkings;fanduel;pointsbet;wynnbet,action_network,true,true,verified_live,290902,0.0,0.025205,00-0040743,T.Shough,3,00-0039917,M.Penix,3,-0.09232311368572577,0.0654787572670533,0.11830452789173984,4.036549172400249,-0.020292302317456636,0.011596987694577066,0.003942372903727353,-0.005925534843686728,-0.3079713536687574,0.3079713536687574,-6.778041879680793,6.778041879680793,-0.025354844496266578,0.025354844496266578,-0.024047740791672028,0.024047740791672028,2.0,4.0,1.0,-1.0,0.40437788018433185,0.9043778801843319,0.0,-0.3125976457299689,2.452274012593289,44.54552061608922,-0.3125976457299689,44.54552061608922,23.498897314341257,21.046623301747964,DISABLED,SHADOW,-0.7754993573460323,44.08261890447315,SHADOW,0.2,10.0,0.5,2026-10-04T17:05:22.839643+00:00,1.0,true,true,true,11,5,0.8749999999999999,0.3125,0.0,0.0,0.5739130434782609,0.20833333333333334,0.0,0.26666666666666666,0.15,0.0,0.4749999999999999,0.075,4,4,8.0,11.0,-3.0,424.39913467144305,0.0,1.0,false,Caesars Superdome,dome,true,,0.0,0.0,0.0,,indoor,0.0,,1.0,neutral: no sufficiently sampled adverse segment,STRONG,0.025205,0.025205,0.025205,0.0,0.0,PASS,portfolio cap below minimum allocation,true
2026,4,2026_04_KC_LV,2026-10-04,2026-10-04T20:25:00+00:00,KC,LV,-0.9783600562962675,44.91728003664006,0.4743928838323618,PASS,STRONG,PASS,total,under,BetRivers,47.5,-105,2026-10-04T17:05:34.824995+00:00,0.5719579516334542,0.4891657638136511,0.11667981033198194,0.08279218781980308,7,actionnetworkbook49;betmgm;betrivers;draftkings;fanduel;pointsbet;wynnbet,action_network,true,true,verified_live,290900,0.0,0.024503,00-0029604,K.Cousins,3,00-0033873,P.Mahomes,3,-0.045829171816299766,0.15115364630353303,0.6161511324624458,2.674944227955466,-0.007256502677342833,0.021053273169604883,-0.006931797964453226,-0.005999593097192973,0.0,0.0,0.0,0.0,0.0,0.0,0.0,0.0,0.0,6.0,0.0,-0.0,-0.012317698068584959,1.140224674812771,0.0,1.3456150077251157,-0.9783600562962675,46.26289504436517,1.3456150077251157,46.26289504436517,22.642267494034453,23.62062755033072,DISABLED,SHADOW,2.1990930756427725,47.11637311228283,SHADOW,0.2,10.0,0.5,2026-10-04T17:05:22.839643+00:00,1.0,true,true,true,5,1,0.346875,0.10625,0.45,0.0,0.272,0.16666666666666666,0.3333333333333333,0.3333333333333333,0.08333333333333333,0.0,0.075,0.0,4,4,7.0,7.0,0.0,1149.2299300416323,0.0,2.0,false,Allegiant Stadium,dome,true,,0.0,0.0,0.0,,indoor,0.0,,1.0,neutral: no sufficiently sampled adverse segment,STRONG,0.024503,0.024503,0.024503,0.0,0.0,PASS,portfolio cap below minimum allocation,true
2026,4,2026_04_LAC_SEA,2026-10-04,2026-10-04T20:25:00+00:00,LAC,SEA,6.750172222828553,42.55184865308637,0.7018766156518009,PASS,STRONG,PASS,total,under,FanDuel,45.5,-110,2026-10-04T17:05:34.824995+00:00,0.5825131005888627,0.5,0.11207046476055615,0.08251310058886274,7,actionnetworkbook49;betmgm;betrivers;draftkings;fanduel;pointsbet;wynnbet,action_network,true,true,verified_live,290899,0.0,0.024656,00-0034869,S.Darnold,3,00-0036355,J.Herbert,3,0.10072636654905293,-0.11874706566253526,4.161534922092816,-1.9790531508826599,0.027737227780790068,0.00578101353880725,0.004927162711859348,-0.022044419346049712,-0.11411806340546596,-0.11411806340546596,-1.3014524624429273,-1.3014524624429273,-0.002028745481002528,-0.002028745481002528,-0.008648095661303905,-0.008648095661303905,-2.0,4.0,-1.0,-1.0,-0.1711596063329054,0.9516474112109542,0.0,-1.230864349738373,6.750172222828553,41.32098430334799,-1.230864349738373,41.32098430334799,24.035578263088272,17.28540604025972,DISABLED,SHADOW,-0.23870858016835483,42.31314007291801,SHADOW,0.2,10.0,0.5,2026-10-04T17:05:22.839643+00:00,1.0,true,true,true,6,10,0.5125,0.934375,0.0,0.45,0.0,0.39166666666666666,0.0,0.0,0.0,0.48333333333333334,0.0,0.15,3,3,7.0,7.0,0.0,965.0728000287153,0.0,0.0,false,Lumen Field,outdoors,false,63.8,0.0,3.3,4.0,2026-10-04T20:00,Open-Meteo,0.0,,1.0,neutral: no sufficiently sampled adverse segment,STRONG,0.024656,0.024656,0.024656,0.0,0.0,PASS,portfolio cap below minimum allocation,true
2026,4,2026_04_DAL_HOU,2026-10-04,2026-10-04T17:00:00+00:00,DAL,HOU,0.583754000430023,47.84290949884729,0.5222641358294375,PASS,PASS,PASS,moneyline,away,PointsBet,,132,2026-10-04T17:05:34.824995+00:00,0.47773586417056246,0.4142931123770068,0.10834720487570504,0.06344275179355569,7,actionnetworkbook49;betmgm;betrivers;draftkings;fanduel;pointsbet;wynnbet,action_network,true,true,verified_live,290895,0.0,0.0,00-0039163,C.Stroud,3,00-0033077,D.Prescott,3,-0.25371143296474774,0.09387130887987258,-5.637674318103956,0.414448177201149,-0.029581909715055026,0.012910840477286828,0.006377432896605402,0.02038139950380033,0.0,0.0,0.0,0.0,0.0,0.0,0.0,0.0,0.0,6.0,0.0,-0.0,0.043982407037185145,1.224310275889644,0.0,1.1755476561631026,0.583754000430023,49.018457155010395,1.1755476561631026,49.018457155010395,24.801105577720207,24.217351577290188,DISABLED,SHADOW,-0.6808635940375835,47.16204590480971,SHADOW,0.2,10.0,0.5,2026-10-04T17:05:22.839643+00:00,0.6666666666666666,true,true,false,8,5,0.6187499999999999,0.55,0.0,0.0,0.23809523809523808,0.16666666666666666,0.0,0.0,0.08333333333333333,0.0,0.16666666666666666,0.16666666666666666,4,3,7.0,7.0,0.0,233.81865007848842,0.0,0.0,false,Reliant Stadium,,false,81.4,28.0,10.7,16.3,2026-10-04T17:00,Open-Meteo,0.0,,1.0,neutral: no sufficiently sampled adverse segment,PASS,0.0,0.0,0.0,0.0,0.0,PASS,executable quote is not strictly pre-kickoff,false
2026,4,2026_04_MIA_MIN,2026-10-04,2026-10-04T20:05:00+00:00,MIA,MIN,7.486330036665386,41.39207398502428,0.7211928444215099,PASS,BET,PASS,spread,away,ActionNetwork book 49,9.5,-104,2026-10-04T17:05:34.824995+00:00,0.5571741762705741,0.48600223964165734,0.09291857653074165,0.07117193662891674,7,actionnetworkbook49;betmgm;betrivers;draftkings;fanduel;pointsbet;wynnbet,action_network,true,true,verified_live,290897,0.0,0.019327,00-0035228,K.Murray,3,00-0038128,M.Willis,3,-0.10316456262114235,-0.23542997422578263,3.9341296936546097,-6.3639747169052825,0.011584200467190484,-0.02301621009414595,-0.011144518410637284,-0.013398984807449985,-0.06497468665025602,-0.06497468665025602,2.1519156075401913,2.1519156075401913,0.018297730460576242,0.018297730460576242,-0.00911709310324475,-0.00911709310324475,-2.0,4.0,-1.0,-1.0,-0.22846638655462187,0.8891806722689075,0.0,-1.6423103190640949,7.486330036665386,39.74976366596019,-1.6423103190640949,39.74976366596019,23.618046851312787,16.1317168146474,DISABLED,SHADOW,0.40318003819348114,41.795254023217765,SHADOW,0.2,10.0,0.5,2026-10-04T17:05:22.839643+00:00,1.0,true,true,true,9,4,0.88625,0.39375,1.0,0.0,0.624,0.04,0.13333333333333333,0.0,0.4166666666666667,0.0,0.20833333333333334,0.041666666666666664,4,4,7.0,7.0,0.0,1499.90522091872,0.0,1.0,false,U.S. Bank Stadium,dome,true,,0.0,0.0,0.0,,indoor,0.0,,1.0,neutral: no sufficiently sampled adverse segment,BET,0.019327,0.019327,0.019327,0.0,0.0,PASS,portfolio cap below minimum allocation,true
2026,4,2026_04_DEN_SF,2026-10-04,2026-10-04T20:25:00+00:00,DEN,SF,4.5186751177946824,46.01551662557007,0.6399354482603722,PASS,STRONG,PASS,moneyline,home,FanDuel,,-142,2026-10-04T17:05:34.824995+00:00,0.6399354482603722,0.5634920634920635,0.090594214640916,0.0764433847683087,7,actionnetworkbook49;betmgm;betrivers;draftkings;fanduel;pointsbet;wynnbet,action_network,true,true,verified_live,290898,0.0,0.025729,00-0037834,B.Purdy,3,00-0039732,B.Nix,3,0.36659697728882673,0.21194322120483947,5.039240786727969,0.4890145861297812,0.026276765108397028,0.04073111010676239,0.011258285608623842,-0.0013339987610545972,0.0,0.0,0.0,0.0,0.0,0.0,0.0,0.0,0.0,6.0,0.0,-0.0,-0.04115753274310385,1.0917904441355089,0.0,2.8832612135742806,4.5186751177946824,48.89877783914435,2.8832612135742806,48.89877783914435,26.708726478469515,22.190051360674836,DISABLED,SHADOW,0.23531716993724214,46.25083379550731,SHADOW,0.2,10.0,0.5,2026-10-04T17:05:22.839643+00:00,1.0,true,true,true,14,2,1.0,0.25,0.0,0.0,0.52,0.0,0.0,0.0,0.15,0.0,0.46666666666666673,0.0,4,3,7.0,7.0,0.0,928.3066448710998,0.0,1.0,false,Levi's Stadium,outdoors,false,85.4,1.0,4.8,4.9,2026-10-04T20:00,Open-Meteo,0.0,,1.0,neutral: no sufficiently sampled adverse segment,STRONG,0.025729,0.025729,0.025729,0.0,0.0,PASS,portfolio cap below minimum allocation,true
2026,4,2026_04_DEN_SF,2026-10-04,2026-10-04T20:25:00+00:00,DEN,SF,4.5186751177946824,46.01551662557007,0.6399354482603722,PASS,BET,PASS,total,under,DraftKings,48.5,-110,2026-10-04T17:05:28.684310+00:00,0.5691113440532238,0.5,0.08648529319251819,0.06911134405322383,7,actionnetworkbook49;betmgm;betrivers;draftkings;fanduel;pointsbet;wynnbet,espn,true,true,verified_live,401872975,0.0,0.019027,00-0037834,B.Purdy,3,00-0039732,B.Nix,3,0.36659697728882673,0.21194322120483947,5.039240786727969,0.4890145861297812,0.026276765108397028,0.04073111010676239,0.011258285608623842,-0.0013339987610545972,0.0,0.0,0.0,0.0,0.0,0.0,0.0,0.0,0.0,6.0,0.0,-0.0,-0.04115753274310385,1.0917904441355089,0.0,2.8832612135742806,4.5186751177946824,48.89877783914435,2.8832612135742806,48.89877783914435,26.708726478469515,22.190051360674836,DISABLED,SHADOW,0.23531716993724214,46.25083379550731,SHADOW,0.2,10.0,0.5,2026-10-04T17:05:22.839643+00:00,1.0,true,true,true,14,2,1.0,0.25,0.0,0.0,0.52,0.0,0.0,0.0,0.15,0.0,0.46666666666666673,0.0,4,3,7.0,7.0,0.0,928.3066448710998,0.0,1.0,false,Levi's Stadium,outdoors,false,85.4,1.0,4.8,4.9,2026-10-04T20:00,Open-Meteo,0.0,,1.0,neutral: no sufficiently sampled adverse segment,BET,0.019027,0.019027,0.019027,0.0,0.0,PASS,portfolio cap below minimum allocation,true
2026,4,2026_04_DEN_SF,2026-10-04,2026-10-04T20:25:00+00:00,DEN,SF,4.5186751177946824,46.01551662557007,0.6399354482603722,PASS,BET,PASS,spread,home,FanDuel,-2.5,-110,2026-10-04T17:05:34.824995+00:00,0.5659723122681473,0.5,0.08049259614828119,0.06597231226814726,7,actionnetworkbook49;betmgm;betrivers;draftkings;fanduel;pointsbet;wynnbet,action_network,true,true,verified_live,290898,0.0,0.017708,00-0037834,B.Purdy,3,00-0039732,B.Nix,3,0.36659697728882673,0.21194322120483947,5.039240786727969,0.4890145861297812,0.026276765108397028,0.04073111010676239,0.011258285608623842,-0.0013339987610545972,0.0,0.0,0.0,0.0,0.0,0.0,0.0,0.0,0.0,6.0,0.0,-0.0,-0.04115753274310385,1.0917904441355089,0.0,2.8832612135742806,4.5186751177946824,48.89877783914435,2.8832612135742806,48.89877783914435,26.708726478469515,22.190051360674836,DISABLED,SHADOW,0.23531716993724214,46.25083379550731,SHADOW,0.2,10.0,0.5,2026-10-04T17:05:22.839643+00:00,1.0,true,true,true,14,2,1.0,0.25,0.0,0.0,0.52,0.0,0.0,0.0,0.15,0.0,0.46666666666666673,0.0,4,3,7.0,7.0,0.0,928.3066448710998,0.0,1.0,false,Levi's Stadium,outdoors,false,85.4,1.0,4.8,4.9,2026-10-04T20:00,Open-Meteo,0.0,,1.0,neutral: no sufficiently sampled adverse segment,BET,0.017708,0.017708,0.017708,0.0,0.0,PASS,portfolio cap below minimum allocation,true
2026,4,2026_04_ATL_NO,2026-10-05,2026-10-06T00:15:00+00:00,ATL,NO,2.452274012593289,44.858118261819186,0.5790472558548813,PASS,LEAN,PASS,moneyline,home,PointsBet,,-126,2026-10-04T17:05:34.824995+00:00,0.5790472558548813,0.5369611539091953,0.03860857002542195,0.04208610194568596,7,actionnetworkbook49;betmgm;betrivers;draftkings;fanduel;pointsbet;wynnbet,action_network,true,true,verified_live,290902,0.0,0.009729,00-0040743,T.Shough,3,00-0039917,M.Penix,3,-0.09232311368572577,0.0654787572670533,0.11830452789173984,4.036549172400249,-0.020292302317456636,0.011596987694577066,0.003942372903727353,-0.005925534843686728,-0.3079713536687574,0.3079713536687574,-6.778041879680793,6.778041879680793,-0.025354844496266578,0.025354844496266578,-0.024047740791672028,0.024047740791672028,2.0,4.0,1.0,-1.0,0.40437788018433185,0.9043778801843319,0.0,-0.3125976457299689,2.452274012593289,44.54552061608922,-0.3125976457299689,44.54552061608922,23.498897314341257,21.046623301747964,DISABLED,SHADOW,-0.7754993573460323,44.08261890447315,SHADOW,0.2,10.0,0.5,2026-10-04T17:05:22.839643+00:00,1.0,true,true,true,11,5,0.8749999999999999,0.3125,0.0,0.0,0.5739130434782609,0.20833333333333334,0.0,0.26666666666666666,0.15,0.0,0.4749999999999999,0.075,4,4,8.0,11.0,-3.0,424.39913467144305,0.0,1.0,false,Caesars Superdome,dome,true,,0.0,0.0,0.0,,indoor,0.0,,1.0,neutral: no sufficiently sampled adverse segment,LEAN,0.009729,0.009729,0.009729,0.0,0.0,PASS,portfolio cap below minimum allocation,true
2026,4,2026_04_ATL_NO,2026-10-05,2026-10-06T00:15:00+00:00,ATL,NO,2.452274012593289,44.858118261819186,0.5790472558548813,PASS,PASS,PASS,spread,home,DraftKings,-1.5,-110,2026-10-04T17:05:28.684310+00:00,0.5335363516838365,0.5,0.018569398669142423,0.03353635168383651,7,actionnetworkbook49;betmgm;betrivers;draftkings;fanduel;pointsbet;wynnbet,espn,true,true,verified_live,401872979,0.0,0.0,00-0040743,T.Shough,3,00-0039917,M.Penix,3,-0.09232311368572577,0.0654787572670533,0.11830452789173984,4.036549172400249,-0.020292302317456636,0.011596987694577066,0.003942372903727353,-0.005925534843686728,-0.3079713536687574,0.3079713536687574,-6.778041879680793,6.778041879680793,-0.025354844496266578,0.025354844496266578,-0.024047740791672028,0.024047740791672028,2.0,4.0,1.0,-1.0,0.40437788018433185,0.9043778801843319,0.0,-0.3125976457299689,2.452274012593289,44.54552061608922,-0.3125976457299689,44.54552061608922,23.498897314341257,21.046623301747964,DISABLED,SHADOW,-0.7754993573460323,44.08261890447315,SHADOW,0.2,10.0,0.5,2026-10-04T17:05:22.839643+00:00,1.0,true,true,true,11,5,0.8749999999999999,0.3125,0.0,0.0,0.5739130434782609,0.20833333333333334,0.0,0.26666666666666666,0.15,0.0,0.4749999999999999,0.075,4,4,8.0,11.0,-3.0,424.39913467144305,0.0,1.0,false,Caesars Superdome,dome,true,,0.0,0.0,0.0,,indoor,0.0,,1.0,neutral: no sufficiently sampled adverse segment,PASS,0.0,0.0,0.0,0.0,0.0,PASS,"",true
2026,4,2026_04_ARI_NYG,2026-10-04,2026-10-04T17:00:00+00:00,ARI,NYG,1.6083764278045294,44.29253257939179,0.5535328994759681,PASS,PASS,PASS,total,under,FanDuel,45.5,-110,2026-10-04T17:05:34.824995+00:00,0.5318334720515967,0.5,0.015318446643957317,0.0318334720515967,7,actionnetworkbook49;betmgm;betrivers;draftkings;fanduel;pointsbet;wynnbet,action_network,true,true,verified_live,290896,0.0,0.0,00-0031503,J.Winston,3,00-0033119,J.Brissett,3,-0.21807197052197008,-0.18667986074171228,-8.644458564004552,-5.678936143715329,-0.026178363755666144,0.0020550043959706166,-0.007583719996522104,0.008241398250994118,-0.15604837798555798,-0.15604837798555798,-3.6567985876842104,-3.6567985876842104,-0.00442575363236937,-0.00442575363236937,-0.004633304296548617,-0.004633304296548617,-1.0,5.0,0.0,-0.0,-0.2006846889387321,1.0378939912643135,0.0,-1.1308875570657928,1.6083764278045294,43.161645022326,-1.1308875570657928,43.161645022326,22.385010725065264,20.776634297260735,DISABLED,SHADOW,0.06624425231196428,44.35877683170375,SHADOW,0.2,10.0,0.5,2026-10-04T17:05:22.839643+00:00,1.0,true,true,true,5,6,0.2653125,0.4146875,0.4,0.0,0.11304347826086956,0.23478260869565218,0.21666666666666667,0.15,0.0,0.15,0.0,0.075,4,3,7.0,7.0,0.0,2143.9495127509886,0.0,3.0,false,MetLife Stadium,outdoors,false,60.7,15.0,5.6,13.0,2026-10-04T17:00,Open-Meteo,0.0,,1.0,neutral: no sufficiently sampled adverse segment,PASS,0.0,0.0,0.0,0.0,0.0,PASS,executable quote is not strictly pre-kickoff,false
2026,4,2026_04_DAL_HOU,2026-10-04,2026-10-04T17:00:00+00:00,DAL,HOU,0.583754000430023,47.84290949884729,0.5222641358294375,PASS,PASS,PASS,total,under,PointsBet,48.5,-105,2026-10-04T17:05:34.824995+00:00,0.5156610588770353,0.4891657638136511,0.0067668292361164895,0.02649529506338416,7,actionnetworkbook49;betmgm;betrivers;draftkings;fanduel;pointsbet;wynnbet,action_network,true,true,verified_live,290895,0.0,0.0,00-0039163,C.Stroud,3,00-0033077,D.Prescott,3,-0.25371143296474774,0.09387130887987258,-5.637674318103956,0.414448177201149,-0.029581909715055026,0.012910840477286828,0.006377432896605402,0.02038139950380033,0.0,0.0,0.0,0.0,0.0,0.0,0.0,0.0,0.0,6.0,0.0,-0.0,0.043982407037185145,1.224310275889644,0.0,1.1755476561631026,0.583754000430023,49.018457155010395,1.1755476561631026,49.018457155010395,24.801105577720207,24.217351577290188,DISABLED,SHADOW,-0.6808635940375835,47.16204590480971,SHADOW,0.2,10.0,0.5,2026-10-04T17:05:22.839643+00:00,0.6666666666666666,true,true,false,8,5,0.6187499999999999,0.55,0.0,0.0,0.23809523809523808,0.16666666666666666,0.0,0.0,0.08333333333333333,0.0,0.16666666666666666,0.16666666666666666,4,3,7.0,7.0,0.0,233.81865007848842,0.0,0.0,false,Reliant Stadium,,false,81.4,28.0,10.7,16.3,2026-10-04T17:00,Open-Meteo,0.0,,1.0,neutral: no sufficiently sampled adverse segment,PASS,0.0,0.0,0.0,0.0,0.0,PASS,executable quote is not strictly pre-kickoff,false
