season,week,game_id,kickoff,away_team,home_team,quant_market,quant_side,quant_book,quant_price,quant_odds,quant_quote_at,quant_probability,quant_market_probability,quant_edge,quant_ev,market_book_count,market_execution_verified,market_quote_sanity_ok,market_disagreement_severity,market_dispersion_high,regime_reliability_status,context_freshness_veto,qb_certainty_veto,research_signal,quant_signal,portfolio_signal,portfolio_action,portfolio_stake_units,edge_discovery_tier,edge_discovery_reason,edge_observed_quote_status,edge_archive_market_status,edge_archive_roi,edge_archive_roi_ci_high,edge_regime_market_status,edge_market_shrinkage_status,edge_validated_shrinkage_alpha,edge_shrunk_probability,edge_shrunk_probability_edge,edge_shrunk_ev,edge_raw_vs_shrunk_ev_gap,edge_no_vig_vs_break_even,edge_discovery_score,edge_quote_reason,edge_stake_authorized
2026,5,2026_05_NYG_WAS,2026-10-11T17:00:00+00:00,NYG,WAS,moneyline,away,PointsBet,,166,2026-10-08T02:48:39.666527+00:00,0.588486861692392,0.36135228209729836,0.2271345795950936,0.5653750521017626,7,True,True,HIGH,False,BLOCKED,True,True,PASS,PASS,PASS,PASS,0.0,EVIDENCE_OR_CONTEXT_BLOCKED,NFL_REGIME_MARKET_NOT_RELIABLE;CANDIDATE_REGIME_NOT_SUPPORTED;PRODUCTION_MARKET_DISABLED;NO_VERIFIED_INCREMENTAL_MODEL_VALUE;HOLDOUT_SELECTS_MARKET_ONLY;NO_POSITIVE_SHRUNK_EV;CURRENT_INJURY_CONTEXT_NOT_FRESH;QB_UNCERTAINTY;HIGH_MARKET_DISAGREEMENT,VERIFIED_FRESH,ARCHIVED_PROVIDER_OPEN_CLOSE_NOT_TIMESTAMP_VERIFIED,-0.08651887143470442,0.04124587457582396,UNRELIABLE,MARKET_ONLY_PREFERRED,0.0,0.36135228209729836,0.0,-0.038802929621186255,0.6041779817229489,-0.014587567526761769,20.0,executable quote verified,False
2026,5,2026_05_TB_DAL,2026-10-09T00:15:00+00:00,TB,DAL,moneyline,away,WynnBET,,380,2026-10-08T02:48:39.666527+00:00,0.4172333837639478,0.20110957004160887,0.21612381372233894,1.0027202420669492,7,True,True,HIGH,True,BLOCKED,True,True,PASS,PASS,PASS,PASS,0.0,EVIDENCE_OR_CONTEXT_BLOCKED,NFL_REGIME_MARKET_NOT_RELIABLE;CANDIDATE_REGIME_NOT_SUPPORTED;PRODUCTION_MARKET_DISABLED;NO_VERIFIED_INCREMENTAL_MODEL_VALUE;HOLDOUT_SELECTS_MARKET_ONLY;NO_POSITIVE_SHRUNK_EV;CURRENT_INJURY_CONTEXT_NOT_FRESH;QB_UNCERTAINTY;HIGH_MARKET_DISAGREEMENT,VERIFIED_FRESH,ARCHIVED_PROVIDER_OPEN_CLOSE_NOT_TIMESTAMP_VERIFIED,-0.08651887143470442,0.04124587457582396,UNRELIABLE,MARKET_ONLY_PREFERRED,0.0,0.20110957004160887,0.0,-0.03467406380027749,1.0373943058672266,-0.007223763291724472,20.0,executable quote verified,False
2026,5,2026_05_SF_SEA,2026-10-11T20:25:00+00:00,SF,SEA,moneyline,away,FanDuel,,170,2026-10-08T02:48:39.666527+00:00,0.538278985708383,0.35527082119976705,0.1830081645086159,0.4533532614126341,7,True,True,HIGH,False,BLOCKED,True,False,LEAN,PASS,LEAN,PASS,0.0,EVIDENCE_OR_CONTEXT_BLOCKED,NFL_REGIME_MARKET_NOT_RELIABLE;CANDIDATE_REGIME_NOT_SUPPORTED;PRODUCTION_MARKET_DISABLED;NO_VERIFIED_INCREMENTAL_MODEL_VALUE;HOLDOUT_SELECTS_MARKET_ONLY;NO_POSITIVE_SHRUNK_EV;CURRENT_INJURY_CONTEXT_NOT_FRESH;HIGH_MARKET_DISAGREEMENT,VERIFIED_FRESH,ARCHIVED_PROVIDER_OPEN_CLOSE_NOT_TIMESTAMP_VERIFIED,-0.08651887143470442,0.04124587457582396,UNRELIABLE,MARKET_ONLY_PREFERRED,0.0,0.35527082119976705,0.0,-0.0407687827606289,0.494122044173263,-0.0150995491706033,18.3008,executable quote verified,False
2026,5,2026_05_BAL_ATL,2026-10-12T00:20:00+00:00,BAL,ATL,moneyline,away,ActionNetwork book 49,,154,2026-10-08T02:48:39.666527+00:00,0.5583343333171196,0.3788896651797711,0.1794446681373485,0.4181692066254836,7,True,True,HIGH,True,BLOCKED,True,False,BET,PASS,BET,PASS,0.0,EVIDENCE_OR_CONTEXT_BLOCKED,NFL_REGIME_MARKET_NOT_RELIABLE;CANDIDATE_REGIME_NOT_SUPPORTED;PRODUCTION_MARKET_DISABLED;NO_VERIFIED_INCREMENTAL_MODEL_VALUE;HOLDOUT_SELECTS_MARKET_ONLY;NO_POSITIVE_SHRUNK_EV;CURRENT_INJURY_CONTEXT_NOT_FRESH;HIGH_MARKET_DISAGREEMENT,VERIFIED_FRESH,ARCHIVED_PROVIDER_OPEN_CLOSE_NOT_TIMESTAMP_VERIFIED,-0.08651887143470442,0.04124587457582396,UNRELIABLE,MARKET_ONLY_PREFERRED,0.0,0.378889665179771,-5.551115123125783e-17,-0.037620250443381575,0.4557894570688652,-0.014811122221803696,17.9445,executable quote verified,False
2026,5,2026_05_TB_DAL,2026-10-09T00:15:00+00:00,TB,DAL,spread,away,BetRivers,8.5,-105,2026-10-08T02:48:39.666527+00:00,0.6684939222892364,0.4891657638136511,0.1793281584755853,0.30515480065993783,7,True,True,HIGH,True,BLOCKED,True,True,PASS,PASS,PASS,PASS,0.0,EVIDENCE_OR_CONTEXT_BLOCKED,NFL_REGIME_MARKET_NOT_RELIABLE;CANDIDATE_REGIME_NOT_SUPPORTED;PRODUCTION_MARKET_DISABLED;NO_VERIFIED_INCREMENTAL_MODEL_VALUE;HOLDOUT_SELECTS_MARKET_ONLY;NO_POSITIVE_SHRUNK_EV;CURRENT_INJURY_CONTEXT_NOT_FRESH;QB_UNCERTAINTY;HIGH_MARKET_DISAGREEMENT,VERIFIED_FRESH,ARCHIVED_PROVIDER_OPEN_CLOSE_NOT_TIMESTAMP_VERIFIED,-0.07935508022556773,0.008964014152309392,UNRELIABLE,MARKET_ONLY_PREFERRED,0.0,0.4891657638136511,0.0,-0.044962080173347796,0.3501168808332856,-0.0230293581375684,17.9328,executable quote verified,False
2026,5,2026_05_HOU_TEN,2026-10-11T17:00:00+00:00,HOU,TEN,spread,home,WynnBET,8.0,-112,2026-10-08T02:48:39.666527+00:00,0.6819735456776707,0.5032246968784934,0.1787488487991773,0.2908784971755909,7,True,True,HIGH,True,BLOCKED,True,False,STRONG,PASS,STRONG,PASS,0.0,EVIDENCE_OR_CONTEXT_BLOCKED,NFL_REGIME_MARKET_NOT_RELIABLE;CANDIDATE_REGIME_NOT_SUPPORTED;PRODUCTION_MARKET_DISABLED;NO_VERIFIED_INCREMENTAL_MODEL_VALUE;HOLDOUT_SELECTS_MARKET_ONLY;NO_POSITIVE_SHRUNK_EV;CURRENT_INJURY_CONTEXT_NOT_FRESH;HIGH_MARKET_DISAGREEMENT,VERIFIED_FRESH,ARCHIVED_PROVIDER_OPEN_CLOSE_NOT_TIMESTAMP_VERIFIED,-0.07935508022556773,0.008964014152309392,UNRELIABLE,MARKET_ONLY_PREFERRED,0.0,0.5032246968784934,0.0,-0.04746753805142334,0.33834603522701423,-0.025077189913959463,17.8749,executable quote verified,False
2026,5,2026_05_DET_ARI,2026-10-11T20:25:00+00:00,DET,ARI,moneyline,home,FanDuel,,310,2026-10-08T02:48:39.666527+00:00,0.4080140812208375,0.23409789548356588,0.1739161857372716,0.6728577330054335,7,True,True,HIGH,False,BLOCKED,True,False,PASS,PASS,PASS,PASS,0.0,EVIDENCE_OR_CONTEXT_BLOCKED,NFL_REGIME_MARKET_NOT_RELIABLE;CANDIDATE_REGIME_NOT_SUPPORTED;PRODUCTION_MARKET_DISABLED;NO_VERIFIED_INCREMENTAL_MODEL_VALUE;HOLDOUT_SELECTS_MARKET_ONLY;NO_POSITIVE_SHRUNK_EV;CURRENT_INJURY_CONTEXT_NOT_FRESH;HIGH_MARKET_DISAGREEMENT,VERIFIED_FRESH,ARCHIVED_PROVIDER_OPEN_CLOSE_NOT_TIMESTAMP_VERIFIED,-0.08651887143470442,0.04124587457582396,UNRELIABLE,MARKET_ONLY_PREFERRED,0.0,0.23409789548356588,0.0,-0.040198628517379986,0.7130563615228135,-0.009804543540824384,17.3916,executable quote verified,False
2026,5,2026_05_NYG_WAS,2026-10-11T17:00:00+00:00,NYG,WAS,spread,away,PointsBet,3.5,-104,2026-10-08T02:48:39.666527+00:00,0.6505796698016733,0.4850248160191682,0.16555485378250506,0.27613704461097455,7,True,True,HIGH,False,BLOCKED,True,True,PASS,PASS,PASS,PASS,0.0,EVIDENCE_OR_CONTEXT_BLOCKED,NFL_REGIME_MARKET_NOT_RELIABLE;CANDIDATE_REGIME_NOT_SUPPORTED;PRODUCTION_MARKET_DISABLED;NO_VERIFIED_INCREMENTAL_MODEL_VALUE;HOLDOUT_SELECTS_MARKET_ONLY;NO_POSITIVE_SHRUNK_EV;CURRENT_INJURY_CONTEXT_NOT_FRESH;QB_UNCERTAINTY;HIGH_MARKET_DISAGREEMENT,VERIFIED_FRESH,ARCHIVED_PROVIDER_OPEN_CLOSE_NOT_TIMESTAMP_VERIFIED,-0.07935508022556773,0.008964014152309392,UNRELIABLE,MARKET_ONLY_PREFERRED,0.0,0.4850248160191682,0.0,-0.04860516857778541,0.32474221318875995,-0.024779105549459224,16.5555,executable quote verified,False
2026,5,2026_05_HOU_TEN,2026-10-11T17:00:00+00:00,HOU,TEN,moneyline,home,Draft Kings,,310,2026-10-08T02:48:33.719906+00:00,0.39798327845088755,0.23409789548356588,0.16388538296732166,0.6317314416486388,7,True,True,HIGH,True,BLOCKED,True,False,PASS,PASS,PASS,PASS,0.0,EVIDENCE_OR_CONTEXT_BLOCKED,NFL_REGIME_MARKET_NOT_RELIABLE;CANDIDATE_REGIME_NOT_SUPPORTED;PRODUCTION_MARKET_DISABLED;NO_VERIFIED_INCREMENTAL_MODEL_VALUE;HOLDOUT_SELECTS_MARKET_ONLY;NO_POSITIVE_SHRUNK_EV;CURRENT_INJURY_CONTEXT_NOT_FRESH;HIGH_MARKET_DISAGREEMENT,VERIFIED_FRESH,ARCHIVED_PROVIDER_OPEN_CLOSE_NOT_TIMESTAMP_VERIFIED,-0.08651887143470442,0.04124587457582396,UNRELIABLE,MARKET_ONLY_PREFERRED,0.0,0.23409789548356588,0.0,-0.040198628517379986,0.6719300701660188,-0.009804543540824384,16.3885,executable quote verified,False
2026,5,2026_05_CHI_GB,2026-10-11T17:00:00+00:00,CHI,GB,moneyline,away,PointsBet,,-134,2026-10-08T02:48:39.666527+00:00,0.7050484892557163,0.5506567324679316,0.15439175678778472,0.23120407825251954,7,True,True,HIGH,True,BLOCKED,True,True,PASS,PASS,PASS,PASS,0.0,EVIDENCE_OR_CONTEXT_BLOCKED,NFL_REGIME_MARKET_NOT_RELIABLE;CANDIDATE_REGIME_NOT_SUPPORTED;PRODUCTION_MARKET_DISABLED;NO_VERIFIED_INCREMENTAL_MODEL_VALUE;HOLDOUT_SELECTS_MARKET_ONLY;NO_POSITIVE_SHRUNK_EV;CURRENT_INJURY_CONTEXT_NOT_FRESH;QB_UNCERTAINTY;HIGH_MARKET_DISAGREEMENT,VERIFIED_FRESH,ARCHIVED_PROVIDER_OPEN_CLOSE_NOT_TIMESTAMP_VERIFIED,-0.08651887143470442,0.04124587457582396,UNRELIABLE,MARKET_ONLY_PREFERRED,0.0,0.5506567324679316,0.0,-0.03840540748137322,0.26960948573389276,-0.02199284018164116,15.4392,executable quote verified,False
2026,5,2026_05_BUF_LA,2026-10-13T00:15:00+00:00,BUF,LA,total,under,BetRivers,54.5,-102,2026-10-08T02:48:39.666527+00:00,0.6256646208600043,0.4826358742837298,0.1430287465762745,0.23906130797765557,7,True,True,MEDIUM,False,BLOCKED,True,False,STRONG,PASS,STRONG,PASS,0.0,EVIDENCE_OR_CONTEXT_BLOCKED,NFL_REGIME_MARKET_NOT_RELIABLE;CANDIDATE_REGIME_NOT_SUPPORTED;PRODUCTION_MARKET_DISABLED;NO_VERIFIED_INCREMENTAL_MODEL_VALUE;HOLDOUT_SELECTS_MARKET_ONLY;NO_POSITIVE_SHRUNK_EV;CURRENT_INJURY_CONTEXT_NOT_FRESH,VERIFIED_FRESH,ARCHIVED_PROVIDER_OPEN_CLOSE_NOT_TIMESTAMP_VERIFIED,-0.07418782677373698,0.019800619820517996,UNRELIABLE,MARKET_ONLY_PREFERRED,0.0,0.4826358742837298,0.0,-0.044191699947907614,0.2832530079255632,-0.022314620765775173,14.3029,executable quote verified,False
2026,5,2026_05_HOU_TEN,2026-10-11T17:00:00+00:00,HOU,TEN,total,over,BetRivers,37.5,-108,2026-10-08T02:48:39.666527+00:00,0.6331402185461675,0.4956702459300312,0.13746997261613636,0.21938116164447097,6,True,True,MEDIUM,True,BLOCKED,True,False,STRONG,PASS,STRONG,PASS,0.0,EVIDENCE_OR_CONTEXT_BLOCKED,NFL_REGIME_MARKET_NOT_RELIABLE;CANDIDATE_REGIME_NOT_SUPPORTED;PRODUCTION_MARKET_DISABLED;NO_VERIFIED_INCREMENTAL_MODEL_VALUE;HOLDOUT_SELECTS_MARKET_ONLY;NO_POSITIVE_SHRUNK_EV;CURRENT_INJURY_CONTEXT_NOT_FRESH;HIGH_MARKET_DISAGREEMENT,VERIFIED_FRESH,ARCHIVED_PROVIDER_OPEN_CLOSE_NOT_TIMESTAMP_VERIFIED,-0.07418782677373698,0.019800619820517996,UNRELIABLE,MARKET_ONLY_PREFERRED,0.0,0.4956702459300312,0.0,-0.04537582265327322,0.2647569842977442,-0.02356052330073799,13.747,executable quote verified,False
2026,5,2026_05_MIN_NO,2026-10-11T17:00:00+00:00,MIN,NO,moneyline,away,FanDuel,,-125,2026-10-08T02:48:39.666527+00:00,0.6664596312595403,0.5324675324675325,0.1339920987920078,0.19962733626717255,7,True,True,HIGH,False,BLOCKED,True,False,STRONG,PASS,STRONG,PASS,0.0,EVIDENCE_OR_CONTEXT_BLOCKED,NFL_REGIME_MARKET_NOT_RELIABLE;CANDIDATE_REGIME_NOT_SUPPORTED;PRODUCTION_MARKET_DISABLED;NO_VERIFIED_INCREMENTAL_MODEL_VALUE;HOLDOUT_SELECTS_MARKET_ONLY;NO_POSITIVE_SHRUNK_EV;CURRENT_INJURY_CONTEXT_NOT_FRESH;HIGH_MARKET_DISAGREEMENT,VERIFIED_FRESH,ARCHIVED_PROVIDER_OPEN_CLOSE_NOT_TIMESTAMP_VERIFIED,-0.08651887143470442,0.04124587457582396,UNRELIABLE,MARKET_ONLY_PREFERRED,0.0,0.5324675324675325,0.0,-0.04155844155844146,0.241185777825614,-0.023088023088023046,13.3992,executable quote verified,False
2026,5,2026_05_BAL_ATL,2026-10-12T00:20:00+00:00,BAL,ATL,total,over,WynnBET,43.5,-109,2026-10-08T02:48:39.666527+00:00,0.6280184170635713,0.49677530312150653,0.13124311394206478,0.20418210244299462,7,True,True,MEDIUM,True,BLOCKED,True,False,STRONG,PASS,STRONG,PASS,0.0,EVIDENCE_OR_CONTEXT_BLOCKED,NFL_REGIME_MARKET_NOT_RELIABLE;CANDIDATE_REGIME_NOT_SUPPORTED;PRODUCTION_MARKET_DISABLED;NO_VERIFIED_INCREMENTAL_MODEL_VALUE;HOLDOUT_SELECTS_MARKET_ONLY;NO_POSITIVE_SHRUNK_EV;CURRENT_INJURY_CONTEXT_NOT_FRESH;HIGH_MARKET_DISAGREEMENT,VERIFIED_FRESH,ARCHIVED_PROVIDER_OPEN_CLOSE_NOT_TIMESTAMP_VERIFIED,-0.07418782677373698,0.019800619820517996,UNRELIABLE,MARKET_ONLY_PREFERRED,0.0,0.4967753031215066,5.551115123125783e-17,-0.04746753805142312,0.25164964049441774,-0.024755797356962317,13.1243,executable quote verified,False
2026,5,2026_05_BAL_ATL,2026-10-12T00:20:00+00:00,BAL,ATL,spread,away,Draft Kings,3.5,-110,2026-10-08T02:48:33.719906+00:00,0.6281001695290657,0.5,0.12810016952906567,0.19910032364639818,7,True,True,HIGH,True,BLOCKED,True,False,STRONG,PASS,STRONG,PASS,0.0,EVIDENCE_OR_CONTEXT_BLOCKED,NFL_REGIME_MARKET_NOT_RELIABLE;CANDIDATE_REGIME_NOT_SUPPORTED;PRODUCTION_MARKET_DISABLED;NO_VERIFIED_INCREMENTAL_MODEL_VALUE;HOLDOUT_SELECTS_MARKET_ONLY;NO_POSITIVE_SHRUNK_EV;CURRENT_INJURY_CONTEXT_NOT_FRESH;HIGH_MARKET_DISAGREEMENT,VERIFIED_FRESH,ARCHIVED_PROVIDER_OPEN_CLOSE_NOT_TIMESTAMP_VERIFIED,-0.07935508022556773,0.008964014152309392,UNRELIABLE,MARKET_ONLY_PREFERRED,0.0,0.5,0.0,-0.045454545454545414,0.2445548691009436,-0.023809523809523836,12.81,executable quote verified,False
2026,5,2026_05_DET_ARI,2026-10-11T20:25:00+00:00,DET,ARI,spread,home,WynnBET,5.5,-107,2026-10-08T02:48:39.666527+00:00,0.6181422892748651,0.4935039625828245,0.12463832669204067,0.1958453633635242,7,True,True,HIGH,True,BLOCKED,True,False,STRONG,PASS,STRONG,PASS,0.0,EVIDENCE_OR_CONTEXT_BLOCKED,NFL_REGIME_MARKET_NOT_RELIABLE;CANDIDATE_REGIME_NOT_SUPPORTED;PRODUCTION_MARKET_DISABLED;NO_VERIFIED_INCREMENTAL_MODEL_VALUE;HOLDOUT_SELECTS_MARKET_ONLY;NO_POSITIVE_SHRUNK_EV;CURRENT_INJURY_CONTEXT_NOT_FRESH;HIGH_MARKET_DISAGREEMENT,VERIFIED_FRESH,ARCHIVED_PROVIDER_OPEN_CLOSE_NOT_TIMESTAMP_VERIFIED,-0.07935508022556773,0.008964014152309392,UNRELIABLE,MARKET_ONLY_PREFERRED,0.0,0.4935039625828245,0.0,-0.045277380797713374,0.24112274416123758,-0.023404249977561964,12.4638,executable quote verified,False
2026,5,2026_05_CIN_MIA,2026-10-11T17:00:00+00:00,CIN,MIA,spread,home,PointsBet,6.5,-102,2026-10-08T02:48:39.666527+00:00,0.5954886751280677,0.48071979434447304,0.11476888078359465,0.17930110172421254,7,True,True,MEDIUM,False,BLOCKED,True,False,STRONG,PASS,STRONG,PASS,0.0,EVIDENCE_OR_CONTEXT_BLOCKED,NFL_REGIME_MARKET_NOT_RELIABLE;CANDIDATE_REGIME_NOT_SUPPORTED;PRODUCTION_MARKET_DISABLED;NO_VERIFIED_INCREMENTAL_MODEL_VALUE;HOLDOUT_SELECTS_MARKET_ONLY;NO_POSITIVE_SHRUNK_EV;CURRENT_INJURY_CONTEXT_NOT_FRESH,VERIFIED_FRESH,ARCHIVED_PROVIDER_OPEN_CLOSE_NOT_TIMESTAMP_VERIFIED,-0.07935508022556773,0.008964014152309392,UNRELIABLE,MARKET_ONLY_PREFERRED,0.0,0.48071979434447304,0.0,-0.04798628963153373,0.22728739135574627,-0.024230700705031916,11.4769,executable quote verified,False
2026,5,2026_05_LV_NE,2026-10-11T17:00:00+00:00,LV,NE,moneyline,away,BetMGM,,165,2026-10-08T02:48:39.666527+00:00,0.4749668017417481,0.3614457831325302,0.11352101860921793,0.25866202461563237,7,True,True,HIGH,True,BLOCKED,True,False,PASS,PASS,PASS,PASS,0.0,EVIDENCE_OR_CONTEXT_BLOCKED,NFL_REGIME_MARKET_NOT_RELIABLE;CANDIDATE_REGIME_NOT_SUPPORTED;PRODUCTION_MARKET_DISABLED;NO_VERIFIED_INCREMENTAL_MODEL_VALUE;HOLDOUT_SELECTS_MARKET_ONLY;NO_POSITIVE_SHRUNK_EV;CURRENT_INJURY_CONTEXT_NOT_FRESH;HIGH_MARKET_DISAGREEMENT,VERIFIED_FRESH,ARCHIVED_PROVIDER_OPEN_CLOSE_NOT_TIMESTAMP_VERIFIED,-0.08651887143470442,0.04124587457582396,UNRELIABLE,MARKET_ONLY_PREFERRED,0.0,0.3614457831325302,0.0,-0.04216867469879504,0.3008306993144274,-0.01591270743350759,11.3521,executable quote verified,False
2026,5,2026_05_BUF_LA,2026-10-13T00:15:00+00:00,BUF,LA,moneyline,away,FanDuel,,142,2026-10-08T02:48:39.666527+00:00,0.5068565811659571,0.3962430290578222,0.1106135521081349,0.22659292642161621,7,True,True,HIGH,False,BLOCKED,True,False,PASS,PASS,PASS,PASS,0.0,EVIDENCE_OR_CONTEXT_BLOCKED,NFL_REGIME_MARKET_NOT_RELIABLE;CANDIDATE_REGIME_NOT_SUPPORTED;PRODUCTION_MARKET_DISABLED;NO_VERIFIED_INCREMENTAL_MODEL_VALUE;HOLDOUT_SELECTS_MARKET_ONLY;NO_POSITIVE_SHRUNK_EV;CURRENT_INJURY_CONTEXT_NOT_FRESH;HIGH_MARKET_DISAGREEMENT,VERIFIED_FRESH,ARCHIVED_PROVIDER_OPEN_CLOSE_NOT_TIMESTAMP_VERIFIED,-0.08651887143470442,0.04124587457582396,UNRELIABLE,MARKET_ONLY_PREFERRED,0.0,0.39624302905782227,5.551115123125783e-17,-0.04109186968007017,0.2676847961016864,-0.016980111438045564,11.0614,executable quote verified,False
2026,5,2026_05_NYG_WAS,2026-10-11T17:00:00+00:00,NYG,WAS,total,over,BetMGM,42.5,-108,2026-10-08T02:48:39.666527+00:00,0.6080633611967765,0.4978050921861282,0.11025826901064834,0.17108499193453253,7,True,True,MEDIUM,True,BLOCKED,True,True,PASS,PASS,PASS,PASS,0.0,EVIDENCE_OR_CONTEXT_BLOCKED,NFL_REGIME_MARKET_NOT_RELIABLE;CANDIDATE_REGIME_NOT_SUPPORTED;PRODUCTION_MARKET_DISABLED;NO_VERIFIED_INCREMENTAL_MODEL_VALUE;HOLDOUT_SELECTS_MARKET_ONLY;NO_POSITIVE_SHRUNK_EV;CURRENT_INJURY_CONTEXT_NOT_FRESH;QB_UNCERTAINTY;HIGH_MARKET_DISAGREEMENT,VERIFIED_FRESH,ARCHIVED_PROVIDER_OPEN_CLOSE_NOT_TIMESTAMP_VERIFIED,-0.07418782677373698,0.019800619820517996,UNRELIABLE,MARKET_ONLY_PREFERRED,0.0,0.4978050921861281,-5.551115123125783e-17,-0.041264266900790214,0.21234925883532274,-0.02142567704464099,11.0258,executable quote verified,False
2026,5,2026_05_SF_SEA,2026-10-11T20:25:00+00:00,SF,SEA,spread,away,BetRivers,2.5,102,2026-10-08T02:48:39.666527+00:00,0.583247216983518,0.47391341473828025,0.10933380224523775,0.17815937830670636,7,True,True,MEDIUM,False,BLOCKED,True,False,STRONG,PASS,STRONG,PASS,0.0,EVIDENCE_OR_CONTEXT_BLOCKED,NFL_REGIME_MARKET_NOT_RELIABLE;CANDIDATE_REGIME_NOT_SUPPORTED;PRODUCTION_MARKET_DISABLED;NO_VERIFIED_INCREMENTAL_MODEL_VALUE;HOLDOUT_SELECTS_MARKET_ONLY;NO_POSITIVE_SHRUNK_EV;CURRENT_INJURY_CONTEXT_NOT_FRESH,VERIFIED_FRESH,ARCHIVED_PROVIDER_OPEN_CLOSE_NOT_TIMESTAMP_VERIFIED,-0.07935508022556773,0.008964014152309392,UNRELIABLE,MARKET_ONLY_PREFERRED,0.0,0.4739134147382802,-5.551115123125783e-17,-0.042694902228674,0.22085428053538037,-0.021136090212214798,10.9334,executable quote verified,False
2026,5,2026_05_IND_PIT,2026-10-11T17:00:00+00:00,IND,PIT,moneyline,away,Draft Kings,,124,2026-10-08T02:48:33.719906+00:00,0.5352607887557066,0.4279403644395361,0.1073204243161705,0.19898416681278297,7,True,True,HIGH,False,BLOCKED,True,False,LEAN,PASS,LEAN,PASS,0.0,EVIDENCE_OR_CONTEXT_BLOCKED,NFL_REGIME_MARKET_NOT_RELIABLE;CANDIDATE_REGIME_NOT_SUPPORTED;PRODUCTION_MARKET_DISABLED;NO_VERIFIED_INCREMENTAL_MODEL_VALUE;HOLDOUT_SELECTS_MARKET_ONLY;NO_POSITIVE_SHRUNK_EV;CURRENT_INJURY_CONTEXT_NOT_FRESH;HIGH_MARKET_DISAGREEMENT,VERIFIED_FRESH,ARCHIVED_PROVIDER_OPEN_CLOSE_NOT_TIMESTAMP_VERIFIED,-0.08651887143470442,0.04124587457582396,UNRELIABLE,MARKET_ONLY_PREFERRED,0.0,0.42794036443953615,5.551115123125783e-17,-0.0414135836554389,0.24039775046822187,-0.018488206989035305,10.732,executable quote verified,False
2026,5,2026_05_CLE_NYJ,2026-10-11T17:00:00+00:00,CLE,NYJ,total,over,FanDuel,39.5,-110,2026-10-08T02:48:39.666527+00:00,0.6030734386289915,0.5,0.10307343862899154,0.15132201920080202,7,True,True,MEDIUM,False,BLOCKED,True,False,STRONG,PASS,STRONG,PASS,0.0,EVIDENCE_OR_CONTEXT_BLOCKED,NFL_REGIME_MARKET_NOT_RELIABLE;CANDIDATE_REGIME_NOT_SUPPORTED;PRODUCTION_MARKET_DISABLED;NO_VERIFIED_INCREMENTAL_MODEL_VALUE;HOLDOUT_SELECTS_MARKET_ONLY;NO_POSITIVE_SHRUNK_EV;CURRENT_INJURY_CONTEXT_NOT_FRESH,VERIFIED_FRESH,ARCHIVED_PROVIDER_OPEN_CLOSE_NOT_TIMESTAMP_VERIFIED,-0.07418782677373698,0.019800619820517996,UNRELIABLE,MARKET_ONLY_PREFERRED,0.0,0.5,0.0,-0.045454545454545414,0.19677656465534743,-0.023809523809523836,10.3073,executable quote verified,False
2026,5,2026_05_IND_PIT,2026-10-11T17:00:00+00:00,IND,PIT,total,over,PointsBet,44.5,-102,2026-10-08T02:48:39.666527+00:00,0.5797895690365313,0.48071979434447304,0.0990697746920583,0.14821071515077788,7,True,True,MEDIUM,True,BLOCKED,True,False,STRONG,PASS,STRONG,PASS,0.0,EVIDENCE_OR_CONTEXT_BLOCKED,NFL_REGIME_MARKET_NOT_RELIABLE;CANDIDATE_REGIME_NOT_SUPPORTED;PRODUCTION_MARKET_DISABLED;NO_VERIFIED_INCREMENTAL_MODEL_VALUE;HOLDOUT_SELECTS_MARKET_ONLY;NO_POSITIVE_SHRUNK_EV;CURRENT_INJURY_CONTEXT_NOT_FRESH;HIGH_MARKET_DISAGREEMENT,VERIFIED_FRESH,ARCHIVED_PROVIDER_OPEN_CLOSE_NOT_TIMESTAMP_VERIFIED,-0.07418782677373698,0.019800619820517996,UNRELIABLE,MARKET_ONLY_PREFERRED,0.0,0.48071979434447304,0.0,-0.04798628963153373,0.1961970047823116,-0.024230700705031916,9.907,executable quote verified,False
2026,5,2026_05_TB_DAL,2026-10-09T00:15:00+00:00,TB,DAL,total,over,WynnBET,47.5,-109,2026-10-08T02:48:39.666527+00:00,0.594093406951576,0.49891020052310364,0.09518320642847233,0.1391332298429302,7,True,True,MEDIUM,True,BLOCKED,True,True,PASS,PASS,PASS,PASS,0.0,EVIDENCE_OR_CONTEXT_BLOCKED,NFL_REGIME_MARKET_NOT_RELIABLE;CANDIDATE_REGIME_NOT_SUPPORTED;PRODUCTION_MARKET_DISABLED;NO_VERIFIED_INCREMENTAL_MODEL_VALUE;HOLDOUT_SELECTS_MARKET_ONLY;NO_POSITIVE_SHRUNK_EV;CURRENT_INJURY_CONTEXT_NOT_FRESH;QB_UNCERTAINTY;HIGH_MARKET_DISAGREEMENT,VERIFIED_FRESH,ARCHIVED_PROVIDER_OPEN_CLOSE_NOT_TIMESTAMP_VERIFIED,-0.07418782677373698,0.019800619820517996,UNRELIABLE,MARKET_ONLY_PREFERRED,0.0,0.49891020052310364,0.0,-0.04337401918047101,0.1825072490234012,-0.022620899955365203,9.5183,executable quote verified,False
2026,5,2026_05_IND_PIT,2026-10-11T17:00:00+00:00,IND,PIT,spread,away,BetRivers,2.5,-105,2026-10-08T02:48:39.666527+00:00,0.5809386722474219,0.4891657638136511,0.09177290843377078,0.13421359819734757,7,True,True,MEDIUM,False,BLOCKED,True,False,STRONG,PASS,STRONG,PASS,0.0,EVIDENCE_OR_CONTEXT_BLOCKED,NFL_REGIME_MARKET_NOT_RELIABLE;CANDIDATE_REGIME_NOT_SUPPORTED;PRODUCTION_MARKET_DISABLED;NO_VERIFIED_INCREMENTAL_MODEL_VALUE;HOLDOUT_SELECTS_MARKET_ONLY;NO_POSITIVE_SHRUNK_EV;CURRENT_INJURY_CONTEXT_NOT_FRESH,VERIFIED_FRESH,ARCHIVED_PROVIDER_OPEN_CLOSE_NOT_TIMESTAMP_VERIFIED,-0.07935508022556773,0.008964014152309392,UNRELIABLE,MARKET_ONLY_PREFERRED,0.0,0.4891657638136511,0.0,-0.044962080173347796,0.17917567837069537,-0.0230293581375684,9.1773,executable quote verified,False
2026,5,2026_05_CHI_GB,2026-10-11T17:00:00+00:00,CHI,GB,spread,away,BetMGM,-2.0,-110,2026-10-08T02:48:39.666527+00:00,0.5842096409563553,0.5021949078138719,0.08201473314248342,0.11530931455304194,7,True,True,MEDIUM,True,BLOCKED,True,True,PASS,PASS,PASS,PASS,0.0,EVIDENCE_OR_CONTEXT_BLOCKED,NFL_REGIME_MARKET_NOT_RELIABLE;CANDIDATE_REGIME_NOT_SUPPORTED;PRODUCTION_MARKET_DISABLED;NO_VERIFIED_INCREMENTAL_MODEL_VALUE;HOLDOUT_SELECTS_MARKET_ONLY;NO_POSITIVE_SHRUNK_EV;CURRENT_INJURY_CONTEXT_NOT_FRESH;QB_UNCERTAINTY;HIGH_MARKET_DISAGREEMENT,VERIFIED_FRESH,ARCHIVED_PROVIDER_OPEN_CLOSE_NOT_TIMESTAMP_VERIFIED,-0.07935508022556773,0.008964014152309392,UNRELIABLE,MARKET_ONLY_PREFERRED,0.0,0.5021949078138718,-1.1102230246251565e-16,-0.041264266900790214,0.15657358145383216,-0.021614615995651953,8.2015,executable quote verified,False
2026,5,2026_05_MIN_NO,2026-10-11T17:00:00+00:00,MIN,NO,total,over,ActionNetwork book 49,42.0,-107,2026-10-08T02:48:39.666527+00:00,0.5751084107052831,0.4935039625828245,0.0816044481224586,0.112592906691529,7,True,True,LOW,False,BLOCKED,True,False,STRONG,PASS,STRONG,PASS,0.0,EVIDENCE_OR_CONTEXT_BLOCKED,NFL_REGIME_MARKET_NOT_RELIABLE;CANDIDATE_REGIME_NOT_SUPPORTED;PRODUCTION_MARKET_DISABLED;NO_VERIFIED_INCREMENTAL_MODEL_VALUE;HOLDOUT_SELECTS_MARKET_ONLY;NO_POSITIVE_SHRUNK_EV;CURRENT_INJURY_CONTEXT_NOT_FRESH,VERIFIED_FRESH,ARCHIVED_PROVIDER_OPEN_CLOSE_NOT_TIMESTAMP_VERIFIED,-0.07418782677373698,0.019800619820517996,UNRELIABLE,MARKET_ONLY_PREFERRED,0.0,0.4935039625828245,0.0,-0.045277380797713374,0.15787028748924237,-0.023404249977561964,8.1604,executable quote verified,False
2026,5,2026_05_CIN_MIA,2026-10-11T17:00:00+00:00,CIN,MIA,moneyline,home,ActionNetwork book 49,,265,2026-10-08T02:48:39.666527+00:00,0.3426325478630285,0.26240386065450155,0.08022868720852694,0.2506087997000539,7,True,True,MEDIUM,False,BLOCKED,True,False,PASS,PASS,PASS,PASS,0.0,EVIDENCE_OR_CONTEXT_BLOCKED,NFL_REGIME_MARKET_NOT_RELIABLE;CANDIDATE_REGIME_NOT_SUPPORTED;PRODUCTION_MARKET_DISABLED;NO_VERIFIED_INCREMENTAL_MODEL_VALUE;HOLDOUT_SELECTS_MARKET_ONLY;NO_POSITIVE_SHRUNK_EV;CURRENT_INJURY_CONTEXT_NOT_FRESH,VERIFIED_FRESH,ARCHIVED_PROVIDER_OPEN_CLOSE_NOT_TIMESTAMP_VERIFIED,-0.08651887143470442,0.04124587457582396,UNRELIABLE,MARKET_ONLY_PREFERRED,0.0,0.26240386065450155,0.0,-0.04222590861106934,0.29283470831112324,-0.01156874208522446,8.0229,executable quote verified,False
2026,5,2026_05_CLE_NYJ,2026-10-11T17:00:00+00:00,CLE,NYJ,moneyline,away,ActionNetwork book 49,,113,2026-10-08T02:48:39.666527+00:00,0.5205656779447208,0.44593088071348946,0.07463479723123129,0.10880489402225524,7,True,True,MEDIUM,False,BLOCKED,True,False,LEAN,PASS,LEAN,PASS,0.0,EVIDENCE_OR_CONTEXT_BLOCKED,NFL_REGIME_MARKET_NOT_RELIABLE;CANDIDATE_REGIME_NOT_SUPPORTED;PRODUCTION_MARKET_DISABLED;NO_VERIFIED_INCREMENTAL_MODEL_VALUE;HOLDOUT_SELECTS_MARKET_ONLY;NO_POSITIVE_SHRUNK_EV;CURRENT_INJURY_CONTEXT_NOT_FRESH,VERIFIED_FRESH,ARCHIVED_PROVIDER_OPEN_CLOSE_NOT_TIMESTAMP_VERIFIED,-0.08651887143470442,0.04124587457582396,UNRELIABLE,MARKET_ONLY_PREFERRED,0.0,0.44593088071348946,0.0,-0.050167224080267525,0.15897211810252276,-0.02355268736162791,7.4635,executable quote verified,False
2026,5,2026_05_BUF_LA,2026-10-13T00:15:00+00:00,BUF,LA,spread,away,PointsBet,3.0,-110,2026-10-08T02:48:39.666527+00:00,0.5743374800768506,0.5,0.07433748007685059,0.0964624619648966,7,True,True,MEDIUM,False,BLOCKED,True,False,STRONG,PASS,STRONG,PASS,0.0,EVIDENCE_OR_CONTEXT_BLOCKED,NFL_REGIME_MARKET_NOT_RELIABLE;CANDIDATE_REGIME_NOT_SUPPORTED;PRODUCTION_MARKET_DISABLED;NO_VERIFIED_INCREMENTAL_MODEL_VALUE;HOLDOUT_SELECTS_MARKET_ONLY;NO_POSITIVE_SHRUNK_EV;CURRENT_INJURY_CONTEXT_NOT_FRESH,VERIFIED_FRESH,ARCHIVED_PROVIDER_OPEN_CLOSE_NOT_TIMESTAMP_VERIFIED,-0.07935508022556773,0.008964014152309392,UNRELIABLE,MARKET_ONLY_PREFERRED,0.0,0.5,0.0,-0.045454545454545414,0.14191700741944202,-0.023809523809523836,7.4337,executable quote verified,False
2026,5,2026_05_LV_NE,2026-10-11T17:00:00+00:00,LV,NE,spread,away,PointsBet,3.5,-106,2026-10-08T02:48:39.666527+00:00,0.5650720500155221,0.49133599029630914,0.07373605971921293,0.09815888965280717,7,True,True,MEDIUM,True,BLOCKED,True,False,BET,PASS,BET,PASS,0.0,EVIDENCE_OR_CONTEXT_BLOCKED,NFL_REGIME_MARKET_NOT_RELIABLE;CANDIDATE_REGIME_NOT_SUPPORTED;PRODUCTION_MARKET_DISABLED;NO_VERIFIED_INCREMENTAL_MODEL_VALUE;HOLDOUT_SELECTS_MARKET_ONLY;NO_POSITIVE_SHRUNK_EV;CURRENT_INJURY_CONTEXT_NOT_FRESH;HIGH_MARKET_DISAGREEMENT,VERIFIED_FRESH,ARCHIVED_PROVIDER_OPEN_CLOSE_NOT_TIMESTAMP_VERIFIED,-0.07935508022556773,0.008964014152309392,UNRELIABLE,MARKET_ONLY_PREFERRED,0.0,0.4913359902963092,5.551115123125783e-17,-0.045139490556229234,0.1432983802090364,-0.023227116499807354,7.3736,executable quote verified,False
2026,5,2026_05_CLE_NYJ,2026-10-11T17:00:00+00:00,CLE,NYJ,spread,away,WynnBET,2.5,-110,2026-10-08T02:48:39.666527+00:00,0.5696855169677015,0.5010897994768962,0.06859571749080529,0.08758144148379388,7,True,True,LOW,False,BLOCKED,True,False,BET,PASS,BET,PASS,0.0,EVIDENCE_OR_CONTEXT_BLOCKED,NFL_REGIME_MARKET_NOT_RELIABLE;CANDIDATE_REGIME_NOT_SUPPORTED;PRODUCTION_MARKET_DISABLED;NO_VERIFIED_INCREMENTAL_MODEL_VALUE;HOLDOUT_SELECTS_MARKET_ONLY;NO_POSITIVE_SHRUNK_EV;CURRENT_INJURY_CONTEXT_NOT_FRESH,VERIFIED_FRESH,ARCHIVED_PROVIDER_OPEN_CLOSE_NOT_TIMESTAMP_VERIFIED,-0.07935508022556773,0.008964014152309392,UNRELIABLE,MARKET_ONLY_PREFERRED,0.0,0.5010897994768962,0.0,-0.04337401918047079,0.13095546066426467,-0.02271972433262759,6.8596,executable quote verified,False
2026,5,2026_05_CIN_MIA,2026-10-11T17:00:00+00:00,CIN,MIA,total,over,ActionNetwork book 49,42.5,-108,2026-10-08T02:48:39.666527+00:00,0.5641319337909386,0.4956702459300312,0.06846168786090745,0.08647631693069657,7,True,True,LOW,True,BLOCKED,True,False,BET,PASS,BET,PASS,0.0,EVIDENCE_OR_CONTEXT_BLOCKED,NFL_REGIME_MARKET_NOT_RELIABLE;CANDIDATE_REGIME_NOT_SUPPORTED;PRODUCTION_MARKET_DISABLED;NO_VERIFIED_INCREMENTAL_MODEL_VALUE;HOLDOUT_SELECTS_MARKET_ONLY;NO_POSITIVE_SHRUNK_EV;CURRENT_INJURY_CONTEXT_NOT_FRESH;HIGH_MARKET_DISAGREEMENT,VERIFIED_FRESH,ARCHIVED_PROVIDER_OPEN_CLOSE_NOT_TIMESTAMP_VERIFIED,-0.07418782677373698,0.019800619820517996,UNRELIABLE,MARKET_ONLY_PREFERRED,0.0,0.4956702459300312,0.0,-0.04537582265327322,0.1318521395839698,-0.02356052330073799,6.8462,executable quote verified,False
2026,5,2026_05_MIN_NO,2026-10-11T17:00:00+00:00,MIN,NO,spread,away,FanDuel,-1.5,-110,2026-10-08T02:48:39.666527+00:00,0.5651177394125879,0.5,0.06511773941258792,0.07886113887857693,7,True,True,LOW,False,BLOCKED,True,False,BET,PASS,BET,PASS,0.0,EVIDENCE_OR_CONTEXT_BLOCKED,NFL_REGIME_MARKET_NOT_RELIABLE;CANDIDATE_REGIME_NOT_SUPPORTED;PRODUCTION_MARKET_DISABLED;NO_VERIFIED_INCREMENTAL_MODEL_VALUE;HOLDOUT_SELECTS_MARKET_ONLY;NO_POSITIVE_SHRUNK_EV;CURRENT_INJURY_CONTEXT_NOT_FRESH,VERIFIED_FRESH,ARCHIVED_PROVIDER_OPEN_CLOSE_NOT_TIMESTAMP_VERIFIED,-0.07935508022556773,0.008964014152309392,UNRELIABLE,MARKET_ONLY_PREFERRED,0.0,0.5,0.0,-0.045454545454545414,0.12431568433312234,-0.023809523809523836,6.5118,executable quote verified,False
2026,5,2026_05_SF_SEA,2026-10-11T20:25:00+00:00,SF,SEA,total,under,FanDuel,48.5,-110,2026-10-08T02:48:39.666527+00:00,0.5650385935947457,0.5,0.06503859359474573,0.07871004231724199,7,True,True,LOW,False,BLOCKED,True,False,BET,PASS,BET,PASS,0.0,EVIDENCE_OR_CONTEXT_BLOCKED,NFL_REGIME_MARKET_NOT_RELIABLE;CANDIDATE_REGIME_NOT_SUPPORTED;PRODUCTION_MARKET_DISABLED;NO_VERIFIED_INCREMENTAL_MODEL_VALUE;HOLDOUT_SELECTS_MARKET_ONLY;NO_POSITIVE_SHRUNK_EV;CURRENT_INJURY_CONTEXT_NOT_FRESH,VERIFIED_FRESH,ARCHIVED_PROVIDER_OPEN_CLOSE_NOT_TIMESTAMP_VERIFIED,-0.07418782677373698,0.019800619820517996,UNRELIABLE,MARKET_ONLY_PREFERRED,0.0,0.5,0.0,-0.045454545454545414,0.1241645877717874,-0.023809523809523836,6.5039,executable quote verified,False
2026,5,2026_05_PHI_JAX,2026-10-11T13:30:00+00:00,PHI,JAX,moneyline,away,WynnBET,,320,2026-10-08T02:48:39.666527+00:00,0.28444003100739024,0.2276707530647986,0.05676927794259165,0.194648130231039,7,True,True,LOW,True,BLOCKED,True,False,PASS,PASS,PASS,PASS,0.0,EVIDENCE_OR_CONTEXT_BLOCKED,NFL_REGIME_MARKET_NOT_RELIABLE;CANDIDATE_REGIME_NOT_SUPPORTED;PRODUCTION_MARKET_DISABLED;NO_VERIFIED_INCREMENTAL_MODEL_VALUE;HOLDOUT_SELECTS_MARKET_ONLY;NO_POSITIVE_SHRUNK_EV;CURRENT_INJURY_CONTEXT_NOT_FRESH;HIGH_MARKET_DISAGREEMENT,VERIFIED_FRESH,ARCHIVED_PROVIDER_OPEN_CLOSE_NOT_TIMESTAMP_VERIFIED,-0.08651887143470442,0.04124587457582396,UNRELIABLE,MARKET_ONLY_PREFERRED,0.0,0.2276707530647986,0.0,-0.04378283712784592,0.23843096735888492,-0.010424485030439495,5.6769,executable quote verified,False
2026,5,2026_05_DEN_LAC,2026-10-11T20:05:00+00:00,DEN,LAC,spread,home,WynnBET,3.5,-108,2026-10-08T02:48:39.666527+00:00,0.5542126479187912,0.4978050921861282,0.05640755573266304,0.06737250710285725,7,True,True,LOW,True,BLOCKED,True,False,BET,PASS,BET,PASS,0.0,EVIDENCE_OR_CONTEXT_BLOCKED,NFL_REGIME_MARKET_NOT_RELIABLE;CANDIDATE_REGIME_NOT_SUPPORTED;PRODUCTION_MARKET_DISABLED;NO_VERIFIED_INCREMENTAL_MODEL_VALUE;HOLDOUT_SELECTS_MARKET_ONLY;NO_POSITIVE_SHRUNK_EV;CURRENT_INJURY_CONTEXT_NOT_FRESH;HIGH_MARKET_DISAGREEMENT,VERIFIED_FRESH,ARCHIVED_PROVIDER_OPEN_CLOSE_NOT_TIMESTAMP_VERIFIED,-0.07935508022556773,0.008964014152309392,UNRELIABLE,MARKET_ONLY_PREFERRED,0.0,0.4978050921861281,-5.551115123125783e-17,-0.041264266900790214,0.10863677400364746,-0.02142567704464099,5.6408,executable quote verified,False
2026,5,2026_05_LV_NE,2026-10-11T17:00:00+00:00,LV,NE,total,under,Draft Kings,45.5,-110,2026-10-08T02:48:33.719906+00:00,0.5508828501187935,0.5,0.050882850118793455,0.051685441135878474,7,True,True,LOW,False,BLOCKED,True,False,BET,PASS,BET,PASS,0.0,EVIDENCE_OR_CONTEXT_BLOCKED,NFL_REGIME_MARKET_NOT_RELIABLE;CANDIDATE_REGIME_NOT_SUPPORTED;PRODUCTION_MARKET_DISABLED;NO_VERIFIED_INCREMENTAL_MODEL_VALUE;HOLDOUT_SELECTS_MARKET_ONLY;NO_POSITIVE_SHRUNK_EV;CURRENT_INJURY_CONTEXT_NOT_FRESH,VERIFIED_FRESH,ARCHIVED_PROVIDER_OPEN_CLOSE_NOT_TIMESTAMP_VERIFIED,-0.07418782677373698,0.019800619820517996,UNRELIABLE,MARKET_ONLY_PREFERRED,0.0,0.5,0.0,-0.045454545454545414,0.09713998659042389,-0.023809523809523836,5.0883,executable quote verified,False
2026,5,2026_05_DET_ARI,2026-10-11T20:25:00+00:00,DET,ARI,total,under,BetRivers,54.5,-105,2026-10-08T02:48:39.666527+00:00,0.5391302349793581,0.4891657638136511,0.04996447116570696,0.052587601626365776,7,True,True,LOW,True,BLOCKED,True,False,LEAN,PASS,LEAN,PASS,0.0,EVIDENCE_OR_CONTEXT_BLOCKED,NFL_REGIME_MARKET_NOT_RELIABLE;CANDIDATE_REGIME_NOT_SUPPORTED;PRODUCTION_MARKET_DISABLED;NO_VERIFIED_INCREMENTAL_MODEL_VALUE;HOLDOUT_SELECTS_MARKET_ONLY;NO_POSITIVE_SHRUNK_EV;CURRENT_INJURY_CONTEXT_NOT_FRESH;HIGH_MARKET_DISAGREEMENT,VERIFIED_FRESH,ARCHIVED_PROVIDER_OPEN_CLOSE_NOT_TIMESTAMP_VERIFIED,-0.07418782677373698,0.019800619820517996,UNRELIABLE,MARKET_ONLY_PREFERRED,0.0,0.4891657638136511,0.0,-0.044962080173347796,0.09754968179971357,-0.0230293581375684,4.9964,executable quote verified,False
2026,5,2026_05_PHI_JAX,2026-10-11T13:30:00+00:00,PHI,JAX,total,over,WynnBET,41.5,-109,2026-10-08T02:48:39.666527+00:00,0.547434105187039,0.49891020052310364,0.04852390466393541,0.04966722921184563,7,True,True,LOW,False,BLOCKED,True,False,BET,PASS,BET,PASS,0.0,EVIDENCE_OR_CONTEXT_BLOCKED,NFL_REGIME_MARKET_NOT_RELIABLE;CANDIDATE_REGIME_NOT_SUPPORTED;PRODUCTION_MARKET_DISABLED;NO_VERIFIED_INCREMENTAL_MODEL_VALUE;HOLDOUT_SELECTS_MARKET_ONLY;NO_POSITIVE_SHRUNK_EV;CURRENT_INJURY_CONTEXT_NOT_FRESH,VERIFIED_FRESH,ARCHIVED_PROVIDER_OPEN_CLOSE_NOT_TIMESTAMP_VERIFIED,-0.07418782677373698,0.019800619820517996,UNRELIABLE,MARKET_ONLY_PREFERRED,0.0,0.49891020052310364,0.0,-0.04337401918047101,0.09304124839231664,-0.022620899955365203,4.8524,executable quote verified,False
2026,5,2026_05_DEN_LAC,2026-10-11T20:05:00+00:00,DEN,LAC,total,under,FanDuel,44.5,-110,2026-10-08T02:48:39.666527+00:00,0.5473652536616757,0.5,0.047365253661675655,0.04497002971774444,7,True,True,LOW,False,BLOCKED,True,False,BET,PASS,BET,PASS,0.0,EVIDENCE_OR_CONTEXT_BLOCKED,NFL_REGIME_MARKET_NOT_RELIABLE;CANDIDATE_REGIME_NOT_SUPPORTED;PRODUCTION_MARKET_DISABLED;NO_VERIFIED_INCREMENTAL_MODEL_VALUE;HOLDOUT_SELECTS_MARKET_ONLY;NO_POSITIVE_SHRUNK_EV;CURRENT_INJURY_CONTEXT_NOT_FRESH,VERIFIED_FRESH,ARCHIVED_PROVIDER_OPEN_CLOSE_NOT_TIMESTAMP_VERIFIED,-0.07418782677373698,0.019800619820517996,UNRELIABLE,MARKET_ONLY_PREFERRED,0.0,0.5,0.0,-0.045454545454545414,0.09042457517228986,-0.023809523809523836,4.7365,executable quote verified,False
2026,5,2026_05_DEN_LAC,2026-10-11T20:05:00+00:00,DEN,LAC,moneyline,home,WynnBET,,155,2026-10-08T02:48:39.666527+00:00,0.40308846110633406,0.37443511943189156,0.0286533416744425,0.027875575821151743,7,True,True,LOW,True,BLOCKED,True,False,PASS,PASS,PASS,PASS,0.0,EVIDENCE_OR_CONTEXT_BLOCKED,NFL_REGIME_MARKET_NOT_RELIABLE;CANDIDATE_REGIME_NOT_SUPPORTED;PRODUCTION_MARKET_DISABLED;NO_VERIFIED_INCREMENTAL_MODEL_VALUE;HOLDOUT_SELECTS_MARKET_ONLY;NO_POSITIVE_SHRUNK_EV;CURRENT_INJURY_CONTEXT_NOT_FRESH;HIGH_MARKET_DISAGREEMENT,VERIFIED_FRESH,ARCHIVED_PROVIDER_OPEN_CLOSE_NOT_TIMESTAMP_VERIFIED,-0.08651887143470442,0.04124587457582396,UNRELIABLE,MARKET_ONLY_PREFERRED,0.0,0.3744351194318916,5.551115123125783e-17,-0.04519044544867645,0.0730660212698282,-0.01772174331320653,2.8653,executable quote verified,False
2026,5,2026_05_PHI_JAX,2026-10-11T13:30:00+00:00,PHI,JAX,spread,away,BetMGM,7.5,-110,2026-10-08T02:48:39.666527+00:00,0.5286966610887831,0.5021949078138719,0.02650175327491122,0.00932998935131324,6,True,True,LOW,True,BLOCKED,True,False,PASS,PASS,PASS,PASS,0.0,EVIDENCE_OR_CONTEXT_BLOCKED,NFL_REGIME_MARKET_NOT_RELIABLE;CANDIDATE_REGIME_NOT_SUPPORTED;PRODUCTION_MARKET_DISABLED;NO_VERIFIED_INCREMENTAL_MODEL_VALUE;HOLDOUT_SELECTS_MARKET_ONLY;NO_POSITIVE_SHRUNK_EV;CURRENT_INJURY_CONTEXT_NOT_FRESH;HIGH_MARKET_DISAGREEMENT,VERIFIED_FRESH,ARCHIVED_PROVIDER_OPEN_CLOSE_NOT_TIMESTAMP_VERIFIED,-0.07935508022556773,0.008964014152309392,UNRELIABLE,MARKET_ONLY_PREFERRED,0.0,0.5021949078138718,-1.1102230246251565e-16,-0.041264266900790214,0.05059425625210345,-0.021614615995651953,2.6502,executable quote verified,False
2026,5,2026_05_CHI_GB,2026-10-11T17:00:00+00:00,CHI,GB,total,over,PointsBet,45.5,-110,2026-10-08T02:48:39.666527+00:00,0.5238537144309534,0.5,0.02385371443095341,8.436391363830786e-05,7,True,True,LOW,True,BLOCKED,True,True,PASS,PASS,PASS,PASS,0.0,EVIDENCE_OR_CONTEXT_BLOCKED,NFL_REGIME_MARKET_NOT_RELIABLE;CANDIDATE_REGIME_NOT_SUPPORTED;PRODUCTION_MARKET_DISABLED;NO_VERIFIED_INCREMENTAL_MODEL_VALUE;HOLDOUT_SELECTS_MARKET_ONLY;NO_POSITIVE_SHRUNK_EV;CURRENT_INJURY_CONTEXT_NOT_FRESH;QB_UNCERTAINTY;HIGH_MARKET_DISAGREEMENT,VERIFIED_FRESH,ARCHIVED_PROVIDER_OPEN_CLOSE_NOT_TIMESTAMP_VERIFIED,-0.07418782677373698,0.019800619820517996,UNRELIABLE,MARKET_ONLY_PREFERRED,0.0,0.5,0.0,-0.045454545454545414,0.04553890936818372,-0.023809523809523836,2.3854,executable quote verified,False
