sport,rank,game_id,kickoff,away_team,home_team,market,side,line,american_odds,book,quoted_at,quote_age_minutes,model_probability,raw_model_ev,conservative_probability,conservative_ev,price_cushion_pp,line_cushion_points,historical_holdout_bets,evidence_tier,decision,bet_approved,reasons
nfl,1,2026_05_BAL_ATL,,BAL,ATL,moneyline,away,,150.0,DraftKings,2026-10-09T23:32:49.457612+00:00,0.5,0.5583343333171271,0.3958358332928178,,-0.044564483457123605,,,,EVIDENCE_OR_CONTEXT_BLOCKED,NO_BET,False,INVALID_KICKOFF;NO_SUPPORTED_NFL_EDGE;NO_POSITIVE_CONSERVATIVE_EV;STALE_PLAYER_CONTEXT;UNCERTAIN_STARTING_QB;UNVALIDATED_REGIME;MODEL_NOT_APPROVED;GLOBAL_RELEASE_BLOCKED
nfl,2,2026_05_BUF_LA,,BUF,LA,moneyline,away,,150.0,BetMGM,2026-10-09T23:32:49.457612+00:00,0.5,0.5068565811659644,0.267141452914911,,-0.04682274247491647,,,,EVIDENCE_OR_CONTEXT_BLOCKED,NO_BET,False,INVALID_KICKOFF;NO_SUPPORTED_NFL_EDGE;NO_POSITIVE_CONSERVATIVE_EV;STALE_PLAYER_CONTEXT;UNVALIDATED_REGIME;MODEL_NOT_APPROVED;GLOBAL_RELEASE_BLOCKED
nfl,3,2026_05_CHI_GB,,CHI,GB,moneyline,away,,-120.0,ActionNetwork book 49,2026-10-09T23:32:49.457612+00:00,0.5,0.7050484892557234,0.2925888969688264,,-0.04347826086956519,,,,EVIDENCE_OR_CONTEXT_BLOCKED,NO_BET,False,UNRESOLVED_BOOK;INVALID_KICKOFF;NO_SUPPORTED_NFL_EDGE;NO_POSITIVE_CONSERVATIVE_EV;STALE_PLAYER_CONTEXT;UNCERTAIN_STARTING_QB;UNVALIDATED_REGIME;MODEL_NOT_APPROVED;GLOBAL_RELEASE_BLOCKED
nfl,4,2026_05_CIN_MIA,,CIN,MIA,moneyline,home,,280.0,DraftKings,2026-10-09T23:32:48.101110+00:00,0.6,0.3426325478630216,0.302003681879482,,-0.041574279379157586,,,,EVIDENCE_OR_CONTEXT_BLOCKED,NO_BET,False,INVALID_KICKOFF;NO_SUPPORTED_NFL_EDGE;NO_POSITIVE_CONSERVATIVE_EV;STALE_PLAYER_CONTEXT;UNVALIDATED_REGIME;MODEL_NOT_APPROVED;GLOBAL_RELEASE_BLOCKED
nfl,5,2026_05_CLE_NYJ,,CLE,NYJ,moneyline,away,,122.0,ActionNetwork book 49,2026-10-09T23:32:49.457612+00:00,0.5,0.5205656779447277,0.15565580503729537,,-0.04802744425385952,,,,EVIDENCE_OR_CONTEXT_BLOCKED,NO_BET,False,UNRESOLVED_BOOK;INVALID_KICKOFF;NO_SUPPORTED_NFL_EDGE;NO_POSITIVE_CONSERVATIVE_EV;STALE_PLAYER_CONTEXT;UNVALIDATED_REGIME;MODEL_NOT_APPROVED;GLOBAL_RELEASE_BLOCKED
nfl,6,2026_05_DEN_LAC,,DEN,LAC,moneyline,home,,160.0,DraftKings,2026-10-09T23:32:48.101110+00:00,0.6,0.4030884611063283,0.04802999887645365,,-0.04044489383215355,,,,EVIDENCE_OR_CONTEXT_BLOCKED,NO_BET,False,INVALID_KICKOFF;NO_SUPPORTED_NFL_EDGE;NO_POSITIVE_CONSERVATIVE_EV;STALE_PLAYER_CONTEXT;UNVALIDATED_REGIME;MODEL_NOT_APPROVED;GLOBAL_RELEASE_BLOCKED
nfl,7,2026_05_DET_ARI,,DET,ARI,moneyline,home,,310.0,FanDuel,2026-10-09T23:32:49.457612+00:00,0.5,0.4080140812208305,0.6728577330054049,,-0.040198628517379986,,,,EVIDENCE_OR_CONTEXT_BLOCKED,NO_BET,False,INVALID_KICKOFF;NO_SUPPORTED_NFL_EDGE;NO_POSITIVE_CONSERVATIVE_EV;STALE_PLAYER_CONTEXT;UNVALIDATED_REGIME;MODEL_NOT_APPROVED;GLOBAL_RELEASE_BLOCKED
nfl,8,2026_05_HOU_TEN,,HOU,TEN,moneyline,home,,295.0,DraftKings,2026-10-09T23:32:48.101110+00:00,0.6,0.39798327845088044,0.5720339498809779,,-0.040894568690096,,,,EVIDENCE_OR_CONTEXT_BLOCKED,NO_BET,False,INVALID_KICKOFF;NO_SUPPORTED_NFL_EDGE;NO_POSITIVE_CONSERVATIVE_EV;STALE_PLAYER_CONTEXT;UNVALIDATED_REGIME;MODEL_NOT_APPROVED;GLOBAL_RELEASE_BLOCKED
nfl,9,2026_05_IND_PIT,,IND,PIT,moneyline,away,,124.0,DraftKings,2026-10-09T23:32:48.101110+00:00,0.6,0.535260788755713,0.1989841668127974,,-0.0414135836554389,,,,EVIDENCE_OR_CONTEXT_BLOCKED,NO_BET,False,INVALID_KICKOFF;NO_SUPPORTED_NFL_EDGE;NO_POSITIVE_CONSERVATIVE_EV;STALE_PLAYER_CONTEXT;UNVALIDATED_REGIME;MODEL_NOT_APPROVED;GLOBAL_RELEASE_BLOCKED
nfl,10,2026_05_LV_NE,,LV,NE,moneyline,away,,164.0,PointsBet,2026-10-09T23:32:49.457612+00:00,0.5,0.4749668017417551,0.2539123565982333,,-0.0393391030684499,,,,EVIDENCE_OR_CONTEXT_BLOCKED,NO_BET,False,INVALID_KICKOFF;NO_SUPPORTED_NFL_EDGE;NO_POSITIVE_CONSERVATIVE_EV;STALE_PLAYER_CONTEXT;UNCERTAIN_STARTING_QB;UNVALIDATED_REGIME;MODEL_NOT_APPROVED;GLOBAL_RELEASE_BLOCKED
nfl,11,2026_05_MIN_NO,,MIN,NO,moneyline,away,,-125.0,FanDuel,2026-10-09T23:32:49.457612+00:00,0.5,0.6664596312595458,0.19962733626718232,,-0.04155844155844146,,,,EVIDENCE_OR_CONTEXT_BLOCKED,NO_BET,False,INVALID_KICKOFF;NO_SUPPORTED_NFL_EDGE;NO_POSITIVE_CONSERVATIVE_EV;STALE_PLAYER_CONTEXT;UNCERTAIN_STARTING_QB;UNVALIDATED_REGIME;MODEL_NOT_APPROVED;GLOBAL_RELEASE_BLOCKED
nfl,12,2026_05_NYG_WAS,,NYG,WAS,moneyline,away,,157.0,ActionNetwork book 49,2026-10-09T23:32:49.457612+00:00,0.5,0.588486861692399,0.5124112345494658,,-0.042400102788128,,,,EVIDENCE_OR_CONTEXT_BLOCKED,NO_BET,False,UNRESOLVED_BOOK;INVALID_KICKOFF;NO_SUPPORTED_NFL_EDGE;NO_POSITIVE_CONSERVATIVE_EV;STALE_PLAYER_CONTEXT;UNCERTAIN_STARTING_QB;UNVALIDATED_REGIME;MODEL_NOT_APPROVED;GLOBAL_RELEASE_BLOCKED
nfl,13,2026_05_PHI_JAX,,PHI,JAX,moneyline,away,,315.0,PointsBet,2026-10-09T23:32:49.457612+00:00,0.5,0.2844400310073948,0.18042612868068852,,-0.03935185185185164,,,,EVIDENCE_OR_CONTEXT_BLOCKED,NO_BET,False,INVALID_KICKOFF;NO_SUPPORTED_NFL_EDGE;NO_POSITIVE_CONSERVATIVE_EV;STALE_PLAYER_CONTEXT;UNVALIDATED_REGIME;MODEL_NOT_APPROVED;GLOBAL_RELEASE_BLOCKED
nfl,14,2026_05_SF_SEA,,SF,SEA,moneyline,away,,170.0,FanDuel,2026-10-09T23:32:49.457612+00:00,0.5,0.5382789857083903,0.45335326141265386,,-0.0407687827606289,,,,EVIDENCE_OR_CONTEXT_BLOCKED,NO_BET,False,INVALID_KICKOFF;NO_SUPPORTED_NFL_EDGE;NO_POSITIVE_CONSERVATIVE_EV;STALE_PLAYER_CONTEXT;UNVALIDATED_REGIME;MODEL_NOT_APPROVED;GLOBAL_RELEASE_BLOCKED
