season,week,game_id,date,kickoff,away_team,home_team,model_margin_home,model_total,quant_signal,quant_market,quant_side,quant_book,quant_price,quant_odds,quant_probability,quant_edge,quant_ev,market_book_count,portfolio_candidate_units,portfolio_stake_units,portfolio_action,execution_ready
2026,4,2026_04_TEN_BAL,2026-10-04,2026-10-04T17:00:00+00:00,TEN,BAL,5.938404947615233,45.239238508107256,PASS,moneyline,away,PointsBet,,560,0.3201030100119828,0.17447194205081779,1.1126798660790866,7,0.0,0.0,PASS,true
2026,4,2026_04_ARI_NYG,2026-10-04,2026-10-04T17:00:00+00:00,ARI,NYG,1.6083764278045294,44.29253257939179,PASS,moneyline,away,FanDuel,,260,0.44646710052403316,0.1800094202732494,0.6072815618865195,7,0.0,0.0,PASS,true
2026,4,2026_04_MIA_MIN,2026-10-04,2026-10-04T20:05:00+00:00,MIA,MIN,7.486330036665386,41.39207398502428,PASS,moneyline,away,PointsBet,,460,0.2788071555784911,0.10705143038765139,0.5613200712395501,7,0.0,0.0,PASS,true
2026,4,2026_04_NE_BUF,2026-10-04,2026-10-04T17:00:00+00:00,NE,BUF,2.738995983490419,46.24607378141935,PASS,moneyline,away,PointsBet,,275,0.4123535132534568,0.15579374648960842,0.546325674700463,7,0.0,0.0,PASS,true
2026,4,2026_04_IND_WAS,2026-10-04,2026-10-04T13:30:00+00:00,IND,WAS,0.17072835016494636,51.293844575454784,PASS,moneyline,home,PointsBet,,188,0.5096098194539472,0.1755913199678218,0.46767628002736794,7,0.0,0.0,PASS,true
2026,4,2026_04_GB_TB,2026-10-04,2026-10-04T17:00:00+00:00,GB,TB,1.992617340268506,47.37750189377438,PASS,moneyline,home,PointsBet,,156,0.5651841003515399,0.18993480886418818,0.4468712968999422,7,0.057291,0.0,PAPER,true
2026,4,2026_04_DET_CAR,2026-10-04,2026-10-05T00:20:00+00:00,DET,CAR,0.7354271501135017,52.64730618734816,PASS,moneyline,home,PointsBet,,172,0.5269061577937358,0.1733239644248511,0.4331847491989613,7,0.05037,0.0,PAPER,true
2026,4,2026_04_GB_TB,2026-10-04,2026-10-04T17:00:00+00:00,GB,TB,1.992617340268506,47.37750189377438,PASS,total,over,PointsBet,39.5,-105,0.7225762103032926,0.23341044648964143,0.41074402963976153,7,0.086256,0.0,PAPER,true
2026,4,2026_04_KC_LV,2026-10-04,2026-10-04T20:25:00+00:00,KC,LV,-0.9783600562962675,44.91728003664006,PASS,moneyline,home,FanDuel,,190,0.47439288383236056,0.1433999048955501,0.3757393631138455,7,0.0,0.0,PASS,true
2026,4,2026_04_NYJ_CHI,2026-10-04,2026-10-04T17:00:00+00:00,NYJ,CHI,5.941524592418691,45.906828070648544,PASS,moneyline,away,FanDuel,,320,0.3200172535777548,0.09152262992184085,0.3440724650265701,7,0.0,0.0,PASS,true
2026,4,2026_04_JAX_CIN,2026-10-04,2026-10-04T17:00:00+00:00,JAX,CIN,-2.841507609453025,46.76635151596055,PASS,spread,away,ActionNetwork book 49,2.5,-103,0.6552728440243971,0.17143385074737588,0.2914600712325497,7,0.060041,0.0,PAPER,true
2026,4,2026_04_GB_TB,2026-10-04,2026-10-04T17:00:00+00:00,GB,TB,1.992617340268506,47.37750189377438,PASS,spread,home,WynnBET,4.0,-112,0.6813858722812751,0.17705611821130618,0.2897661153895563,7,0.064908,0.0,PAPER,true
2026,4,2026_04_TEN_BAL,2026-10-04,2026-10-04T17:00:00+00:00,TEN,BAL,5.938404947615233,45.239238508107256,PASS,spread,away,PointsBet,11.5,-106,0.6614824044972035,0.17014641420089438,0.28552240873984847,7,0.060531,0.0,PAPER,true
2026,4,2026_04_JAX_CIN,2026-10-04,2026-10-04T17:00:00+00:00,JAX,CIN,-2.841507609453025,46.76635151596055,PASS,moneyline,away,BetMGM,,120,0.5821663045312708,0.14776914141070346,0.2807658699687958,7,0.0,0.0,PASS,true
2026,4,2026_04_ARI_NYG,2026-10-04,2026-10-04T17:00:00+00:00,ARI,NYG,1.6083764278045294,44.29253257939179,PASS,spread,away,FanDuel,7.0,-110,0.656690575937458,0.15669057593745805,0.2536820086078746,7,0.05581,0.0,PAPER,true
2026,4,2026_04_DET_CAR,2026-10-04,2026-10-05T00:20:00+00:00,DET,CAR,0.7354271501135017,52.64730618734816,PASS,total,over,FanDuel,47.5,-110,0.6513793889164293,0.15137938891642932,0.24354246974954696,7,0.053579,0.0,PAPER,true
2026,4,2026_04_DET_CAR,2026-10-04,2026-10-05T00:20:00+00:00,DET,CAR,0.7354271501135017,52.64730618734816,PASS,spread,home,PointsBet,3.5,-104,0.6317587297460033,0.14673391372683514,0.23921904680946815,7,0.0,0.0,PASS,true
2026,4,2026_04_IND_WAS,2026-10-04,2026-10-04T13:30:00+00:00,IND,WAS,0.17072835016494636,51.293844575454784,PASS,spread,home,PointsBet,3.5,-100,0.6152812040912349,0.13888635430582713,0.23056240818246976,7,0.0,0.0,PASS,true
2026,4,2026_04_LA_PHI,2026-10-04,2026-10-04T17:00:00+00:00,LA,PHI,-1.0561875055627574,43.77855459840623,PASS,moneyline,home,PointsBet,,160,0.4720117842072903,0.10211382502361693,0.22723063893895468,7,0.0,0.0,PASS,true
2026,4,2026_04_KC_LV,2026-10-04,2026-10-04T20:25:00+00:00,KC,LV,-0.9783600562962675,44.91728003664006,PASS,spread,home,FanDuel,5.5,-110,0.6400207058714431,0.1400207058714431,0.22185771120911868,7,0.0,0.0,PASS,true
2026,4,2026_04_JAX_CIN,2026-10-04,2026-10-04T17:00:00+00:00,JAX,CIN,-2.841507609453025,46.76635151596055,PASS,total,under,BetMGM,51.5,-108,0.6331021962388416,0.1352971040527134,0.21930793349702826,7,0.0,0.0,PASS,true
2026,4,2026_04_NE_BUF,2026-10-04,2026-10-04T17:00:00+00:00,NE,BUF,2.738995983490419,46.24607378141935,PASS,spread,away,PointsBet,6.5,-100,0.6095374487191244,0.13314259893371666,0.21907489743824882,7,0.0,0.0,PASS,true
2026,4,2026_04_IND_WAS,2026-10-04,2026-10-04T13:30:00+00:00,IND,WAS,0.17072835016494636,51.293844575454784,PASS,total,over,PointsBet,47.5,-106,0.6137757226673105,0.12243973237100136,0.1928094232968487,6,0.0,0.0,PASS,true
2026,4,2026_04_LAC_SEA,2026-10-04,2026-10-04T20:25:00+00:00,LAC,SEA,6.750172222828553,42.55184865308637,PASS,moneyline,away,DraftKings,,295,0.29812338434820007,0.05531188275075602,0.17758736817539034,7,0.0,0.0,PASS,true
2026,4,2026_04_NE_BUF,2026-10-04,2026-10-04T17:00:00+00:00,NE,BUF,2.738995983490419,46.24607378141935,PASS,total,under,ActionNetwork book 49,50.0,-110,0.6055679588409133,0.1055679588409133,0.15608428505992533,7,0.0,0.0,PASS,true
2026,4,2026_04_LAC_SEA,2026-10-04,2026-10-04T20:25:00+00:00,LAC,SEA,6.750172222828553,42.55184865308637,PASS,spread,home,FanDuel,-3.0,-115,0.6176127278103658,0.10677849162401687,0.15466727373242284,7,0.0,0.0,PASS,true
2026,4,2026_04_LA_PHI,2026-10-04,2026-10-04T17:00:00+00:00,LA,PHI,-1.0561875055627574,43.77855459840623,PASS,total,under,FanDuel,47.5,-110,0.6046451549291502,0.10464515492915016,0.15432256850110493,7,0.0,0.0,PASS,true
2026,4,2026_04_DAL_HOU,2026-10-04,2026-10-04T17:00:00+00:00,DAL,HOU,0.583754000430023,47.84290949884729,PASS,spread,away,ActionNetwork book 49,2.5,108,0.5542159494125429,0.09861300253390781,0.15276917477808927,5,0.0,0.0,PASS,true
2026,4,2026_04_NYJ_CHI,2026-10-04,2026-10-04T17:00:00+00:00,NYJ,CHI,5.941524592418691,45.906828070648544,PASS,total,over,BetRivers,43.5,100,0.5741006364490453,0.09583976688382789,0.1482012728980906,7,0.0,0.0,PASS,true
2026,4,2026_04_NYJ_CHI,2026-10-04,2026-10-04T17:00:00+00:00,NYJ,CHI,5.941524592418691,45.906828070648544,PASS,spread,home,PointsBet,-3.5,-104,0.5787241024858448,0.09369928646667663,0.13518958564531114,7,0.0,0.0,PASS,true
2026,4,2026_04_MIA_MIN,2026-10-04,2026-10-04T20:05:00+00:00,MIA,MIN,7.486330036665386,41.39207398502428,PASS,total,over,BetMGM,38.5,-108,0.5880885618065607,0.09028346962043249,0.13261500792374648,7,0.0,0.0,PASS,true
2026,4,2026_04_MIA_MIN,2026-10-04,2026-10-04T20:05:00+00:00,MIA,MIN,7.486330036665386,41.39207398502428,PASS,spread,away,WynnBET,10.5,-108,0.5873258597093174,0.09270127899202141,0.13114610018090755,7,0.0,0.0,PASS,true
2026,4,2026_04_LA_PHI,2026-10-04,2026-10-04T17:00:00+00:00,LA,PHI,-1.0561875055627574,43.77855459840623,PASS,spread,home,PointsBet,3.5,-105,0.5787928867616717,0.08962712294802061,0.13002420748707344,7,0.0,0.0,PASS,true
2026,4,2026_04_DAL_HOU,2026-10-04,2026-10-04T17:00:00+00:00,DAL,HOU,0.583754000430023,47.84290949884729,PASS,moneyline,away,DraftKings,,136,0.4777358641705637,0.07110561832998757,0.1274566394425305,7,0.0,0.0,PASS,true
2026,4,2026_04_TEN_BAL,2026-10-04,2026-10-04T17:00:00+00:00,TEN,BAL,5.938404947615233,45.239238508107256,PASS,total,over,BetRivers,42.5,-108,0.5836940310605117,0.08802378513048048,0.12415146722765225,6,0.0,0.0,PASS,true
2026,4,2026_04_KC_LV,2026-10-04,2026-10-04T20:25:00+00:00,KC,LV,-0.9783600562962675,44.91728003664006,PASS,total,under,BetRivers,47.5,-105,0.5719579516334531,0.08279218781980197,0.11667981033197972,6,0.0,0.0,PASS,true
2026,4,2026_04_LAC_SEA,2026-10-04,2026-10-04T20:25:00+00:00,LAC,SEA,6.750172222828553,42.55184865308637,PASS,total,under,FanDuel,45.5,-110,0.5825131005888617,0.08251310058886174,0.11207046476055438,7,0.0,0.0,PASS,true
2026,4,2026_04_DEN_SF,2026-10-04,2026-10-04T20:25:00+00:00,DEN,SF,4.5186751177946824,46.01551662557007,PASS,moneyline,home,WynnBET,,-136,0.6399354482603711,0.09004225326494841,0.11047621904005567,7,0.0,0.0,PASS,true
2026,4,2026_04_ATL_NO,2026-10-05,2026-10-06T00:15:00+00:00,ATL,NO,2.452274012593289,44.858118261819186,PASS,total,under,ActionNetwork book 49,48.0,-113,0.5880853074717576,0.08158927005458205,0.10851478311048113,7,0.0,0.0,PASS,true
2026,4,2026_04_DEN_SF,2026-10-04,2026-10-04T20:25:00+00:00,DEN,SF,4.5186751177946824,46.01551662557007,PASS,spread,home,BetRivers,-3.0,100,0.5508058695636953,0.07254499999847785,0.10161173912739052,7,0.0,0.0,PASS,true
2026,4,2026_04_DEN_SF,2026-10-04,2026-10-04T20:25:00+00:00,DEN,SF,4.5186751177946824,46.01551662557007,PASS,total,under,ActionNetwork book 49,48.0,-110,0.5545701795141375,0.053480380037241204,0.058724888163353306,7,0.0,0.0,PASS,true
2026,4,2026_04_ARI_NYG,2026-10-04,2026-10-04T17:00:00+00:00,ARI,NYG,1.6083764278045294,44.29253257939179,PASS,total,under,FanDuel,45.5,-110,0.5318334720515956,0.03183347205159559,0.015318446643955319,7,0.0,0.0,PASS,true
2026,4,2026_04_ATL_NO,2026-10-05,2026-10-06T00:15:00+00:00,ATL,NO,2.452274012593289,44.858118261819186,PASS,moneyline,home,PointsBet,,-134,0.5790472558548801,0.028390523386948585,0.011172073657029546,7,0.0,0.0,PASS,true
2026,4,2026_04_ATL_NO,2026-10-05,2026-10-06T00:15:00+00:00,ATL,NO,2.452274012593289,44.858118261819186,PASS,spread,home,BetMGM,-2.0,-110,0.5182376658481601,0.01604275803428823,-0.010637183380785231,7,0.0,0.0,PASS,true
2026,4,2026_04_DAL_HOU,2026-10-04,2026-10-04T17:00:00+00:00,DAL,HOU,0.583754000430023,47.84290949884729,PASS,total,under,DraftKings,48.5,-110,0.5156610588770343,0.015661058877034284,-0.015556160325661761,7,0.0,0.0,PASS,true
