season,week,game_id,date,kickoff,away_team,home_team,model_margin_home,model_total,quant_signal,production_signal,research_signal,portfolio_signal,context_veto,context_veto_reason,quant_market,quant_side,quant_book,quant_price,quant_odds,quant_probability,quant_edge,quant_ev,market_book_count,paper_stake_units,portfolio_candidate_units,portfolio_stake_units,portfolio_action,portfolio_limit_reason,execution_ready
2026,5,2026_05_CHI_GB,2026-10-11,2026-10-11T17:00:00+00:00,CHI,GB,-4.694505348146439,46.158946213715836,PASS,PASS,STRONG,STRONG,false,"",moneyline,away,FanDuel,,140,0.637807870439981,0.23744664226418327,0.5307388890559543,7,0.07582,0.07582,0.0,PAPER,"",true
2026,5,2026_05_PHI_JAX,2026-10-11,2026-10-11T13:30:00+00:00,PHI,JAX,6.679426880208908,42.84989961905851,PASS,PASS,STRONG,STRONG,false,"",moneyline,home,FanDuel,,110,0.7005608698003905,0.24330440856778607,0.47117782658081997,7,0.085669,0.085669,0.0,PAPER,"",true
2026,5,2026_05_PHI_JAX,2026-10-11,2026-10-11T13:30:00+00:00,PHI,JAX,6.679426880208908,42.84989961905851,PASS,PASS,STRONG,STRONG,false,"",spread,home,FanDuel,1.5,-110,0.7395267671583825,0.2395267671583825,0.41182382821145747,7,0.090601,0.090601,0.0,PAPER,"",true
2026,5,2026_05_NYG_WAS,2026-10-11,2026-10-11T17:00:00+00:00,NYG,WAS,-1.3911458393801652,45.970286019163346,PASS,PASS,LEAN,LEAN,false,"",moneyline,away,WynnBET,,160,0.5388058367933426,0.170975412853193,0.40089517566269084,7,0.050112,0.050112,0.0,PAPER,"",true
2026,5,2026_05_CHI_GB,2026-10-11,2026-10-11T17:00:00+00:00,CHI,GB,-4.694505348146439,46.158946213715836,PASS,PASS,STRONG,STRONG,false,"",spread,away,FanDuel,3.0,-110,0.7205079353951993,0.2205079353951993,0.3755151493908351,7,0.082613,0.082613,0.0,PAPER,"",true
2026,5,2026_05_DET_ARI,2026-10-11,2026-10-11T20:25:00+00:00,DET,ARI,-1.566131592535399,53.03388765295332,PASS,PASS,STRONG,STRONG,false,"",spread,home,FanDuel,8.5,-110,0.7073534481909187,0.20735344819091872,0.35040203745539045,7,0.077088,0.077088,0.0,PAPER,"",true
2026,5,2026_05_LV_NE,2026-10-11,2026-10-11T17:00:00+00:00,LV,NE,1.3960994846788672,43.64048998788357,PASS,PASS,STRONG,STRONG,false,"",spread,away,FanDuel,8.5,-110,0.7049626277197584,0.20496262771975837,0.34583774382862975,7,0.076084,0.076084,0.0,PAPER,"",true
2026,5,2026_05_TB_DAL,2026-10-08,2026-10-09T00:15:00+00:00,TB,DAL,3.015887809225571,50.489179444916005,PASS,PASS,STRONG,STRONG,false,"",spread,away,DraftKings,9.5,-110,0.6882337179732216,0.18823371797322164,0.3139007343125142,7,0.069058,0.069058,0.0,PAPER,"",true
2026,5,2026_05_HOU_TEN,2026-10-11,2026-10-11T17:00:00+00:00,HOU,TEN,-1.6959835184524117,41.84504851744644,PASS,PASS,STRONG,STRONG,false,"",spread,home,DraftKings,7.0,-105,0.6626717459418745,0.1745098862776473,0.2937876944579454,7,0.061695,0.061695,0.0,PAPER,"",true
2026,5,2026_05_NYG_WAS,2026-10-11,2026-10-11T17:00:00+00:00,NYG,WAS,-1.3911458393801652,45.970286019163346,PASS,PASS,STRONG,STRONG,false,"",spread,away,WynnBET,3.5,-109,0.6434871868648003,0.1467118837432938,0.23384240417195667,7,0.050978,0.050978,0.0,PAPER,"",true
