season,week,game_id,date,kickoff,away_team,home_team,model_margin_home,model_total,quant_signal,production_signal,research_signal,portfolio_signal,context_veto,context_veto_reason,context_freshness_veto,context_freshness_veto_reason,context_injuries_personnel_fresh,context_freshness_reason,probability_reliability_veto,probability_reliability_veto_reason,regime_reliability_ready,regime_reliability_status,regime_reliability_reason,regime_reliability_blocked_segments,regime_reliability_missing_segments,probability_model_family,probability_reliability_ready,calibrated_home_probability,model_margin_sigma,model_total_sigma,injury_feed_freshness_status,injury_feed_age_days,home_injury_freshness_status,away_injury_freshness_status,home_depth_freshness_status,away_depth_freshness_status,home_depth_age_days,away_depth_age_days,home_roster_freshness_status,away_roster_freshness_status,home_roster_week_gap,away_roster_week_gap,home_personnel_freshness_status,away_personnel_freshness_status,qb_certainty_veto,qb_certainty_veto_reason,home_expected_qb_id,home_expected_qb_name,home_expected_qb_source,home_expected_qb_confidence,home_expected_qb_confidence_label,home_expected_qb_injury_status,home_expected_qb_injury_severity,home_expected_qb_changed_from_last_observed,home_expected_qb_decision_ready,away_expected_qb_id,away_expected_qb_name,away_expected_qb_source,away_expected_qb_confidence,away_expected_qb_confidence_label,away_expected_qb_injury_status,away_expected_qb_injury_severity,away_expected_qb_changed_from_last_observed,away_expected_qb_decision_ready,quant_market,quant_side,quant_book,quant_price,quant_odds,quant_probability,quant_edge,quant_ev,alternate_research_side,alternate_research_line,alternate_research_odds,alternate_research_book,alternate_research_probability,alternate_research_no_vig_probability,alternate_research_raw_ev,alternate_research_raw_edge,alternate_research_only,market_book_count,quant_quote_at,quote_age_minutes,recommendation_status,recommendation_valid_until,recommendation_minutes_remaining,recommendation_freshness_reason,paper_stake_units,portfolio_candidate_units,portfolio_stake_units,portfolio_action,portfolio_limit_reason,execution_ready
2026,5,2026_05_SF_SEA,2026-10-11,2026-10-11T20:25:00+00:00,SF,SEA,-0.3333842421460069,46.13372601562662,PASS,PASS,LEAN,LEAN,false,"",true,injury feed unknown: current-week injury rows lack a timestamp column; SEA injury state unknown; SF injury state unknown,false,injury feed unknown: current-week injury rows lack a timestamp column; SEA injury state unknown; SF injury state unknown,false,"",false,BLOCKED,candidate falls in unvalidated or unreliable historical regimes,market:moneyline;side:moneyline:away;role:moneyline:underdog;confidence:50_55;edge:10_plus;margin_environment:close;season_phase:middle,"",gaussian+logistic_moneyline,true,0.4617210142916097,12.958253982774625,13.533904782971797,UNKNOWN,,UNKNOWN,UNKNOWN,FRESH,FRESH,0.11934648274305557,0.11934648274305557,FRESH,FRESH,0.0,0.0,FRESH,FRESH,false,"",00-0034869,Sam Darnold,depth_chart,0.9,HIGH,,0.0,false,true,00-0037834,Brock Purdy,depth_chart,0.9,HIGH,,0.0,false,true,moneyline,away,FanDuel,,170,0.5382789857083903,0.18300816450862323,0.45335326141265386,home,,-162,BetRivers,0.4617210142916097,0.593369754159424,-0.25326601392344594,-0.13164873986781422,true,7,2026-10-09T17:11:58.319340+00:00,0.216,ACTIVE,2026-10-09T17:57:11.300684+00:00,45.0,recommendation is within quote and pre-kickoff freshness limits,0.0,0.0,0.0,PASS,research signal only; current injury/personnel context is not fresh,true
2026,5,2026_05_HOU_TEN,2026-10-11,2026-10-11T17:00:00+00:00,HOU,TEN,-1.9772941201461656,41.953980489342,PASS,PASS,STRONG,STRONG,false,"",true,injury feed unknown: current-week injury rows lack a timestamp column; TEN injury state unknown; HOU injury state unknown,false,injury feed unknown: current-week injury rows lack a timestamp column; TEN injury state unknown; HOU injury state unknown,false,"",false,BLOCKED,candidate falls in unvalidated or unreliable historical regimes,market:total;side:total:over;confidence:62_67;edge:10_plus;total_environment:low;season_phase:middle,"",gaussian+logistic_moneyline,true,0.39798327845088044,12.958253982774625,13.533904782971797,UNKNOWN,,UNKNOWN,UNKNOWN,FRESH,FRESH,0.11934648274305557,0.11934648274305557,FRESH,FRESH,0.0,0.0,FRESH,FRESH,false,"",00-0040676,Cam Ward,depth_chart,0.9,HIGH,,0.0,false,true,00-0039163,C.J. Stroud,depth_chart,0.9,HIGH,,0.0,false,true,total,over,WynnBET,36.5,-107,0.6605887199106549,0.16913390256393424,0.2779613553411737,under,38.0,-108,ActionNetwork book 49,0.38085438783634196,0.494624580717296,-0.26650266046334137,-0.11377019288095402,true,7,2026-10-09T17:11:58.319340+00:00,0.216,ACTIVE,2026-10-09T17:57:11.300684+00:00,45.0,recommendation is within quote and pre-kickoff freshness limits,0.0,0.0,0.0,PASS,research signal only; current injury/personnel context is not fresh,true
2026,5,2026_05_HOU_TEN,2026-10-11,2026-10-11T17:00:00+00:00,HOU,TEN,-1.9772941201461656,41.953980489342,PASS,PASS,STRONG,STRONG,false,"",true,injury feed unknown: current-week injury rows lack a timestamp column; TEN injury state unknown; HOU injury state unknown,false,injury feed unknown: current-week injury rows lack a timestamp column; TEN injury state unknown; HOU injury state unknown,false,"",false,BLOCKED,candidate falls in unvalidated or unreliable historical regimes,market:spread;side:spread:home;role:spread:underdog;confidence:62_67;edge:10_plus;margin_environment:close;season_phase:middle,"",gaussian+logistic_moneyline,true,0.39798327845088044,12.958253982774625,13.533904782971797,UNKNOWN,,UNKNOWN,UNKNOWN,FRESH,FRESH,0.11934648274305557,0.11934648274305557,FRESH,FRESH,0.0,0.0,FRESH,FRESH,false,"",00-0040676,Cam Ward,depth_chart,0.9,HIGH,,0.0,false,true,00-0039163,C.J. Stroud,depth_chart,0.9,HIGH,,0.0,false,true,spread,home,DraftKings,7.5,-110,0.6680878356574389,0.1680878356574389,0.2754404135278379,away,-7.5,-105,BetRivers,0.3319121643425611,0.4891657638136511,-0.35198101247404734,-0.15725359947109002,true,7,2026-10-09T17:11:55.143869+00:00,0.269,ACTIVE,2026-10-09T17:57:11.300684+00:00,45.0,recommendation is within quote and pre-kickoff freshness limits,0.0,0.0,0.0,PASS,research signal only; current injury/personnel context is not fresh,true
2026,5,2026_05_BUF_LA,2026-10-12,2026-10-13T00:15:00+00:00,BUF,LA,0.46180045262534364,50.01382879805384,PASS,PASS,STRONG,STRONG,false,"",true,injury feed unknown: current-week injury rows lack a timestamp column; LA injury state unknown; BUF injury state unknown,false,injury feed unknown: current-week injury rows lack a timestamp column; LA injury state unknown; BUF injury state unknown,false,"",false,BLOCKED,candidate falls in unvalidated or unreliable historical regimes,market:total;side:total:under;confidence:62_67;edge:10_plus;total_environment:high;season_phase:middle,"",gaussian+logistic_moneyline,true,0.4931434188340355,12.958253982774625,13.533904782971797,UNKNOWN,,UNKNOWN,UNKNOWN,FRESH,FRESH,0.11934648274305557,0.11934648274305557,FRESH,FRESH,0.0,0.0,FRESH,FRESH,false,"",00-0026498,Matthew Stafford,depth_chart,0.9,HIGH,,0.0,false,true,00-0034857,Josh Allen,depth_chart,0.9,HIGH,,0.0,false,true,total,under,BetRivers,54.5,-102,0.6256646208600001,0.1430287465762703,0.23906130797764735,over,53.5,-110,FanDuel,0.40264602983743103,0.5,-0.23131212485581343,-0.09735397016256897,true,7,2026-10-09T17:11:58.319340+00:00,0.216,ACTIVE,2026-10-09T17:57:11.300684+00:00,45.0,recommendation is within quote and pre-kickoff freshness limits,0.0,0.0,0.0,PASS,research signal only; current injury/personnel context is not fresh,true
2026,5,2026_05_IND_PIT,2026-10-11,2026-10-11T17:00:00+00:00,IND,PIT,-0.2567712378467135,47.0751130906528,PASS,PASS,LEAN,LEAN,false,"",true,injury feed unknown: current-week injury rows lack a timestamp column; PIT injury state unknown; IND injury state unknown,false,injury feed unknown: current-week injury rows lack a timestamp column; PIT injury state unknown; IND injury state unknown,false,"",false,BLOCKED,candidate falls in unvalidated or unreliable historical regimes,market:moneyline;side:moneyline:away;role:moneyline:underdog;confidence:50_55;edge:10_plus;margin_environment:close;season_phase:middle,"",gaussian+logistic_moneyline,true,0.46473921124428696,12.958253982774625,13.533904782971797,UNKNOWN,,UNKNOWN,UNKNOWN,FRESH,FRESH,0.11934648274305557,0.11934648274305557,FRESH,FRESH,0.0,0.0,FRESH,FRESH,false,"",00-0023459,Aaron Rodgers,depth_chart,0.9,HIGH,,0.0,false,true,00-0035710,Daniel Jones,depth_chart,0.9,HIGH,,0.0,false,true,moneyline,away,DraftKings,,124,0.535260788755713,0.10732042431617694,0.1989841668127974,home,,-139,WynnBET,0.46473921124428696,0.5567836213930718,-0.20091603246485912,-0.09204441014878484,true,7,2026-10-09T17:11:55.143869+00:00,0.269,ACTIVE,2026-10-09T17:57:11.300684+00:00,45.0,recommendation is within quote and pre-kickoff freshness limits,0.0,0.0,0.0,PASS,research signal only; current injury/personnel context is not fresh,true
2026,5,2026_05_CIN_MIA,2026-10-11,2026-10-11T17:00:00+00:00,CIN,MIA,-3.477616979972069,44.535089329163874,PASS,PASS,STRONG,STRONG,false,"",true,injury feed unknown: current-week injury rows lack a timestamp column; MIA injury state unknown; CIN injury state unknown,false,injury feed unknown: current-week injury rows lack a timestamp column; MIA injury state unknown; CIN injury state unknown,false,"",false,BLOCKED,candidate falls in unvalidated or unreliable historical regimes,market:spread;side:spread:home;role:spread:underdog;confidence:58_62;edge:10_plus;margin_environment:moderate;season_phase:middle,"",gaussian+logistic_moneyline,true,0.3426325478630216,12.958253982774625,13.533904782971797,UNKNOWN,,UNKNOWN,UNKNOWN,FRESH,FRESH,0.11934648274305557,0.11934648274305557,FRESH,FRESH,0.0,0.0,FRESH,FRESH,false,"",00-0038128,Malik Willis,depth_chart,0.9,HIGH,,0.0,false,true,00-0036442,Joe Burrow,depth_chart,0.9,HIGH,,0.0,false,true,spread,home,BetRivers,6.5,100,0.5954886751280621,0.11722780556284473,0.19097735025612428,away,-6.0,-110,FanDuel,0.4195278011815635,0.5,-0.19908328865337865,-0.08047219881843648,true,7,2026-10-09T17:11:58.319340+00:00,0.216,ACTIVE,2026-10-09T17:57:11.300684+00:00,45.0,recommendation is within quote and pre-kickoff freshness limits,0.0,0.0,0.0,PASS,research signal only; current injury/personnel context is not fresh,true
2026,5,2026_05_SF_SEA,2026-10-11,2026-10-11T20:25:00+00:00,SF,SEA,-0.3333842421460069,46.13372601562662,PASS,PASS,STRONG,STRONG,false,"",true,injury feed unknown: current-week injury rows lack a timestamp column; SEA injury state unknown; SF injury state unknown,false,injury feed unknown: current-week injury rows lack a timestamp column; SEA injury state unknown; SF injury state unknown,false,"",false,BLOCKED,candidate falls in unvalidated or unreliable historical regimes,market:spread;side:spread:away;role:spread:underdog;confidence:58_62;edge:10_plus;margin_environment:close;season_phase:middle,"",gaussian+logistic_moneyline,true,0.4617210142916097,12.958253982774625,13.533904782971797,UNKNOWN,,UNKNOWN,UNKNOWN,FRESH,FRESH,0.11934648274305557,0.11934648274305557,FRESH,FRESH,0.0,0.0,FRESH,FRESH,false,"",00-0034869,Sam Darnold,depth_chart,0.9,HIGH,,0.0,false,true,00-0037834,Brock Purdy,depth_chart,0.9,HIGH,,0.0,false,true,spread,away,BetMGM,3.0,-102,0.5982396051637325,0.11560373088000275,0.18474902199092136,home,-3.0,-110,BetRivers,0.40176039483626746,0.5,-0.23300288258530755,-0.09823960516373254,true,7,2026-10-09T17:11:58.319340+00:00,0.216,ACTIVE,2026-10-09T17:57:11.300684+00:00,45.0,recommendation is within quote and pre-kickoff freshness limits,0.0,0.0,0.0,PASS,research signal only; current injury/personnel context is not fresh,true
2026,5,2026_05_DET_ARI,2026-10-11,2026-10-11T20:25:00+00:00,DET,ARI,-1.714138427084631,53.02038317137641,PASS,PASS,STRONG,STRONG,false,"",true,injury feed unknown: current-week injury rows lack a timestamp column; ARI injury state unknown; DET injury state unknown,false,injury feed unknown: current-week injury rows lack a timestamp column; ARI injury state unknown; DET injury state unknown,false,"",false,BLOCKED,candidate falls in unvalidated or unreliable historical regimes,market:spread;side:spread:home;role:spread:underdog;confidence:58_62;edge:10_plus;margin_environment:close;season_phase:middle,"",gaussian+logistic_moneyline,true,0.4080140812208305,12.958253982774625,13.533904782971797,UNKNOWN,,UNKNOWN,UNKNOWN,FRESH,FRESH,0.11934648274305557,0.11934648274305557,FRESH,FRESH,0.0,0.0,FRESH,FRESH,false,"",00-0033119,Jacoby Brissett,depth_chart,0.9,HIGH,,0.0,false,true,00-0033106,Jared Goff,depth_chart,0.9,HIGH,,0.0,false,true,spread,home,WynnBET,5.5,-110,0.6181422892748599,0.11814228927485992,0.18008982497927817,away,-5.5,-105,PointsBet,0.3818577107251401,0.4891657638136511,-0.2544682790604408,-0.10730805308851105,true,7,2026-10-09T17:11:58.319340+00:00,0.216,ACTIVE,2026-10-09T17:57:11.300684+00:00,45.0,recommendation is within quote and pre-kickoff freshness limits,0.0,0.0,0.0,PASS,research signal only; current injury/personnel context is not fresh,true
2026,5,2026_05_IND_PIT,2026-10-11,2026-10-11T17:00:00+00:00,IND,PIT,-0.2567712378467135,47.0751130906528,PASS,PASS,STRONG,STRONG,false,"",true,injury feed unknown: current-week injury rows lack a timestamp column; PIT injury state unknown; IND injury state unknown,false,injury feed unknown: current-week injury rows lack a timestamp column; PIT injury state unknown; IND injury state unknown,false,"",false,BLOCKED,candidate falls in unvalidated or unreliable historical regimes,market:total;side:total:over;confidence:58_62;edge:10_plus;total_environment:middle;season_phase:middle,"",gaussian+logistic_moneyline,true,0.46473921124428696,12.958253982774625,13.533904782971797,UNKNOWN,,UNKNOWN,UNKNOWN,FRESH,FRESH,0.11934648274305557,0.11934648274305557,FRESH,FRESH,0.0,0.0,FRESH,FRESH,false,"",00-0023459,Aaron Rodgers,depth_chart,0.9,HIGH,,0.0,false,true,00-0035710,Daniel Jones,depth_chart,0.9,HIGH,,0.0,false,true,total,over,PointsBet,43.5,-110,0.6084354852093317,0.10843548520933166,0.1615586535814515,under,44.0,-108,WynnBET,0.40582443226625964,0.494624580717296,-0.2184122045242407,-0.08880014845103634,true,7,2026-10-09T17:11:58.319340+00:00,0.216,ACTIVE,2026-10-09T17:57:11.300684+00:00,45.0,recommendation is within quote and pre-kickoff freshness limits,0.0,0.0,0.0,PASS,research signal only; current injury/personnel context is not fresh,true
2026,5,2026_05_CLE_NYJ,2026-10-11,2026-10-11T17:00:00+00:00,CLE,NYJ,0.115413648817146,42.88654181439965,PASS,PASS,LEAN,LEAN,false,"",true,injury feed unknown: current-week injury rows lack a timestamp column; NYJ injury state unknown; CLE injury state unknown,false,injury feed unknown: current-week injury rows lack a timestamp column; NYJ injury state unknown; CLE injury state unknown,false,"",false,BLOCKED,candidate falls in unvalidated or unreliable historical regimes,market:moneyline;side:moneyline:away;role:moneyline:underdog;confidence:50_55;edge:06_10;margin_environment:close;season_phase:middle,"",gaussian+logistic_moneyline,true,0.47943432205527226,12.958253982774625,13.533904782971797,UNKNOWN,,UNKNOWN,UNKNOWN,FRESH,FRESH,0.11934648274305557,0.11934648274305557,FRESH,FRESH,0.0,0.0,FRESH,FRESH,false,"",00-0030565,Geno Smith,depth_chart,0.9,HIGH,,0.0,false,true,00-0033537,Deshaun Watson,depth_chart,0.9,HIGH,,0.0,false,true,moneyline,away,ActionNetwork book 49,,122,0.5205656779447277,0.09174921139241216,0.15565580503729537,home,,-130,WynnBET,0.47943432205527226,0.5379670550421857,-0.15177004559451834,-0.058532732986913416,true,7,2026-10-09T17:11:58.319340+00:00,0.216,ACTIVE,2026-10-09T17:57:11.300684+00:00,45.0,recommendation is within quote and pre-kickoff freshness limits,0.0,0.0,0.0,PASS,research signal only; current injury/personnel context is not fresh,true
2026,5,2026_05_CLE_NYJ,2026-10-11,2026-10-11T17:00:00+00:00,CLE,NYJ,0.115413648817146,42.88654181439965,PASS,PASS,STRONG,STRONG,false,"",true,injury feed unknown: current-week injury rows lack a timestamp column; NYJ injury state unknown; CLE injury state unknown,false,injury feed unknown: current-week injury rows lack a timestamp column; NYJ injury state unknown; CLE injury state unknown,false,"",false,BLOCKED,candidate falls in unvalidated or unreliable historical regimes,market:total;side:total:over;confidence:58_62;edge:10_plus;total_environment:middle;season_phase:middle,"",gaussian+logistic_moneyline,true,0.47943432205527226,12.958253982774625,13.533904782971797,UNKNOWN,,UNKNOWN,UNKNOWN,FRESH,FRESH,0.11934648274305557,0.11934648274305557,FRESH,FRESH,0.0,0.0,FRESH,FRESH,false,"",00-0030565,Geno Smith,depth_chart,0.9,HIGH,,0.0,false,true,00-0033537,Deshaun Watson,depth_chart,0.9,HIGH,,0.0,false,true,total,over,FanDuel,39.5,-110,0.6030734386289958,0.10307343862899576,0.15132201920081023,under,40.0,-109,WynnBET,0.41123619264864586,0.49677530312150653,-0.21148289666452302,-0.08553911047286067,true,7,2026-10-09T17:11:58.319340+00:00,0.216,ACTIVE,2026-10-09T17:57:11.300684+00:00,45.0,recommendation is within quote and pre-kickoff freshness limits,0.0,0.0,0.0,PASS,research signal only; current injury/personnel context is not fresh,true
2026,5,2026_05_IND_PIT,2026-10-11,2026-10-11T17:00:00+00:00,IND,PIT,-0.2567712378467135,47.0751130906528,PASS,PASS,STRONG,STRONG,false,"",true,injury feed unknown: current-week injury rows lack a timestamp column; PIT injury state unknown; IND injury state unknown,false,injury feed unknown: current-week injury rows lack a timestamp column; PIT injury state unknown; IND injury state unknown,false,"",false,BLOCKED,candidate falls in unvalidated or unreliable historical regimes,market:spread;side:spread:away;role:spread:underdog;confidence:58_62;edge:06_10;margin_environment:close;season_phase:middle,"",gaussian+logistic_moneyline,true,0.46473921124428696,12.958253982774625,13.533904782971797,UNKNOWN,,UNKNOWN,UNKNOWN,FRESH,FRESH,0.11934648274305557,0.11934648274305557,FRESH,FRESH,0.0,0.0,FRESH,FRESH,false,"",00-0023459,Aaron Rodgers,depth_chart,0.9,HIGH,,0.0,false,true,00-0035710,Daniel Jones,depth_chart,0.9,HIGH,,0.0,false,true,spread,away,BetRivers,2.5,-102,0.5809386722474268,0.09830279796369701,0.150486390137061,home,-2.5,-110,DraftKings,0.4190613277525732,0.5,-0.19997382883599657,-0.08093867224742679,true,7,2026-10-09T17:11:58.319340+00:00,0.216,ACTIVE,2026-10-09T17:57:11.300684+00:00,45.0,recommendation is within quote and pre-kickoff freshness limits,0.0,0.0,0.0,PASS,research signal only; current injury/personnel context is not fresh,true
2026,5,2026_05_BUF_LA,2026-10-12,2026-10-13T00:15:00+00:00,BUF,LA,0.46180045262534364,50.01382879805384,PASS,PASS,STRONG,STRONG,false,"",true,injury feed unknown: current-week injury rows lack a timestamp column; LA injury state unknown; BUF injury state unknown,false,injury feed unknown: current-week injury rows lack a timestamp column; LA injury state unknown; BUF injury state unknown,false,"",false,BLOCKED,candidate falls in unvalidated or unreliable historical regimes,market:spread;side:spread:away;role:spread:underdog;confidence:55_58;edge:06_10;margin_environment:close;season_phase:middle,"",gaussian+logistic_moneyline,true,0.4931434188340355,12.958253982774625,13.533904782971797,UNKNOWN,,UNKNOWN,UNKNOWN,FRESH,FRESH,0.11934648274305557,0.11934648274305557,FRESH,FRESH,0.0,0.0,FRESH,FRESH,false,"",00-0026498,Matthew Stafford,depth_chart,0.9,HIGH,,0.0,false,true,00-0034857,Josh Allen,depth_chart,0.9,HIGH,,0.0,false,true,spread,away,BetRivers,3.0,100,0.5743374800768563,0.09607661051163885,0.1486749601537125,home,-3.5,102,WynnBET,0.4105954661959391,0.47391341473828025,-0.17059715828420297,-0.06331794854234113,true,7,2026-10-09T17:11:58.319340+00:00,0.216,ACTIVE,2026-10-09T17:57:11.300684+00:00,45.0,recommendation is within quote and pre-kickoff freshness limits,0.0,0.0,0.0,PASS,research signal only; current injury/personnel context is not fresh,true
2026,5,2026_05_CLE_NYJ,2026-10-11,2026-10-11T17:00:00+00:00,CLE,NYJ,0.115413648817146,42.88654181439965,PASS,PASS,BET,BET,false,"",true,injury feed unknown: current-week injury rows lack a timestamp column; NYJ injury state unknown; CLE injury state unknown,false,injury feed unknown: current-week injury rows lack a timestamp column; NYJ injury state unknown; CLE injury state unknown,false,"",false,BLOCKED,candidate falls in unvalidated or unreliable historical regimes,market:spread;side:spread:away;role:spread:underdog;confidence:55_58;edge:06_10;margin_environment:close;season_phase:middle,"",gaussian+logistic_moneyline,true,0.47943432205527226,12.958253982774625,13.533904782971797,UNKNOWN,,UNKNOWN,UNKNOWN,FRESH,FRESH,0.11934648274305557,0.11934648274305557,FRESH,FRESH,0.0,0.0,FRESH,FRESH,false,"",00-0030565,Geno Smith,depth_chart,0.9,HIGH,,0.0,false,true,00-0033537,Deshaun Watson,depth_chart,0.9,HIGH,,0.0,false,true,spread,away,DraftKings,2.5,-107,0.5696855169677069,0.07513593992052803,0.10210188796556374,home,-1.5,-115,FanDuel,0.4608062726588269,0.5108342361863489,-0.13849262068132373,-0.050027963527522035,true,6,2026-10-09T17:11:58.319340+00:00,0.216,ACTIVE,2026-10-09T17:57:11.300684+00:00,45.0,recommendation is within quote and pre-kickoff freshness limits,0.0,0.0,0.0,PASS,research signal only; current injury/personnel context is not fresh,true
2026,5,2026_05_SF_SEA,2026-10-11,2026-10-11T20:25:00+00:00,SF,SEA,-0.3333842421460069,46.13372601562662,PASS,PASS,BET,BET,false,"",true,injury feed unknown: current-week injury rows lack a timestamp column; SEA injury state unknown; SF injury state unknown,false,injury feed unknown: current-week injury rows lack a timestamp column; SEA injury state unknown; SF injury state unknown,false,"",false,BLOCKED,candidate falls in unvalidated or unreliable historical regimes,market:total;side:total:under;confidence:55_58;edge:06_10;total_environment:middle;season_phase:middle,"",gaussian+logistic_moneyline,true,0.4617210142916097,12.958253982774625,13.533904782971797,UNKNOWN,,UNKNOWN,UNKNOWN,FRESH,FRESH,0.11934648274305557,0.11934648274305557,FRESH,FRESH,0.0,0.0,FRESH,FRESH,false,"",00-0034869,Sam Darnold,depth_chart,0.9,HIGH,,0.0,false,true,00-0037834,Brock Purdy,depth_chart,0.9,HIGH,,0.0,false,true,total,under,FanDuel,48.5,-110,0.5650385935947412,0.06503859359474118,0.07871004231723311,over,45.5,-110,DraftKings,0.5230894372771425,0.5,-0.001374710652727873,0.02308943727714252,true,7,2026-10-09T17:11:58.319340+00:00,0.216,ACTIVE,2026-10-09T17:57:11.300684+00:00,45.0,recommendation is within quote and pre-kickoff freshness limits,0.0,0.0,0.0,PASS,research signal only; current injury/personnel context is not fresh,true
2026,5,2026_05_DEN_LAC,2026-10-11,2026-10-11T20:05:00+00:00,DEN,LAC,-1.8430949798459473,42.739356487522045,PASS,PASS,LEAN,LEAN,false,"",true,injury feed unknown: current-week injury rows lack a timestamp column; LAC injury state unknown; DEN injury state unknown,false,injury feed unknown: current-week injury rows lack a timestamp column; LAC injury state unknown; DEN injury state unknown,false,"",false,BLOCKED,candidate falls in unvalidated or unreliable historical regimes,market:spread;side:spread:home;role:spread:underdog;confidence:50_55;edge:06_10;margin_environment:close;season_phase:middle,"",gaussian+logistic_moneyline,true,0.4030884611063283,12.958253982774625,13.533904782971797,UNKNOWN,,UNKNOWN,UNKNOWN,FRESH,FRESH,0.11934648274305557,0.11934648274305557,FRESH,FRESH,0.0,0.0,FRESH,FRESH,false,"",00-0036355,Justin Herbert,depth_chart,0.9,HIGH,,0.0,false,true,00-0039732,Bo Nix,depth_chart,0.9,HIGH,,0.0,false,true,spread,home,WynnBET,3.0,100,0.5389252522371678,0.06253040245176006,0.07785050447433561,away,-3.5,-102,BetRivers,0.44578735208121323,0.4826358742837298,-0.11716622430975421,-0.036848522202516554,true,7,2026-10-09T17:11:58.319340+00:00,0.216,ACTIVE,2026-10-09T17:57:11.300684+00:00,45.0,recommendation is within quote and pre-kickoff freshness limits,0.0,0.0,0.0,PASS,research signal only; current injury/personnel context is not fresh,true
2026,5,2026_05_CIN_MIA,2026-10-11,2026-10-11T17:00:00+00:00,CIN,MIA,-3.477616979972069,44.535089329163874,PASS,PASS,BET,BET,false,"",true,injury feed unknown: current-week injury rows lack a timestamp column; MIA injury state unknown; CIN injury state unknown,false,injury feed unknown: current-week injury rows lack a timestamp column; MIA injury state unknown; CIN injury state unknown,false,"",false,BLOCKED,candidate falls in unvalidated or unreliable historical regimes,market:total;side:total:over;confidence:55_58;edge:06_10;total_environment:middle;season_phase:middle,"",gaussian+logistic_moneyline,true,0.3426325478630216,12.958253982774625,13.533904782971797,UNKNOWN,,UNKNOWN,UNKNOWN,FRESH,FRESH,0.11934648274305557,0.11934648274305557,FRESH,FRESH,0.0,0.0,FRESH,FRESH,false,"",00-0038128,Malik Willis,depth_chart,0.9,HIGH,,0.0,false,true,00-0036442,Joe Burrow,depth_chart,0.9,HIGH,,0.0,false,true,total,over,DraftKings,42.5,-110,0.564131933790943,0.06413193379094295,0.07697914632816394,under,43.5,-112,BetMGM,0.46511116240120853,0.5077399380804954,-0.11961101402628382,-0.04262877567928691,true,7,2026-10-09T17:11:55.143869+00:00,0.269,ACTIVE,2026-10-09T17:57:11.300684+00:00,45.0,recommendation is within quote and pre-kickoff freshness limits,0.0,0.0,0.0,PASS,research signal only; current injury/personnel context is not fresh,true
2026,5,2026_05_DET_ARI,2026-10-11,2026-10-11T20:25:00+00:00,DET,ARI,-1.714138427084631,53.02038317137641,PASS,PASS,LEAN,LEAN,false,"",true,injury feed unknown: current-week injury rows lack a timestamp column; ARI injury state unknown; DET injury state unknown,false,injury feed unknown: current-week injury rows lack a timestamp column; ARI injury state unknown; DET injury state unknown,false,"",false,BLOCKED,candidate falls in unvalidated or unreliable historical regimes,market:total;side:total:under;confidence:50_55;edge:04_06;total_environment:high;season_phase:middle,"",gaussian+logistic_moneyline,true,0.4080140812208305,12.958253982774625,13.533904782971797,UNKNOWN,,UNKNOWN,UNKNOWN,FRESH,FRESH,0.11934648274305557,0.11934648274305557,FRESH,FRESH,0.0,0.0,FRESH,FRESH,false,"",00-0033119,Jacoby Brissett,depth_chart,0.9,HIGH,,0.0,false,true,00-0033106,Jared Goff,depth_chart,0.9,HIGH,,0.0,false,true,total,under,BetRivers,54.5,-105,0.5391302349793536,0.04996447116570252,0.05258760162635712,over,54.0,-112,WynnBET,0.4755607403073647,0.5043297540699689,-0.09983145584677389,-0.028769013762604212,true,7,2026-10-09T17:11:58.319340+00:00,0.216,ACTIVE,2026-10-09T17:57:11.300684+00:00,45.0,recommendation is within quote and pre-kickoff freshness limits,0.0,0.0,0.0,PASS,research signal only; current injury/personnel context is not fresh,true
2026,5,2026_05_PHI_JAX,2026-10-11,2026-10-11T13:30:00+00:00,PHI,JAX,6.457623973270756,42.96297851679992,PASS,PASS,BET,BET,false,"",true,injury feed unknown: current-week injury rows lack a timestamp column; JAX injury state unknown; PHI injury state unknown,false,injury feed unknown: current-week injury rows lack a timestamp column; JAX injury state unknown; PHI injury state unknown,false,"",false,BLOCKED,candidate falls in unvalidated or unreliable historical regimes,market:total;side:total:over;confidence:50_55;edge:04_06;total_environment:middle;season_phase:middle,"",gaussian+logistic_moneyline,true,0.7155599689926052,12.958253982774625,13.533904782971797,UNKNOWN,,UNKNOWN,UNKNOWN,FRESH,FRESH,0.11934648274305557,0.11934648274305557,FRESH,FRESH,0.0,0.0,FRESH,FRESH,false,"",00-0036971,Trevor Lawrence,depth_chart,0.9,HIGH,,0.0,false,true,00-0036389,Jalen Hurts,depth_chart,0.9,HIGH,,0.0,false,true,total,over,WynnBET,41.5,-109,0.5474341051870435,0.05065880206553697,0.04966722921185407,under,44.5,-110,FanDuel,0.5408138641656267,0.5,0.03246283158892371,0.04081386416562671,true,7,2026-10-09T17:11:58.319340+00:00,0.216,ACTIVE,2026-10-09T17:57:11.300684+00:00,45.0,recommendation is within quote and pre-kickoff freshness limits,0.0,0.0,0.0,PASS,research signal only; current injury/personnel context is not fresh,true
2026,5,2026_05_DEN_LAC,2026-10-11,2026-10-11T20:05:00+00:00,DEN,LAC,-1.8430949798459473,42.739356487522045,PASS,PASS,BET,BET,false,"",true,injury feed unknown: current-week injury rows lack a timestamp column; LAC injury state unknown; DEN injury state unknown,false,injury feed unknown: current-week injury rows lack a timestamp column; LAC injury state unknown; DEN injury state unknown,false,"",false,BLOCKED,candidate falls in unvalidated or unreliable historical regimes,market:total;side:total:under;confidence:50_55;edge:04_06;total_environment:middle;season_phase:middle,"",gaussian+logistic_moneyline,true,0.4030884611063283,12.958253982774625,13.533904782971797,UNKNOWN,,UNKNOWN,UNKNOWN,FRESH,FRESH,0.11934648274305557,0.11934648274305557,FRESH,FRESH,0.0,0.0,FRESH,FRESH,false,"",00-0036355,Justin Herbert,depth_chart,0.9,HIGH,,0.0,false,true,00-0039732,Bo Nix,depth_chart,0.9,HIGH,,0.0,false,true,total,under,FanDuel,44.5,-110,0.5473652536616711,0.0473652536616711,0.04497002971773578,over,41.5,-110,DraftKings,0.5408828418943533,0.5,0.032594516343765534,0.04088284189435332,true,7,2026-10-09T17:11:58.319340+00:00,0.216,ACTIVE,2026-10-09T17:57:11.300684+00:00,45.0,recommendation is within quote and pre-kickoff freshness limits,0.0,0.0,0.0,PASS,research signal only; current injury/personnel context is not fresh,true
2026,5,2026_05_PHI_JAX,2026-10-11,2026-10-11T13:30:00+00:00,PHI,JAX,6.457623973270756,42.96297851679992,PASS,PASS,LEAN,LEAN,false,"",true,injury feed unknown: current-week injury rows lack a timestamp column; JAX injury state unknown; PHI injury state unknown,false,injury feed unknown: current-week injury rows lack a timestamp column; JAX injury state unknown; PHI injury state unknown,false,"",false,BLOCKED,candidate falls in unvalidated or unreliable historical regimes,market:spread;side:spread:away;role:spread:underdog;confidence:50_55;edge:02_04;margin_environment:moderate;season_phase:middle,"",gaussian+logistic_moneyline,true,0.7155599689926052,12.958253982774625,13.533904782971797,UNKNOWN,,UNKNOWN,UNKNOWN,FRESH,FRESH,0.11934648274305557,0.11934648274305557,FRESH,FRESH,0.0,0.0,FRESH,FRESH,false,"",00-0036971,Trevor Lawrence,depth_chart,0.9,HIGH,,0.0,false,true,00-0036389,Jalen Hurts,depth_chart,0.9,HIGH,,0.0,false,true,spread,away,ActionNetwork book 49,7.5,-105,0.5286966610887877,0.039530897275136534,0.03221729069715673,home,-7.5,-108,BetRivers,0.47130333891121234,0.4956702459300312,-0.09230468061544284,-0.02436690701881883,true,7,2026-10-09T17:11:58.319340+00:00,0.216,ACTIVE,2026-10-09T17:57:11.300684+00:00,45.0,recommendation is within quote and pre-kickoff freshness limits,0.0,0.0,0.0,PASS,research signal only; current injury/personnel context is not fresh,true
